Date;Time;G;Tournament;Map;Mode;Opponent;;Vs. Opponent;VOD;Civ1;Civ2;Win;Mirror;Civ List;Picks;Wins;Win Rate;CDPS Score;Coast to Mountain;Total matches;217
05/03/2026;03:00 UTC;[Age of Empires II];Ogazjoker Professional League Champion Division [Ogazjoker Professional League/Champion Division];Coast to Mountain [Coast to Mountain];1v1;Shutazarquay [Shutazarquay (page does not exist)] [Mexico] [Mexico] [Malians] [Malians];<;DarkJosh89 [Mongols] [Mongols] [Chile] [Chile] [DarkJosh89 (page does not exist)];;Malians;Mongols;Mongols;FALSE;Armenians;3;0;0%;0,00;Coast to Mountain;;
04/03/2026;22:00 UTC;[Age of Empires II];Ogazjoker Professional League [Ogazjoker Professional League];Coast to Mountain [Coast to Mountain];1v1;Uzzi [Uzzi] [Mexico] [Mexico] [Berbers] [Berbers];>;Gali [Japanese] [Japanese] [Venezuela] [Venezuela] [Gali (page does not exist)];;Berbers;Japanese;Berbers;FALSE;Aztecs;2;1;50%;52,84;Coast to Mountain;;
01/03/2026;00:30 UTC;[Age of Empires II];Ogazjoker Professional League [Ogazjoker Professional League];Coast to Mountain [Coast to Mountain];1v1;LobodeLaNieve [LobodeLaNieve] [Mexico] [Mexico] [Hindustanis] [Hindustanis];<;Prisma09 [Mongols] [Mongols] [Argentina] [Argentina] [Prisma09];;Hindustanis;Mongols;Mongols;FALSE;Bengalis;5;3;60%;58,67;Coast to Mountain;;
21/02/2026;15:30 UTC;[Age of Empires II];Ogazjoker Professional League Champion Division [Ogazjoker Professional League/Champion Division];Coast to Mountain [Coast to Mountain];1v1;DarkJosh89 [DarkJosh89 (page does not exist)] [Chile] [Chile] [Georgians] [Georgians];<;Felipe besitos ricos [Mongols] [Mongols] [Chile] [Chile] [Felipe besitos ricos (page does not exist)];;Georgians;Mongols;Mongols;FALSE;Berbers;53;27;51%;65,06;Coast to Mountain;;
21/02/2026;02:00 UTC;[Age of Empires II];Ogazjoker Professional League Champion Division [Ogazjoker Professional League/Champion Division];Coast to Mountain [Coast to Mountain];1v1;Felipe besitos ricos [Felipe besitos ricos (page does not exist)] [Chile] [Chile] [Mongols] [Mongols];>;Black Monk [Georgians] [Georgians] [Argentina] [Argentina] [Black Monk (page does not exist)];;Mongols;Georgians;Mongols;FALSE;Bohemians;0;0;0%;0,00;Coast to Mountain;;
15/02/2026;17:30 UTC;[Age of Empires II];Ogazjoker Professional League [Ogazjoker Professional League];Coast to Mountain [Coast to Mountain];1v1;Caguamas [Caguamas (page does not exist)] [Mexico] [Mexico] [Persians] [Persians];<;Gali [Persians] [Persians] [Venezuela] [Venezuela] [Gali (page does not exist)];;Persians;Persians;Persians;TRUE;Britons;0;0;0%;0,00;Coast to Mountain;;
13/02/2026;23:00 UTC;[Age of Empires II];Ogazjoker Professional League [Ogazjoker Professional League];Coast to Mountain [Coast to Mountain];1v1;LobodeLaNieve [LobodeLaNieve] [Mexico] [Mexico] [Malay] [Malay];<;AboKeiTo [Georgians] [Georgians] [Chile] [Chile] [AboKeiTo];;Malay;Georgians;Georgians;FALSE;Bulgarians;4;2;50%;54,54;Coast to Mountain;;
12/02/2026;22:00 UTC;[Age of Empires II];Ogazjoker Professional League Champion Division [Ogazjoker Professional League/Champion Division];Coast to Mountain [Coast to Mountain];1v1;Pain [Pain (page does not exist)] [Chile] [Chile] [Georgians] [Georgians];<;ZARC [Berbers] [Berbers] [Chile] [Chile] [ZARC (page does not exist)];;Georgians;Berbers;Berbers;FALSE;Burgundians;1;0;0%;0,00;Coast to Mountain;;
09/02/2026;01:30 UTC;[Age of Empires II];Ogazjoker Professional League Champion Division [Ogazjoker Professional League/Champion Division];Coast to Mountain [Coast to Mountain];1v1;Jurgen [Jürgen (page does not exist)] [Chile] [Chile] [Malians] [Malians];>;Shutazarquay [Wu] [Wu] [Mexico] [Mexico] [Shutazarquay (page does not exist)];;Malians;Wu;Malians;FALSE;Burmese;6;2;33%;34,12;Coast to Mountain;;
08/02/2026;22:00 UTC;[Age of Empires II];Ogazjoker Professional League Champion Division [Ogazjoker Professional League/Champion Division];Coast to Mountain [Coast to Mountain];1v1;STeVeN [STeVeN (page does not exist)] [Colombia] [Colombia] [Japanese] [Japanese];<;Felipe besitos ricos [Georgians] [Georgians] [Chile] [Chile] [Felipe besitos ricos (page does not exist)];;Japanese;Georgians;Georgians;FALSE;Byzantines;17;9;53%;61,60;Coast to Mountain;;
08/02/2026;02:25 UTC;[Age of Empires II];Ogazjoker Professional League [Ogazjoker Professional League];Coast to Mountain [Coast to Mountain];1v1;Combito [Combito] [Mexico] [Mexico] [Persians] [Persians];>;Caguamas [Persians] [Persians] [Mexico] [Mexico] [Caguamas (page does not exist)];;Persians;Persians;Persians;TRUE;Celts;1;0;0%;0,00;Coast to Mountain;;
07/02/2026;23:00 UTC;[Age of Empires II];Ogazjoker Professional League Champion Division [Ogazjoker Professional League/Champion Division];Coast to Mountain [Coast to Mountain];1v1;Wallit000 [Wallit000 (page does not exist)] [Argentina] [Argentina] [Persians] [Persians];>;Tobi [Japanese] [Japanese] [Argentina] [Argentina] [Tobi (page does not exist)];;Persians;Japanese;Persians;FALSE;Chinese;13;9;69%;70,70;Coast to Mountain;;
06/02/2026;23:25 UTC;[Age of Empires II];Ogazjoker Professional League [Ogazjoker Professional League];Coast to Mountain [Coast to Mountain];1v1;AboKeiTo [AboKeiTo] [Chile] [Chile] [Persians] [Persians];<;Prisma09 [Persians] [Persians] [Argentina] [Argentina] [Prisma09];;Persians;Persians;Persians;TRUE;Cumans;5;2;40%;51,71;Coast to Mountain;;
31/10/2025;10:30 UTC;[Age of Empires II];Championnat Francophone: Saison 13 [Championnat Francophone/13];Coast to Mountain [Coast to Mountain];1v1;Benpat [Benpat (page does not exist)] [France] [France] [Italians] [Italians];<;Sitaux [Malay] [Malay] [France] [France] [Sitaux];;Italians;Malay;Malay;FALSE;Dravidians;5;0;0%;0,00;Coast to Mountain;;
26/10/2025;15:00 UTC;[Age of Empires II];Championnat Francophone: Saison 13 [Championnat Francophone/13];Coast to Mountain [Coast to Mountain];1v1;Benpat [Benpat (page does not exist)] [France] [France] [Italians] [Italians];<;nono12 [Berbers] [Berbers] [France] [France] [Nono12 (page does not exist)];;Italians;Berbers;Berbers;FALSE;Ethiopians;0;0;0%;0,00;Coast to Mountain;;
27/07/2025;12:00 UTC;[Age of Empires II];LingHe Cup [LingHe Cup];Coast to Mountain [Coast to Mountain];1v1;Z40 [Z40] [Taiwan] [Taiwan] [Lithuanians] [Lithuanians];>;Daniel [Georgians] [Georgians] [United States] [United States] [Daniel];(G3) [Watch VOD] [Watch VOD];Lithuanians;Georgians;Lithuanians;FALSE;Franks;2;1;50%;52,84;Coast to Mountain;;
21/07/2025;12:00 UTC;[Age of Empires II];LingHe Cup [LingHe Cup];Coast to Mountain [Coast to Mountain];1v1;DuDuZhu [DuDuZhu] [China] [China] [Berbers] [Berbers];<;Sora Kuma [Chinese] [Chinese] [Taiwan] [Taiwan] [Sora Kuma];(G2) [Watch VOD] [Watch VOD];Berbers;Chinese;Chinese;FALSE;Georgians;12;7;58%;63,24;Coast to Mountain;;
20/07/2025;14:30 UTC;[Age of Empires II];LingHe Cup [LingHe Cup];Coast to Mountain [Coast to Mountain];1v1;StrayDog [StrayDog] [China] [China] [Malians] [Malians];<;Blve [Persians] [Persians] [Taiwan] [Taiwan] [Blve (page does not exist)];(G4) [Watch VOD] [Watch VOD];Malians;Persians;Persians;FALSE;Goths;12;6;50%;58,15;Coast to Mountain;;
19/07/2025;12:00 UTC;[Age of Empires II];LingHe Cup [LingHe Cup];Coast to Mountain [Coast to Mountain];1v1;Youpudding [Youpudding] [Taiwan] [Taiwan] [Georgians] [Georgians];>;Rayz [Wu] [Wu] [Taiwan] [Taiwan] [Rayz];(G2) [Watch VOD] [Watch VOD];Georgians;Wu;Georgians;FALSE;Gurjaras;4;2;50%;54,54;Coast to Mountain;;
15/07/2025;13:40 UTC;[Age of Empires II];LingHe Cup [LingHe Cup];Coast to Mountain [Coast to Mountain];1v1;IBUYPOWER [IBUYPOWER] [China] [China] [Italians] [Italians];>;Bad Koala [Persians] [Persians] [China] [China] [Bad Koala];;Italians;Persians;Italians;FALSE;Hindustanis;7;1;14%;5,17;Coast to Mountain;;
16/03/2025;17:50 UTC;[Age of Empires II];The Garrison [The Garrison];Coast to Mountain [Coast to Mountain];1v1;Liereyy [Liereyy] [Austria] [Austria] [Goths] [Goths];<;Hera [Mongols] [Mongols] [Canada] [Canada] [Hera];(G1) [Watch VOD] [Watch VOD];Goths;Mongols;Mongols;FALSE;Huns;4;1;25%;18,43;Coast to Mountain;;
16/03/2025;13:10 UTC;[Age of Empires II];The Garrison: Amateur Event AoE2 1v1 [The Garrison/Amateur Event/AoE2/1v1];Coast to Mountain [Coast to Mountain];1v1;Running [Running] [Germany] [Germany] [Mongols] [Mongols];>;FreakinAndy [Persians] [Persians] [Austria] [Austria] [FreakinAndy];;Mongols;Persians;Mongols;FALSE;Incas;0;0;0%;0,00;Coast to Mountain;;
15/03/2025;21:10 UTC;[Age of Empires II];The Garrison: Amateur Event AoE2 1v1 [The Garrison/Amateur Event/AoE2/1v1];Coast to Mountain [Coast to Mountain];1v1;Mauseren [Mauseren (page does not exist)] [Denmark] [Denmark] [Lithuanians] [Lithuanians];<;Target331 [Berbers] [Berbers] [Germany] [Germany] [Target331];;Lithuanians;Berbers;Berbers;FALSE;Italians;7;4;57%;59,41;Coast to Mountain;;
15/03/2025;18:05 UTC;[Age of Empires II];The Garrison [The Garrison];Coast to Mountain [Coast to Mountain];1v1;Yo [Yo] [China] [China] [Goths] [Goths];>;Hera [Persians] [Persians] [Canada] [Canada] [Hera];(G3) [Watch VOD] [Watch VOD];Goths;Persians;Goths;FALSE;Japanese;42;20;48%;60,70;Coast to Mountain;;
15/03/2025;17:50 UTC;[Age of Empires II];The Garrison: Amateur Event AoE2 1v1 [The Garrison/Amateur Event/AoE2/1v1];Coast to Mountain [Coast to Mountain];1v1;Kiddo [Kiddo (page does not exist)] [France] [France] [Goths] [Goths];>;Lorhey [Armenians] [Armenians] [Germany] [Germany] [Lorhey (page does not exist)];;Goths;Armenians;Goths;FALSE;Jurchens;0;0;0%;0,00;Coast to Mountain;;
15/03/2025;13:00 UTC;[Age of Empires II];The Garrison: Amateur Event AoE2 1v1 [The Garrison/Amateur Event/AoE2/1v1];Coast to Mountain [Coast to Mountain];1v1;Mighty Space Fruit [Mighty Space Fruit (page does not exist)] [United States] [United States] [Armenians] [Armenians];<;Emil :D [Huns] [Huns] [Denmark] [Denmark] [Emil :D];;Armenians;Huns;Huns;FALSE;Khitans;0;0;0%;0,00;Coast to Mountain;;
15/03/2025;12:00 UTC;[Age of Empires II];The Garrison [The Garrison];Coast to Mountain [Coast to Mountain];1v1;TaToH [TaToH] [Spain] [Spain] [Persians] [Persians];<;TheViper [Berbers] [Berbers] [Norway] [Norway] [TheViper];(G4) [Watch VOD] [Watch VOD];Persians;Berbers;Berbers;FALSE;Khmer;4;2;50%;54,54;Coast to Mountain;;
13/03/2025;19:25 UTC;[Age of Empires II];The Garrison [The Garrison];Coast to Mountain [Coast to Mountain];1v1;TaToH [TaToH] [Spain] [Spain] [Lithuanians] [Lithuanians];<;Hera [Persians] [Persians] [Canada] [Canada] [Hera];(G1) [Watch VOD] [Watch VOD];Lithuanians;Persians;Persians;FALSE;Koreans;2;0;0%;0,00;Coast to Mountain;;
05/01/2025;22:00 UTC;[Age of Empires II];The Garrison: Qualifier [The Garrison/Qualifier];Coast to Mountain [Coast to Mountain];1v1;Vinchester [Vinchester] [Russia] [Russia] [Berbers] [Berbers];<;Hearttt [Persians] [Persians] [Peru] [Peru] [Hearttt];(G3) [Watch VOD] [Watch VOD];Berbers;Persians;Persians;FALSE;Lithuanians;25;13;52%;62,68;Coast to Mountain;;
05/01/2025;18:00 UTC;[Age of Empires II];The Garrison: Qualifier [The Garrison/Qualifier];Coast to Mountain [Coast to Mountain];1v1;Mihai06 [Mihai06] [Romania] [Romania] [Mongols] [Mongols];>;KingstoNe [Lithuanians] [Lithuanians] [Mexico] [Mexico] [KingstoNe];(G1) [Watch VOD] [Watch VOD];Mongols;Lithuanians;Mongols;FALSE;Magyars;0;0;0%;0,00;Coast to Mountain;;
05/01/2025;12:00 UTC;[Age of Empires II];The Garrison: Qualifier [The Garrison/Qualifier];Coast to Mountain [Coast to Mountain];1v1;FreakinAndy [FreakinAndy] [Austria] [Austria] [Persians] [Persians];<;TaToH [Georgians] [Georgians] [Spain] [Spain] [TaToH];;Persians;Georgians;Georgians;FALSE;Malay;14;7;50%;58,72;Coast to Mountain;;
04/01/2025;18:20 UTC;[Age of Empires II];The Garrison: Qualifier [The Garrison/Qualifier];Coast to Mountain [Coast to Mountain];1v1;Capoch [Capoch] [Argentina] [Argentina] [Malians] [Malians];<;Hearttt [Chinese] [Chinese] [Peru] [Peru] [Hearttt];;Malians;Chinese;Chinese;FALSE;Malians;53;27;51%;65,06;Coast to Mountain;;
04/01/2025;17:25 UTC;[Age of Empires II];The Garrison: Qualifier [The Garrison/Qualifier];Coast to Mountain [Coast to Mountain];1v1;KingstoNe [KingstoNe] [Mexico] [Mexico] [Byzantines] [Byzantines];>;Sebastian [Japanese] [Japanese] [Uruguay] [Uruguay] [Sebastian];;Byzantines;Japanese;Byzantines;FALSE;Mapuche;0;0;0%;0,00;Coast to Mountain;;
04/01/2025;17:10 UTC;[Age of Empires II];The Garrison: Qualifier [The Garrison/Qualifier];Coast to Mountain [Coast to Mountain];1v1;FreakinAndy [FreakinAndy] [Austria] [Austria] [Persians] [Persians];<;Barles [Berbers] [Berbers] [Poland] [Poland] [Barles];;Persians;Berbers;Berbers;FALSE;Mayans;0;0;0%;0,00;Coast to Mountain;;
04/01/2025;16:30 UTC;[Age of Empires II];The Garrison: Qualifier [The Garrison/Qualifier];Coast to Mountain [Coast to Mountain];1v1;Mihai06 [Mihai06] [Romania] [Romania] [Berbers] [Berbers];<;DauT [Goths] [Goths] [Serbia] [Serbia] [DauT];;Berbers;Goths;Goths;FALSE;Mongols;43;27;63%;76,09;Coast to Mountain;;
04/01/2025;15:15 UTC;[Age of Empires II];The Garrison: Qualifier [The Garrison/Qualifier];Coast to Mountain [Coast to Mountain];1v1;Jibatong [Jibatong] [China] [China] [Japanese] [Japanese];<;Nicov [Chinese] [Chinese] [Argentina] [Argentina] [Nicov];;Japanese;Chinese;Chinese;FALSE;Muisca;0;0;0%;0,00;Coast to Mountain;;
04/01/2025;15:05 UTC;[Age of Empires II];The Garrison: Qualifier [The Garrison/Qualifier];Coast to Mountain [Coast to Mountain];1v1;Margougou [Margougou] [France] [France] [Malians] [Malians];<;Capoch [Berbers] [Berbers] [Argentina] [Argentina] [Capoch];;Malians;Berbers;Berbers;FALSE;Persians;58;31;54%;68,17;Coast to Mountain;;
04/01/2025;15:00 UTC;[Age of Empires II];The Garrison: Qualifier [The Garrison/Qualifier];Coast to Mountain [Coast to Mountain];1v1;Prisma09 [Prisma09] [Argentina] [Argentina] [Malians] [Malians];<;DauT [Mongols] [Mongols] [Serbia] [Serbia] [DauT];;Malians;Mongols;Mongols;FALSE;Poles;2;1;50%;52,84;Coast to Mountain;;
04/01/2025;15:00 UTC;[Age of Empires II];The Garrison: Qualifier [The Garrison/Qualifier];Coast to Mountain [Coast to Mountain];1v1;saymyname [Saymyname] [Vietnam] [Vietnam] [Mongols] [Mongols];<;TaToH [Berbers] [Berbers] [Spain] [Spain] [TaToH];;Mongols;Berbers;Berbers;FALSE;Portuguese;6;4;67%;62,38;Coast to Mountain;;
04/01/2025;14:45 UTC;[Age of Empires II];The Garrison: Qualifier [The Garrison/Qualifier];Coast to Mountain [Coast to Mountain];1v1;Uzzi [Uzzi] [Mexico] [Mexico] [Berbers] [Berbers];<;Hearttt [Mongols] [Mongols] [Peru] [Peru] [Hearttt];;Berbers;Mongols;Mongols;FALSE;Puru;0;0;0%;0,00;Coast to Mountain;;
04/01/2025;14:45 UTC;[Age of Empires II];The Garrison: Qualifier [The Garrison/Qualifier];Coast to Mountain [Coast to Mountain];1v1;KingstoNe [KingstoNe] [Mexico] [Mexico] [Saracens] [Saracens];<;dogao [Japanese] [Japanese] [Brazil] [Brazil] [Dogao];;Saracens;Japanese;Japanese;FALSE;Romans;1;0;0%;0,00;Coast to Mountain;;
04/01/2025;14:45 UTC;[Age of Empires II];The Garrison: Qualifier [The Garrison/Qualifier];Coast to Mountain [Coast to Mountain];1v1;Ciskhan [Ciskhan] [France] [France] [Huns] [Huns];<;Mihai06 [Khmer] [Khmer] [Romania] [Romania] [Mihai06];;Huns;Khmer;Khmer;FALSE;Saracens;1;0;0%;0,00;Coast to Mountain;;
04/01/2025;14:35 UTC;[Age of Empires II];The Garrison: Qualifier [The Garrison/Qualifier];Coast to Mountain [Coast to Mountain];1v1;Daniel [Daniel] [United States] [United States] [Berbers] [Berbers];<;MbL [Persians] [Persians] [Norway] [Norway] [MbL];(G4) [Watch VOD] [Watch VOD];Berbers;Persians;Persians;FALSE;Shu;0;0;0%;0,00;Coast to Mountain;;
04/01/2025;13:00 UTC;[Age of Empires II];The Garrison: Qualifier [The Garrison/Qualifier];Coast to Mountain [Coast to Mountain];1v1;GoKu [GoKu] [Brazil] [Brazil] [Cumans] [Cumans];<;KingstoNe [Byzantines] [Byzantines] [Mexico] [Mexico] [KingstoNe];;Cumans;Byzantines;Byzantines;FALSE;Sicilians;0;0;0%;0,00;Coast to Mountain;;
04/01/2025;13:00 UTC;[Age of Empires II];The Garrison: Qualifier [The Garrison/Qualifier];Coast to Mountain [Coast to Mountain];1v1;Nezzar [Nezzar (page does not exist)] [Hong Kong] [Hong Kong] [Japanese] [Japanese];<;Sebastian [Persians] [Persians] [Uruguay] [Uruguay] [Sebastian];;Japanese;Persians;Persians;FALSE;Slavs;1;0;0%;0,00;Coast to Mountain;;
04/01/2025;13:00 UTC;[Age of Empires II];The Garrison: Qualifier [The Garrison/Qualifier];Coast to Mountain [Coast to Mountain];1v1;Lewis [Lewis] [United Kingdom] [United Kingdom] [Malians] [Malians];>;Dr.Kozmonot [Lithuanians] [Lithuanians] [Turkey] [Turkey] [Dr.Kozmonot];;Malians;Lithuanians;Malians;FALSE;Spanish;11;6;55%;60,48;Coast to Mountain;;
04/01/2025;13:00 UTC;[Age of Empires II];The Garrison: Qualifier [The Garrison/Qualifier];Coast to Mountain [Coast to Mountain];1v1;z40 [Z40] [Taiwan] [Taiwan] [Berbers] [Berbers];<;lyx [Byzantines] [Byzantines] [China] [China] [Lyx];;Berbers;Byzantines;Byzantines;FALSE;Tatars;1;0;0%;0,00;Coast to Mountain;;
04/01/2025;13:00 UTC;[Age of Empires II];The Garrison: Qualifier [The Garrison/Qualifier];Coast to Mountain [Coast to Mountain];1v1;ThunderboltX [ThunderboltX] [Bulgaria] [Bulgaria] [Lithuanians] [Lithuanians];<;Margougou [Persians] [Persians] [France] [France] [Margougou];;Lithuanians;Persians;Persians;FALSE;Teutons;1;0;0%;0,00;Coast to Mountain;;
22/12/2024;19:00 UTC;[Age of Empires II];T90 Titans League 4: Silver League [T90 Titans League/4/Silver League];Coast to Mountain [Coast to Mountain];1v1;repard [Repard] [Russia] [Russia] [Persians] [Persians];>;Biry [Malians] [Malians] [Argentina] [Argentina] [Biry];;Persians;Malians;Persians;FALSE;Tupi;0;0;0%;0,00;Coast to Mountain;;
21/12/2024;13:10 UTC;[Age of Empires II];T90 Titans League 4: Silver League [T90 Titans League/4/Silver League];Coast to Mountain [Coast to Mountain];1v1;StonePleaseAoE [StonePleaseAoE] [Germany] [Germany] [Japanese] [Japanese];>;DuDuZhu [Persians] [Persians] [China] [China] [DuDuZhu];;Japanese;Persians;Japanese;FALSE;Turks;0;0;0%;0,00;Coast to Mountain;;
20/12/2024;13:00 UTC;[Age of Empires II];T90 Titans League 4: Silver League [T90 Titans League/4/Silver League];Coast to Mountain [Coast to Mountain];1v1;Monoz [Monoz] [Argentina] [Argentina] [Berbers] [Berbers];<;saymyname [Mongols] [Mongols] [Vietnam] [Vietnam] [Saymyname];;Berbers;Mongols;Mongols;FALSE;Vietnamese;5;2;40%;51,71;Coast to Mountain;;
19/12/2024;20:00 UTC;[Age of Empires II];T90 Titans League 4: Silver League [T90 Titans League/4/Silver League];Coast to Mountain [Coast to Mountain];1v1;iBUYPOWER [IBUYPOWER] [China] [China] [Byzantines] [Byzantines];>;Lucho [Berbers] [Berbers] [Argentina] [Argentina] [Lucho];;Byzantines;Berbers;Byzantines;FALSE;Vikings;5;3;60%;58,67;Coast to Mountain;;
18/12/2024;16:20 UTC;[Age of Empires II];T90 Titans League 4: Silver League [T90 Titans League/4/Silver League];Coast to Mountain [Coast to Mountain];1v1;Twigg [Twigg] [Argentina] [Argentina] [Malians] [Malians];<;Lewis [Berbers] [Berbers] [United Kingdom] [United Kingdom] [Lewis];;Malians;Berbers;Berbers;FALSE;Wei;0;0;0%;0,00;Coast to Mountain;;
15/12/2024;16:10 UTC;[Age of Empires II];T90 Titans League 4: Silver League [T90 Titans League/4/Silver League];Coast to Mountain [Coast to Mountain];1v1;Gabi [Gabi] [Brazil] [Brazil] [Persians] [Persians];<;wide [Berbers] [Berbers] [Russia] [Russia] [Wide];;Persians;Berbers;Berbers;FALSE;Wu;2;0;0%;0,00;Coast to Mountain;;
14/12/2024;12:00 UTC;[Age of Empires II];T90 Titans League 4: Silver League [T90 Titans League/4/Silver League];Coast to Mountain [Coast to Mountain];1v1;AnTiDeMoN [AnTiDeMoN] [Brazil] [Brazil] [Bulgarians] [Bulgarians];<;Sora Kuma [Berbers] [Berbers] [Taiwan] [Taiwan] [Sora Kuma];;Bulgarians;Berbers;Berbers;FALSE;;;;;;Coast to Mountain;;
13/12/2024;18:30 UTC;[Age of Empires II];T90 Titans League 4: Silver League [T90 Titans League/4/Silver League];Coast to Mountain [Coast to Mountain];1v1;Andre_2i [Andre 2i (page does not exist)] [Romania] [Romania] [Malians] [Malians];<;Prisma09 [Georgians] [Georgians] [Argentina] [Argentina] [Prisma09];;Malians;Georgians;Georgians;FALSE;;;;;;Coast to Mountain;;
13/12/2024;17:00 UTC;[Age of Empires II];T90 Titans League 4: Silver League [T90 Titans League/4/Silver League];Coast to Mountain [Coast to Mountain];1v1;StonePleaseAoE [StonePleaseAoE] [Germany] [Germany] [Japanese] [Japanese];>;Uzzi [Berbers] [Berbers] [Mexico] [Mexico] [Uzzi];;Japanese;Berbers;Japanese;FALSE;;;;;;Coast to Mountain;;
13/12/2024;15:00 UTC;[Age of Empires II];T90 Titans League 4: Silver League [T90 Titans League/4/Silver League];Coast to Mountain [Coast to Mountain];1v1;The Illusionist [The Illusionist] [Slovakia] [Slovakia] [Malians] [Malians];<;iBUYPOWER [Persians] [Persians] [China] [China] [IBUYPOWER];;Malians;Persians;Persians;FALSE;;;;;;Coast to Mountain;;
13/12/2024;14:00 UTC;[Age of Empires II];T90 Titans League 4: Silver League [T90 Titans League/4/Silver League];Coast to Mountain [Coast to Mountain];1v1;GoKu [GoKu] [Brazil] [Brazil] [Cumans] [Cumans];>;Ciskhan [Lithuanians] [Lithuanians] [France] [France] [Ciskhan];;Cumans;Lithuanians;Cumans;FALSE;;;;;;Coast to Mountain;;
12/12/2024;16:00 UTC;[Age of Empires II];T90 Titans League 4: Silver League [T90 Titans League/4/Silver League];Coast to Mountain [Coast to Mountain];1v1;GUKI [GUKI] [Mexico] [Mexico] [Portuguese] [Portuguese];>;Thŕnh C? Qu?ng Tr? [Vietnamese] [Vietnamese] [Vietnam] [Vietnam] [Thŕnh C? Qu?ng Tr?];;Portuguese;Vietnamese;Portuguese;FALSE;;;;;;Coast to Mountain;;
11/12/2024;20:00 UTC;[Age of Empires II];T90 Titans League 4: Platinum Replacement Qualifier [T90 Titans League/4/Platinum Replacement Qualifier];Coast to Mountain [Coast to Mountain];1v1;Mihai06 [Mihai06] [Romania] [Romania] [Malians] [Malians];>;Vinchester [Persians] [Persians] [Russia] [Russia] [Vinchester];(G1) [Watch VOD] [Watch VOD];Malians;Persians;Malians;FALSE;;;;;;Coast to Mountain;;
11/12/2024;16:00 UTC;[Age of Empires II];T90 Titans League 4: Silver League [T90 Titans League/4/Silver League];Coast to Mountain [Coast to Mountain];1v1;Terz [Terz] [Germany] [Germany] [Japanese] [Japanese];<;Lewis [Georgians] [Georgians] [United Kingdom] [United Kingdom] [Lewis];;Japanese;Georgians;Georgians;FALSE;;;;;;Coast to Mountain;;
11/12/2024;15:00 UTC;[Age of Empires II];T90 Titans League 4: Platinum Replacement Qualifier [T90 Titans League/4/Platinum Replacement Qualifier];Coast to Mountain [Coast to Mountain];1v1;Kasva [Kasva] [Turkey] [Turkey] [Persians] [Persians];<;Vinchester [Berbers] [Berbers] [Russia] [Russia] [Vinchester];(G2) [Watch VOD] [Watch VOD];Persians;Berbers;Berbers;FALSE;;;;;;Coast to Mountain;;
11/12/2024;14:00 UTC;[Age of Empires II];T90 Titans League 4: Silver League [T90 Titans League/4/Silver League];Coast to Mountain [Coast to Mountain];1v1;DOOMSTER [DOOMSTER] [India] [India] [Japanese] [Japanese];>;Youpudding [Georgians] [Georgians] [Taiwan] [Taiwan] [Youpudding];;Japanese;Georgians;Japanese;FALSE;;;;;;Coast to Mountain;;
10/12/2024;21:00 UTC;[Age of Empires II];T90 Titans League 4: Silver League [T90 Titans League/4/Silver League];Coast to Mountain [Coast to Mountain];1v1;BL4CK [Bl4ck] [Argentina] [Argentina] [Malay] [Malay];<;Lucho [Lithuanians] [Lithuanians] [Argentina] [Argentina] [Lucho];;Malay;Lithuanians;Lithuanians;FALSE;;;;;;Coast to Mountain;;
10/12/2024;15:30 UTC;[Age of Empires II];T90 Titans League 4: Silver League [T90 Titans League/4/Silver League];Coast to Mountain [Coast to Mountain];1v1;DuDuZhu [DuDuZhu] [China] [China] [Bengalis] [Bengalis];>;Dr.Kozmonot [Mongols] [Mongols] [Turkey] [Turkey] [Dr.Kozmonot];;Bengalis;Mongols;Bengalis;FALSE;;;;;;Coast to Mountain;;
08/12/2024;18:45 UTC;[Age of Empires II];T90 Titans League 4: Silver League [T90 Titans League/4/Silver League];Coast to Mountain [Coast to Mountain];1v1;Eli [Eli] [United States] [United States] [Khmer] [Khmer];<;F1Re [Portuguese] [Portuguese] [Brazil] [Brazil] [F1Re];;Khmer;Portuguese;Portuguese;FALSE;;;;;;Coast to Mountain;;
08/12/2024;15:00 UTC;[Age of Empires II];T90 Titans League 4: Silver League [T90 Titans League/4/Silver League];Coast to Mountain [Coast to Mountain];1v1;BadBoy [BadBoy] [Vietnam] [Vietnam] [Hindustanis] [Hindustanis];<;TeMo [Mongols] [Mongols] [Morocco] [Morocco] [TeMo];;Hindustanis;Mongols;Mongols;FALSE;;;;;;Coast to Mountain;;
08/12/2024;15:00 UTC;[Age of Empires II];T90 Titans League 4: Silver League [T90 Titans League/4/Silver League];Coast to Mountain [Coast to Mountain];1v1;AboKeiTo [AboKeiTo] [Chile] [Chile] [Vikings] [Vikings];>;chart [Goths] [Goths] [Japan] [Japan] [Chart];;Vikings;Goths;Vikings;FALSE;;;;;;Coast to Mountain;;
08/12/2024;13:30 UTC;[Age of Empires II];T90 Titans League 4: Silver League [T90 Titans League/4/Silver League];Coast to Mountain [Coast to Mountain];1v1;Socksyy [Socksyy] [Australia] [Australia] [Byzantines] [Byzantines];<;Twigg [Vietnamese] [Vietnamese] [Argentina] [Argentina] [Twigg];;Byzantines;Vietnamese;Vietnamese;FALSE;;;;;;Coast to Mountain;;
08/12/2024;08:00 UTC;[Age of Empires II];T90 Titans League 4: Silver League [T90 Titans League/4/Silver League];Coast to Mountain [Coast to Mountain];1v1;Survivalist [Survivalist] [Canada] [Canada] [Byzantines] [Byzantines];<;Terz [Japanese] [Japanese] [Germany] [Germany] [Terz];;Byzantines;Japanese;Japanese;FALSE;;;;;;Coast to Mountain;;
07/12/2024;22:30 UTC;[Age of Empires II];T90 Titans League 4: Silver League [T90 Titans League/4/Silver League];Coast to Mountain [Coast to Mountain];1v1;BL4CK [Bl4ck] [Argentina] [Argentina] [Persians] [Persians];>;Tomate [Berbers] [Berbers] [Spain] [Spain] [Tomate];;Persians;Berbers;Persians;FALSE;;;;;;Coast to Mountain;;
07/12/2024;20:00 UTC;[Age of Empires II];T90 Titans League 4: Silver League [T90 Titans League/4/Silver League];Coast to Mountain [Coast to Mountain];1v1;The Illusionist [The Illusionist] [Slovakia] [Slovakia] [Goths] [Goths];<;Whitecourt [Persians] [Persians] [Chile] [Chile] [Whitecourt];;Goths;Persians;Persians;FALSE;;;;;;Coast to Mountain;;
07/12/2024;17:00 UTC;[Age of Empires II];T90 Titans League 4: Silver League [T90 Titans League/4/Silver League];Coast to Mountain [Coast to Mountain];1v1;hoi [Hoi (page does not exist)] [Austria] [Austria] [Goths] [Goths];<;St4rk [Malians] [Malians] [Brazil] [Brazil] [St4rk];;Goths;Malians;Malians;FALSE;;;;;;Coast to Mountain;;
07/12/2024;15:00 UTC;[Age of Empires II];T90 Titans League 4: Silver League [T90 Titans League/4/Silver League];Coast to Mountain [Coast to Mountain];1v1;Ubetnir [Ubetnir] [Turkey] [Turkey] [Hindustanis] [Hindustanis];<;m0re [Georgians] [Georgians] [Spain] [Spain] [M0re];;Hindustanis;Georgians;Georgians;FALSE;;;;;;Coast to Mountain;;
07/12/2024;15:00 UTC;[Age of Empires II];T90 Titans League 4: Silver League [T90 Titans League/4/Silver League];Coast to Mountain [Coast to Mountain];1v1;Solana [Solana (page does not exist)] [France] [France] [Goths] [Goths];>;Dennis [Hindustanis] [Hindustanis] [Hong Kong] [Hong Kong] [Dennis];;Goths;Hindustanis;Goths;FALSE;;;;;;Coast to Mountain;;
07/12/2024;14:00 UTC;[Age of Empires II];T90 Titans League 4: Silver League [T90 Titans League/4/Silver League];Coast to Mountain [Coast to Mountain];1v1;Argh [Argh] [Poland] [Poland] [Lithuanians] [Lithuanians];<;Youpudding [Persians] [Persians] [Taiwan] [Taiwan] [Youpudding];;Lithuanians;Persians;Persians;FALSE;;;;;;Coast to Mountain;;
07/12/2024;14:00 UTC;[Age of Empires II];T90 Titans League 4: Silver League [T90 Titans League/4/Silver League];Coast to Mountain [Coast to Mountain];1v1;Koala26 [Koala26 (page does not exist)] [Argentina] [Argentina] [Malians] [Malians];<;Thŕnh C? Qu?ng Tr? [Portuguese] [Portuguese] [Vietnam] [Vietnam] [Thŕnh C? Qu?ng Tr?];;Malians;Portuguese;Portuguese;FALSE;;;;;;Coast to Mountain;;
07/12/2024;13:00 UTC;[Age of Empires II];T90 Titans League 4: Silver League [T90 Titans League/4/Silver League];Coast to Mountain [Coast to Mountain];1v1;Kimbo [Kimbo (page does not exist)] [France] [France] [Malay] [Malay];<;wide [Lithuanians] [Lithuanians] [Russia] [Russia] [Wide];;Malay;Lithuanians;Lithuanians;FALSE;;;;;;Coast to Mountain;;
07/12/2024;02:00 UTC;[Age of Empires II];T90 Titans League 4: Silver League [T90 Titans League/4/Silver League];Coast to Mountain [Coast to Mountain];1v1;Godsprisoner [Godsprisoner (page does not exist)] [United States] [United States] [Malians] [Malians];<;Lucho [Lithuanians] [Lithuanians] [Argentina] [Argentina] [Lucho];;Malians;Lithuanians;Lithuanians;FALSE;;;;;;Coast to Mountain;;
06/12/2024;18:00 UTC;[Age of Empires II];T90 Titans League 4: Silver League [T90 Titans League/4/Silver League];Coast to Mountain [Coast to Mountain];1v1;Alive [Alive] [Brazil] [Brazil] [Malians] [Malians];<;Andre_2i [Bengalis] [Bengalis] [Romania] [Romania] [Andre 2i (page does not exist)];;Malians;Bengalis;Bengalis;FALSE;;;;;;Coast to Mountain;;
06/12/2024;16:00 UTC;[Age of Empires II];T90 Titans League 4: Silver League [T90 Titans League/4/Silver League];Coast to Mountain [Coast to Mountain];1v1;Nezzar [Nezzar (page does not exist)] [Hong Kong] [Hong Kong] [Japanese] [Japanese];>;Rayz [Goths] [Goths] [Taiwan] [Taiwan] [Rayz];;Japanese;Goths;Japanese;FALSE;;;;;;Coast to Mountain;;
06/12/2024;16:00 UTC;[Age of Empires II];T90 Titans League 4: Silver League [T90 Titans League/4/Silver League];Coast to Mountain [Coast to Mountain];1v1;Chopi [Chopi (page does not exist)] [Argentina] [Argentina] [Berbers] [Berbers];<;saymyname [Lithuanians] [Lithuanians] [Vietnam] [Vietnam] [Saymyname];;Berbers;Lithuanians;Lithuanians;FALSE;;;;;;Coast to Mountain;;
06/12/2024;03:30 UTC;[Age of Empires II];T90 Titans League 4: Silver League [T90 Titans League/4/Silver League];Coast to Mountain [Coast to Mountain];1v1;Lord Envidiates [Lord Envidiates] [Mexico] [Mexico] [Lithuanians] [Lithuanians];<;DuDuZhu [Goths] [Goths] [China] [China] [DuDuZhu];;Lithuanians;Goths;Goths;FALSE;;;;;;Coast to Mountain;;
05/12/2024;20:00 UTC;[Age of Empires II];T90 Titans League 4: Silver League [T90 Titans League/4/Silver League];Coast to Mountain [Coast to Mountain];1v1;Pela [Pela] [Argentina] [Argentina] [Malians] [Malians];>;GUKI [Franks] [Franks] [Mexico] [Mexico] [GUKI];;Malians;Franks;Malians;FALSE;;;;;;Coast to Mountain;;
04/12/2024;18:00 UTC;[Age of Empires II];T90 Titans League 4: Silver League [T90 Titans League/4/Silver League];Coast to Mountain [Coast to Mountain];1v1;Torpedo [Torpedo (page does not exist)] [United Kingdom] [United Kingdom] [Vikings] [Vikings];<;Prisma09 [Persians] [Persians] [Argentina] [Argentina] [Prisma09];;Vikings;Persians;Persians;FALSE;;;;;;Coast to Mountain;;
26/11/2024;10:30 UTC;[Age of Empires II];Kiritastrich Cup 2 [Kiritastrich Cup/2];Coast to Mountain [Coast to Mountain];1v1;OLADUSHEK [OLADUSHEK] [Belarus] [Belarus] [Persians] [Persians];<;Sueta [Chinese] [Chinese] [Russia] [Russia] [Sueta (page does not exist)];;Persians;Chinese;Chinese;FALSE;;;;;;Coast to Mountain;;
15/08/2024;20:00 UTC;[Age of Empires II];Ultra Small Maps Showmatch #7: Emu Warrior vs Mastyjames [T90Official/Show Match/Emu Warrior vs Mastyjames];Coast to Mountain [Coast to Mountain];1v1;Mastyjames [Mastyjames (page does not exist)] [United States] [United States] [Portuguese] [Portuguese];<;Emu Warrior [Berbers] [Berbers] [United States] [United States] [Emu Warrior (page does not exist)];[Watch VOD] [Watch VOD];Portuguese;Berbers;Berbers;FALSE;;;;;;Coast to Mountain;;
06/01/2024;17:00 UTC;[Age of Empires II];Rusaoc Cup 125: Final of the Year 2023 [Rusaoc Cup/125];Coast to Mountain [Coast to Mountain];1v1;classicpro [Classicpro] [Ukraine] [Ukraine] [Lithuanians] [Lithuanians];>;Vinchester [Slavs] [Slavs] [Russia] [Russia] [Vinchester];;Lithuanians;Slavs;Lithuanians;FALSE;;;;;;Coast to Mountain;;
05/01/2024;14:50 UTC;[Age of Empires II];Rusaoc Cup 125: Final of the Year 2023 [Rusaoc Cup/125];Coast to Mountain [Coast to Mountain];1v1;Sueta [Sueta (page does not exist)] [Russia] [Russia] [Vietnamese] [Vietnamese];<;OLADUSHEK [Lithuanians] [Lithuanians] [Belarus] [Belarus] [OLADUSHEK];;Vietnamese;Lithuanians;Lithuanians;FALSE;;;;;;Coast to Mountain;;
14/12/2023;18:30 UTC;[Age of Empires II];Road to Hidden Cup Italia - Autunno [Road to Hidden Cup Italia/Autunno];Coast to Mountain [Coast to Mountain];1v1;Vodka_L_ [Vodka L] [Italy] [Italy] [Malians] [Malians];<;Kamigawa [Mongols] [Mongols] [Italy] [Italy] [Kamigawa];(G3) [Watch VOD] [Watch VOD];Malians;Mongols;Mongols;FALSE;;;;;;Coast to Mountain;;
05/12/2023;20:00 UTC;[Age of Empires II];Road to Hidden Cup Italia - Autunno [Road to Hidden Cup Italia/Autunno];Coast to Mountain [Coast to Mountain];1v1;Italian Lawyer [Italian Lawyer (page does not exist)] [Italy] [Italy] [Japanese] [Japanese];<;Vodka_L_ [Mongols] [Mongols] [Italy] [Italy] [Vodka L];(G3) [Watch VOD] [Watch VOD];Japanese;Mongols;Mongols;FALSE;;;;;;Coast to Mountain;;
03/12/2023;15:00 UTC;[Age of Empires II];Cake Cup 3 [Cake Cup/3];Coast to Mountain [Coast to Mountain];1v1;repard [Repard] [Russia] [Russia] [Lithuanians] [Lithuanians];<;Vinchester [Malians] [Malians] [Russia] [Russia] [Vinchester];;Lithuanians;Malians;Malians;FALSE;;;;;;Coast to Mountain;;
03/12/2023;13:30 UTC;[Age of Empires II];Road to Hidden Cup Italia - Autunno [Road to Hidden Cup Italia/Autunno];Coast to Mountain [Coast to Mountain];1v1;Hellequinn [Sir Hellequinn (page does not exist)] [Armenians] [Armenians];<;Mettiu [Malians] [Malians] [Italy] [Italy] [Mettiu (page does not exist)];;Armenians;Malians;Malians;FALSE;;;;;;Coast to Mountain;;
01/12/2023;14:15 UTC;[Age of Empires II];Road to Hidden Cup Italia - Autunno [Road to Hidden Cup Italia/Autunno];Coast to Mountain [Coast to Mountain];1v1;RaiD [RaiD] [Italy] [Italy] [Hindustanis] [Hindustanis];<;nanimaren [Mongols] [Mongols] [Italy] [Italy] [Nanimaren];;Hindustanis;Mongols;Mongols;FALSE;;;;;;Coast to Mountain;;
30/11/2023;19:30 UTC;[Age of Empires II];Road to Hidden Cup Italia - Autunno [Road to Hidden Cup Italia/Autunno];Coast to Mountain [Coast to Mountain];1v1;Zuccolo [IKill UDie] [Italy] [Italy] [Malians] [Malians];<;Vodka_L_ [Malay] [Malay] [Italy] [Italy] [Vodka L];;Malians;Malay;Malay;FALSE;;;;;;Coast to Mountain;;
30/11/2023;14:00 UTC;[Age of Empires II];Road to Hidden Cup Italia - Autunno [Road to Hidden Cup Italia/Autunno];Coast to Mountain [Coast to Mountain];1v1;Killer_Storm_ [Killer Storm (page does not exist)] [Italy] [Italy] [Khmer] [Khmer];<;salsicciotto [Italians] [Italians] [Italy] [Italy] [Salsicciotto1999];;Khmer;Italians;Italians;FALSE;;;;;;Coast to Mountain;;
28/11/2023;14:00 UTC;[Age of Empires II];Cake Cup 3 [Cake Cup/3];Coast to Mountain [Coast to Mountain];1v1;wide [Wide] [Russia] [Russia] [Aztecs] [Aztecs];<;classicpro [Byzantines] [Byzantines] [Ukraine] [Ukraine] [Classicpro];;Aztecs;Byzantines;Byzantines;FALSE;;;;;;Coast to Mountain;;
27/11/2023;;[Age of Empires II];Road to Hidden Cup Italia - Autunno [Road to Hidden Cup Italia/Autunno];Coast to Mountain [Coast to Mountain];1v1;Sessagesi [Sessagesimale (page does not exist)] [Burmese] [Burmese];<;nanimaren [Mongols] [Mongols] [Italy] [Italy] [Nanimaren];;Burmese;Mongols;Mongols;FALSE;;;;;;Coast to Mountain;;
26/11/2023;14:00 UTC;[Age of Empires II];Road to Hidden Cup Italia - Autunno [Road to Hidden Cup Italia/Autunno];Coast to Mountain [Coast to Mountain];1v1;Carnage [Carnage (Italian player) (page does not exist)] [Italy] [Italy] [Byzantines] [Byzantines];>;Hellequinn [Dravidians] [Dravidians] [Sir Hellequinn (page does not exist)];(G4) [Watch VOD] [Watch VOD];Byzantines;Dravidians;Byzantines;FALSE;;;;;;Coast to Mountain;;
26/11/2023;12:30 UTC;[Age of Empires II];Cake Cup 3 [Cake Cup/3];Coast to Mountain [Coast to Mountain];1v1;wide [Wide] [Russia] [Russia] [Aztecs] [Aztecs];>;OLADUSHEK [Burmese] [Burmese] [Belarus] [Belarus] [OLADUSHEK];;Aztecs;Burmese;Aztecs;FALSE;;;;;;Coast to Mountain;;
25/11/2023;15:00 UTC;[Age of Empires II];Road to Hidden Cup Italia - Autunno [Road to Hidden Cup Italia/Autunno];Coast to Mountain [Coast to Mountain];1v1;Boom [Boom (page does not exist)] [Switzerland] [Switzerland] [Japanese] [Japanese];<;RaiD [Berbers] [Berbers] [Italy] [Italy] [RaiD];;Japanese;Berbers;Berbers;FALSE;;;;;;Coast to Mountain;;
25/11/2023;13:00 UTC;[Age of Empires II];Road to Hidden Cup Italia - Autunno [Road to Hidden Cup Italia/Autunno];Coast to Mountain [Coast to Mountain];1v1;AtomicMuff [AtomicMuffin (page does not exist)] [Japanese] [Japanese];<;01DarkDevil [Persians] [Persians] [Italy] [Italy] [01DarkDevil (page does not exist)];;Japanese;Persians;Persians;FALSE;;;;;;Coast to Mountain;;
24/11/2023;18:00 UTC;[Age of Empires II];Cake Cup 3 [Cake Cup/3];Coast to Mountain [Coast to Mountain];1v1;Good_Game [Good Game] [Russia] [Russia] [Celts] [Celts];<;repard [Spanish] [Spanish] [Russia] [Russia] [Repard];;Celts;Spanish;Spanish;FALSE;;;;;;Coast to Mountain;;
24/11/2023;17:00 UTC;[Age of Empires II];Cake Cup 3 [Cake Cup/3];Coast to Mountain [Coast to Mountain];1v1;IAnTaGoNiStI [IAnTaGoNiStI] [Russia] [Russia] [Romans] [Romans];<;classicpro [Malay] [Malay] [Ukraine] [Ukraine] [Classicpro];;Romans;Malay;Malay;FALSE;;;;;;Coast to Mountain;;
24/11/2023;14:00 UTC;[Age of Empires II];Road to Hidden Cup Italia - Autunno [Road to Hidden Cup Italia/Autunno];Coast to Mountain [Coast to Mountain];1v1;Boom [Boom (page does not exist)] [Switzerland] [Switzerland] [Malians] [Malians];<;Loris [Italians] [Italians] [Italy] [Italy] [Loris];;Malians;Italians;Italians;FALSE;;;;;;Coast to Mountain;;
23/11/2023;17:00 UTC;[Age of Empires II];Road to Hidden Cup Italia - Autunno [Road to Hidden Cup Italia/Autunno];Coast to Mountain [Coast to Mountain];1v1;Italian Law [Italian Lawyer (page does not exist)] [Lithuanians] [Lithuanians];>;Hellequinn [Koreans] [Koreans] [Sir Hellequinn (page does not exist)];;Lithuanians;Koreans;Lithuanians;FALSE;;;;;;Coast to Mountain;;
22/11/2023;17:00 UTC;[Age of Empires II];Road to Hidden Cup Italia - Autunno [Road to Hidden Cup Italia/Autunno];Coast to Mountain [Coast to Mountain];1v1;AtomicMuff [AtomicMuffin (page does not exist)] [Dravidians] [Dravidians];<;salsicciotto [Byzantines] [Byzantines] [Italy] [Italy] [Salsicciotto1999];;Dravidians;Byzantines;Byzantines;FALSE;;;;;;Coast to Mountain;;
21/11/2023;19:30 UTC;[Age of Empires II];Road to Hidden Cup Italia - Autunno [Road to Hidden Cup Italia/Autunno];Coast to Mountain [Coast to Mountain];1v1;Italian Law [Italian Lawyer (page does not exist)] [Japanese] [Japanese];>;Mettiu [Portuguese] [Portuguese] [Italy] [Italy] [Mettiu (page does not exist)];;Japanese;Portuguese;Japanese;FALSE;;;;;;Coast to Mountain;;
21/11/2023;19:15 UTC;[Age of Empires II];Road to Hidden Cup Italia - Autunno [Road to Hidden Cup Italia/Autunno];Coast to Mountain [Coast to Mountain];1v1;Null [Null (Italian player) (page does not exist)] [Italy] [Italy] [Japanese] [Japanese];<;Zuccolo [Malians] [Malians] [Italy] [Italy] [IKill UDie];;Japanese;Malians;Malians;FALSE;;;;;;Coast to Mountain;;
21/11/2023;14:00 UTC;[Age of Empires II];Road to Hidden Cup Italia - Autunno [Road to Hidden Cup Italia/Autunno];Coast to Mountain [Coast to Mountain];1v1;Pirate [Pirate (page does not exist)] [Italy] [Italy] [Malians] [Malians];<;Vodka_L_ [Italians] [Italians] [Italy] [Italy] [Vodka L];;Malians;Italians;Italians;FALSE;;;;;;Coast to Mountain;;
21/11/2023;11:00 UTC;[Age of Empires II];Road to Hidden Cup Italia - Autunno [Road to Hidden Cup Italia/Autunno];Coast to Mountain [Coast to Mountain];1v1;Pitt [Pitt (page does not exist)] [Italy] [Italy] [Byzantines] [Byzantines];<;Vodka_L_ [Malians] [Malians] [Italy] [Italy] [Vodka L];;Byzantines;Malians;Malians;FALSE;;;;;;Coast to Mountain;;
20/11/2023;19:30 UTC;[Age of Empires II];Road to Hidden Cup Italia - Autunno [Road to Hidden Cup Italia/Autunno];Coast to Mountain [Coast to Mountain];1v1;Italian Law [Italian Lawyer (page does not exist)] [Japanese] [Japanese];>;Carnage [Malians] [Malians] [Italy] [Italy] [Carnage (Italian player) (page does not exist)];;Japanese;Malians;Japanese;FALSE;;;;;;Coast to Mountain;;
19/11/2023;15:00 UTC;[Age of Empires II];Road to Hidden Cup Italia - Autunno [Road to Hidden Cup Italia/Autunno];Coast to Mountain [Coast to Mountain];1v1;01DarkDevil [01DarkDevil (page does not exist)] [Italy] [Italy] [Huns] [Huns];<;salsicciotto [Burmese] [Burmese] [Italy] [Italy] [Salsicciotto1999];(G3) [Watch VOD] [Watch VOD];Huns;Burmese;Burmese;FALSE;;;;;;Coast to Mountain;;
17/11/2023;20:00 UTC;[Age of Empires II];Road to Hidden Cup Italia - Autunno [Road to Hidden Cup Italia/Autunno];Coast to Mountain [Coast to Mountain];1v1;RaiD [RaiD] [Italy] [Italy] [Lithuanians] [Lithuanians];>;Loris [Berbers] [Berbers] [Italy] [Italy] [Loris];(G2) [Watch VOD] [Watch VOD];Lithuanians;Berbers;Lithuanians;FALSE;;;;;;Coast to Mountain;;
17/11/2023;17:00 UTC;[Age of Empires II];Road to Hidden Cup Italia - Autunno [Road to Hidden Cup Italia/Autunno];Coast to Mountain [Coast to Mountain];1v1;Eadkhan [Eadkhan (page does not exist)] [Italy] [Italy] [Dravidians] [Dravidians];<;Carnage [Japanese] [Japanese] [Italy] [Italy] [Carnage (Italian player) (page does not exist)];;Dravidians;Japanese;Japanese;FALSE;;;;;;Coast to Mountain;;
16/11/2023;17:00 UTC;[Age of Empires II];Road to Hidden Cup Italia - Autunno [Road to Hidden Cup Italia/Autunno];Coast to Mountain [Coast to Mountain];1v1;Kamigawa [Kamigawa] [Italy] [Italy] [Mongols] [Mongols];<;salsicciotto [Japanese] [Japanese] [Italy] [Italy] [Salsicciotto1999];(G4) [Watch VOD] [Watch VOD];Mongols;Japanese;Japanese;FALSE;;;;;;Coast to Mountain;;
16/11/2023;15:00 UTC;[Age of Empires II];Road to Hidden Cup Italia - Autunno [Road to Hidden Cup Italia/Autunno];Coast to Mountain [Coast to Mountain];1v1;Null [Null (Italian player) (page does not exist)] [Italy] [Italy] [Japanese] [Japanese];<;Pirate [Malians] [Malians] [Italy] [Italy] [Pirate (page does not exist)];;Japanese;Malians;Malians;FALSE;;;;;;Coast to Mountain;;
29/10/2023;15:30 UTC;[Age of Empires II];Inversus Cup [Inversus Cup];Coast to Mountain [Coast to Mountain];1v1;repard [Repard] [Russia] [Russia] [Cumans] [Cumans];<;classicpro [Spanish] [Spanish] [Ukraine] [Ukraine] [Classicpro];(G1) [Watch VOD] [Watch VOD];Cumans;Spanish;Spanish;FALSE;;;;;;Coast to Mountain;;
23/10/2023;15:20 UTC;[Age of Empires II];Cake Cup 3: Wildcard [Cake Cup/3/Wildcard];Coast to Mountain [Coast to Mountain];1v1;Wide [Wide] [Russia] [Russia] [Tatars] [Tatars];<;repard [Japanese] [Japanese] [Russia] [Russia] [Repard];;Tatars;Japanese;Japanese;FALSE;;;;;;Coast to Mountain;;
20/10/2023;10:00 UTC;[Age of Empires II];Cake Cup 3: Wildcard [Cake Cup/3/Wildcard];Coast to Mountain [Coast to Mountain];1v1;repard [Repard] [Russia] [Russia] [Malians] [Malians];<;Vinchester [Persians] [Persians] [Russia] [Russia] [Vinchester];;Malians;Persians;Persians;FALSE;;;;;;Coast to Mountain;;
19/10/2023;17:10 UTC;[Age of Empires II];Cake Cup 3: Wildcard [Cake Cup/3/Wildcard];Coast to Mountain [Coast to Mountain];1v1;OLADUSHEK [OLADUSHEK] [Belarus] [Belarus] [Gurjaras] [Gurjaras];>;Dench [Mongols] [Mongols] [Russia] [Russia] [Dench];;Gurjaras;Mongols;Gurjaras;FALSE;;;;;;Coast to Mountain;;
19/10/2023;16:00 UTC;[Age of Empires II];T90 Titans League 3: Platinum League [T90 Titans League/3/Platinum League];Coast to Mountain [Coast to Mountain];1v1;TheViper [TheViper] [Norway] [Norway] [Goths] [Goths];>;Hera [Persians] [Persians] [Canada] [Canada] [Hera];(G4) [Watch VOD] [Watch VOD];Goths;Persians;Goths;FALSE;;;;;;Coast to Mountain;;
17/10/2023;16:00 UTC;[Age of Empires II];T90 Titans League 3: Platinum League [T90 Titans League/3/Platinum League];Coast to Mountain [Coast to Mountain];1v1;TaToH [TaToH] [Spain] [Spain] [Japanese] [Japanese];<;ACCM [Malay] [Malay] [Vietnam] [Vietnam] [ACCM];(G2) [Watch VOD] [Watch VOD];Japanese;Malay;Malay;FALSE;;;;;;Coast to Mountain;;
17/10/2023;15:55 UTC;[Age of Empires II];Inversus Cup [Inversus Cup];Coast to Mountain [Coast to Mountain];1v1;IAnTaGoNiStI [IAnTaGoNiStI] [Russia] [Russia] [Spanish] [Spanish];<;classicpro [Gurjaras] [Gurjaras] [Ukraine] [Ukraine] [Classicpro];;Spanish;Gurjaras;Gurjaras;FALSE;;;;;;Coast to Mountain;;
16/10/2023;19:00 UTC;[Age of Empires II];T90 Titans League 3: Platinum League [T90 Titans League/3/Platinum League];Coast to Mountain [Coast to Mountain];1v1;FreakinAndy [FreakinAndy] [Austria] [Austria] [Chinese] [Chinese];<;TheViper [Vietnamese] [Vietnamese] [Norway] [Norway] [TheViper];(G2) [Watch VOD] [Watch VOD];Chinese;Vietnamese;Vietnamese;FALSE;;;;;;Coast to Mountain;;
15/10/2023;16:00 UTC;[Age of Empires II];T90 Titans League 3: Platinum League [T90 Titans League/3/Platinum League];Coast to Mountain [Coast to Mountain];1v1;dogao [Dogao] [Brazil] [Brazil] [Berbers] [Berbers];<;FreakinAndy [Malians] [Malians] [Austria] [Austria] [FreakinAndy];(G1) [Watch VOD] [Watch VOD];Berbers;Malians;Malians;FALSE;;;;;;Coast to Mountain;;
14/10/2023;16:00 UTC;[Age of Empires II];T90 Titans League 3: Platinum League [T90 Titans League/3/Platinum League];Coast to Mountain [Coast to Mountain];1v1;TaToH [TaToH] [Spain] [Spain] [Lithuanians] [Lithuanians];>;DauT [Goths] [Goths] [Serbia] [Serbia] [DauT];(G1) [Watch VOD] [Watch VOD];Lithuanians;Goths;Lithuanians;FALSE;;;;;;Coast to Mountain;;
11/10/2023;20:25 UTC;[Age of Empires II];T90 Titans League 3: Platinum League [T90 Titans League/3/Platinum League];Coast to Mountain [Coast to Mountain];1v1;dogao [Dogao] [Brazil] [Brazil] [Berbers] [Berbers];<;DracKeN [Mongols] [Mongols] [Czechia] [Czechia] [DracKeN];(G1) [Watch VOD] [Watch VOD];Berbers;Mongols;Mongols;FALSE;;;;;;Coast to Mountain;;
11/10/2023;17:00 UTC;[Age of Empires II];T90 Titans League 3: Platinum League [T90 Titans League/3/Platinum League];Coast to Mountain [Coast to Mountain];1v1;Sobek [Sobek] [Chile] [Chile] [Berbers] [Berbers];<;TaToH [Malians] [Malians] [Spain] [Spain] [TaToH];(G2) [Watch VOD] [Watch VOD];Berbers;Malians;Malians;FALSE;;;;;;Coast to Mountain;;
10/10/2023;;[Age of Empires II];Inversus Cup [Inversus Cup];Coast to Mountain [Coast to Mountain];1v1;Denchik_Ne_Lohx [Denchik Ne Lohx (page does not exist)] [Russia] [Russia] [Gurjaras] [Gurjaras];<;classicpro [Portuguese] [Portuguese] [Ukraine] [Ukraine] [Classicpro];;Gurjaras;Portuguese;Portuguese;FALSE;;;;;;Coast to Mountain;;
09/10/2023;18:00 UTC;[Age of Empires II];T90 Titans League 3: Platinum League [T90 Titans League/3/Platinum League];Coast to Mountain [Coast to Mountain];1v1;Lyx [Lyx] [China] [China] [Lithuanians] [Lithuanians];<;Daniel [Chinese] [Chinese] [United States] [United States] [Daniel];(G1) [Watch VOD] [Watch VOD];Lithuanians;Chinese;Chinese;FALSE;;;;;;Coast to Mountain;;
08/10/2023;18:00 UTC;[Age of Empires II];T90 Titans League 3: Platinum League [T90 Titans League/3/Platinum League];Coast to Mountain [Coast to Mountain];1v1;Liereyy [Liereyy] [Austria] [Austria] [Malians] [Malians];<;TheViper [Japanese] [Japanese] [Norway] [Norway] [TheViper];(G2) [Watch VOD] [Watch VOD];Malians;Japanese;Japanese;FALSE;;;;;;Coast to Mountain;;
08/10/2023;16:00 UTC;[Age of Empires II];T90 Titans League 3: Platinum League [T90 Titans League/3/Platinum League];Coast to Mountain [Coast to Mountain];1v1;DauT [DauT] [Serbia] [Serbia] [Japanese] [Japanese];<;Yo [Spanish] [Spanish] [China] [China] [Yo];(G2) [Watch VOD] [Watch VOD];Japanese;Spanish;Spanish;FALSE;;;;;;Coast to Mountain;;
07/10/2023;19:15 UTC;[Age of Empires II];T90 Titans League 3: Platinum League [T90 Titans League/3/Platinum League];Coast to Mountain [Coast to Mountain];1v1;miguel [Miguel] [Brazil] [Brazil] [Persians] [Persians];<;DracKeN [Malians] [Malians] [Czechia] [Czechia] [DracKeN];(G1) [Watch VOD] [Watch VOD];Persians;Malians;Malians;FALSE;;;;;;Coast to Mountain;;
30/09/2023;17:20 UTC;[Age of Empires II];T90 Titans League 3: Platinum League [T90 Titans League/3/Platinum League];Coast to Mountain [Coast to Mountain];1v1;Margougou [Margougou] [France] [France] [Japanese] [Japanese];<;DracKeN [Malians] [Malians] [Czechia] [Czechia] [DracKeN];(G1) [Watch VOD] [Watch VOD];Japanese;Malians;Malians;FALSE;;;;;;Coast to Mountain;;
24/09/2023;19:40 UTC;[Age of Empires II];T90 Titans League 3: Platinum League [T90 Titans League/3/Platinum League];Coast to Mountain [Coast to Mountain];1v1;classicpro [Classicpro] [Ukraine] [Ukraine] [Dravidians] [Dravidians];<;TaToH [Persians] [Persians] [Spain] [Spain] [TaToH];(G3) [Watch VOD] [Watch VOD];Dravidians;Persians;Persians;FALSE;;;;;;Coast to Mountain;;
24/09/2023;16:00 UTC;[Age of Empires II];T90 Titans League 3: Platinum League [T90 Titans League/3/Platinum League];Coast to Mountain [Coast to Mountain];1v1;Barles [Barles] [Poland] [Poland] [Persians] [Persians];>;Hera [Berbers] [Berbers] [Canada] [Canada] [Hera];(G3) [Watch VOD] [Watch VOD];Persians;Berbers;Persians;FALSE;;;;;;Coast to Mountain;;
23/09/2023;18:00 UTC;[Age of Empires II];T90 Titans League 3: Platinum League [T90 Titans League/3/Platinum League];Coast to Mountain [Coast to Mountain];1v1;Running [Running] [Germany] [Germany] [Persians] [Persians];<;Yo [Berbers] [Berbers] [China] [China] [Yo];(G3) [Watch VOD] [Watch VOD];Persians;Berbers;Berbers;FALSE;;;;;;Coast to Mountain;;
19/09/2023;20:15 UTC;[Age of Empires II];T90 Titans League 3: Platinum League [T90 Titans League/3/Platinum League];Coast to Mountain [Coast to Mountain];1v1;dogao [Dogao] [Brazil] [Brazil] [Malay] [Malay];>;miguel [Persians] [Persians] [Brazil] [Brazil] [Miguel];(G3) [Watch VOD] [Watch VOD];Malay;Persians;Malay;FALSE;;;;;;Coast to Mountain;;
17/09/2023;16:00 UTC;[Age of Empires II];T90 Titans League 3: Platinum League [T90 Titans League/3/Platinum League];Coast to Mountain [Coast to Mountain];1v1;DracKeN [DracKeN] [Czechia] [Czechia] [Persians] [Persians];<;Villese [Malians] [Malians] [Finland] [Finland] [Villese];(G1) [Watch VOD] [Watch VOD];Persians;Malians;Malians;FALSE;;;;;;Coast to Mountain;;
16/09/2023;17:20 UTC;[Age of Empires II];T90 Titans League 3: Platinum League [T90 Titans League/3/Platinum League];Coast to Mountain [Coast to Mountain];1v1;LaaaaaN [LaN] [Spain] [Spain] [Persians] [Persians];<;Barles [Japanese] [Japanese] [Poland] [Poland] [Barles];(G1) [Watch VOD] [Watch VOD];Persians;Japanese;Japanese;FALSE;;;;;;Coast to Mountain;;
12/09/2023;19:35 UTC;[Age of Empires II];T90 Titans League 3: Platinum League [T90 Titans League/3/Platinum League];Coast to Mountain [Coast to Mountain];1v1;Daniel [Daniel] [United States] [United States] [Japanese] [Japanese];<;Valas [Lithuanians] [Lithuanians] [Finland] [Finland] [Valas];(G1) [Watch VOD] [Watch VOD];Japanese;Lithuanians;Lithuanians;FALSE;;;;;;Coast to Mountain;;
12/09/2023;16:00 UTC;[Age of Empires II];T90 Titans League 3: Platinum League [T90 Titans League/3/Platinum League];Coast to Mountain [Coast to Mountain];1v1;Vivi [Vivi] [China] [China] [Berbers] [Berbers];<;Sobek [Mongols] [Mongols] [Chile] [Chile] [Sobek];(G2) [Watch VOD] [Watch VOD];Berbers;Mongols;Mongols;FALSE;;;;;;Coast to Mountain;;
11/09/2023;20:00 UTC;[Age of Empires II];T90 Titans League 3: Platinum League [T90 Titans League/3/Platinum League];Coast to Mountain [Coast to Mountain];1v1;Running [Running] [Germany] [Germany] [Mongols] [Mongols];<;DauT [Japanese] [Japanese] [Serbia] [Serbia] [DauT];(G2) [Watch VOD] [Watch VOD];Mongols;Japanese;Japanese;FALSE;;;;;;Coast to Mountain;;
10/09/2023;17:50 UTC;[Age of Empires II];T90 Titans League 3: Platinum League [T90 Titans League/3/Platinum League];Coast to Mountain [Coast to Mountain];1v1;DracKeN [DracKeN] [Czechia] [Czechia] [Malians] [Malians];<;ACCM [Mongols] [Mongols] [Vietnam] [Vietnam] [ACCM];(G1) [Watch VOD] [Watch VOD];Malians;Mongols;Mongols;FALSE;;;;;;Coast to Mountain;;
09/09/2023;16:00 UTC;[Age of Empires II];T90 Titans League 3: Platinum League [T90 Titans League/3/Platinum League];Coast to Mountain [Coast to Mountain];1v1;classicpro [Classicpro] [Ukraine] [Ukraine] [Malians] [Malians];<;Liereyy [Mongols] [Mongols] [Austria] [Austria] [Liereyy];(G3) [Watch VOD] [Watch VOD];Malians;Mongols;Mongols;FALSE;;;;;;Coast to Mountain;;
02/09/2023;17:00 UTC;[Age of Empires II];T90 Titans League 3: Gold League [T90 Titans League/3/Gold League];Coast to Mountain [Coast to Mountain];1v1;Sebastian [Sebastian] [Uruguay] [Uruguay] [Japanese] [Japanese];>;Nicov [Persians] [Persians] [Argentina] [Argentina] [Nicov];;Japanese;Persians;Japanese;FALSE;;;;;;Coast to Mountain;;
02/09/2023;14:00 UTC;[Age of Empires II];T90 Titans League 3: Gold League [T90 Titans League/3/Gold League];Coast to Mountain [Coast to Mountain];1v1;z40 [Z40] [Taiwan] [Taiwan] [Berbers] [Berbers];<;Hearttt [Persians] [Persians] [Peru] [Peru] [Hearttt];(G1) [Watch VOD] [Watch VOD];Berbers;Persians;Persians;FALSE;;;;;;Coast to Mountain;;
01/09/2023;17:00 UTC;[Age of Empires II];T90 Titans League 3: Gold League [T90 Titans League/3/Gold League];Coast to Mountain [Coast to Mountain];1v1;Vinchester [Vinchester] [Russia] [Russia] [Persians] [Persians];>;Capoch [Malians] [Malians] [Argentina] [Argentina] [Capoch];(G3) [Watch VOD] [Watch VOD];Persians;Malians;Persians;FALSE;;;;;;Coast to Mountain;;
01/09/2023;13:15 UTC;[Age of Empires II];T90 Titans League 3: Gold League [T90 Titans League/3/Gold League];Coast to Mountain [Coast to Mountain];1v1;z40 [Z40] [Taiwan] [Taiwan] [Malians] [Malians];<;Sebastian [Japanese] [Japanese] [Uruguay] [Uruguay] [Sebastian];(G2) [Watch VOD] [Watch VOD];Malians;Japanese;Japanese;FALSE;;;;;;Coast to Mountain;;
31/08/2023;19:00 UTC;[Age of Empires II];T90 Titans League 3: Gold League [T90 Titans League/3/Gold League];Coast to Mountain [Coast to Mountain];1v1;Nili [Nili] [Germany] [Germany] [Japanese] [Japanese];<;repard [Mongols] [Mongols] [Russia] [Russia] [Repard];(G1) [Watch VOD] [Watch VOD];Japanese;Mongols;Mongols;FALSE;;;;;;Coast to Mountain;;
31/08/2023;19:00 UTC;[Age of Empires II];T90 Titans League 3: Gold League [T90 Titans League/3/Gold League];Coast to Mountain [Coast to Mountain];1v1;Target331 [Target331] [Germany] [Germany] [Chinese] [Chinese];<;Hearttt [Persians] [Persians] [Peru] [Peru] [Hearttt];(G1) [Watch VOD] [Watch VOD];Chinese;Persians;Persians;FALSE;;;;;;Coast to Mountain;;
27/08/2023;18:30 UTC;[Age of Empires II];T90 Titans League 3: Gold League [T90 Titans League/3/Gold League];Coast to Mountain [Coast to Mountain];1v1;Dragonstar [The Dragonstar] [India] [India] [Japanese] [Japanese];<;slam [Malay] [Malay] [Canada] [Canada] [Slam];(G1) [Watch VOD] [Watch VOD];Japanese;Malay;Malay;FALSE;;;;;;Coast to Mountain;;
25/08/2023;12:00 UTC;[Age of Empires II];T90 Titans League 3: Gold League [T90 Titans League/3/Gold League];Coast to Mountain [Coast to Mountain];1v1;z40 [Z40] [Taiwan] [Taiwan] [Malians] [Malians];>;El_Matador [Mongols] [Mongols] [Germany] [Germany] [El Matador];(G3) [Watch VOD] [Watch VOD];Malians;Mongols;Malians;FALSE;;;;;;Coast to Mountain;;
23/08/2023;16:00 UTC;[Age of Empires II];T90 Titans League 3: Gold League [T90 Titans League/3/Gold League];Coast to Mountain [Coast to Mountain];1v1;Overtaken [Overtaken] [Estonia] [Estonia] [Berbers] [Berbers];>;Dragonstar [Mongols] [Mongols] [India] [India] [The Dragonstar];(G2) [Watch VOD] [Watch VOD];Berbers;Mongols;Berbers;FALSE;;;;;;Coast to Mountain;;
23/08/2023;12:00 UTC;[Age of Empires II];T90 Titans League 3: Gold League [T90 Titans League/3/Gold League];Coast to Mountain [Coast to Mountain];1v1;El_Matador [El Matador] [Germany] [Germany] [Byzantines] [Byzantines];<;Target331 [Malians] [Malians] [Germany] [Germany] [Target331];(G1) [Watch VOD] [Watch VOD];Byzantines;Malians;Malians;FALSE;;;;;;Coast to Mountain;;
21/08/2023;18:00 UTC;[Age of Empires II];T90 Titans League 3: Gold League [T90 Titans League/3/Gold League];Coast to Mountain [Coast to Mountain];1v1;Target331 [Target331] [Germany] [Germany] [Chinese] [Chinese];<;Nicov [Japanese] [Japanese] [Argentina] [Argentina] [Nicov];(G2) [Watch VOD] [Watch VOD];Chinese;Japanese;Japanese;FALSE;;;;;;Coast to Mountain;;
19/08/2023;15:00 UTC;[Age of Empires II];T90 Titans League 3: Gold League [T90 Titans League/3/Gold League];Coast to Mountain [Coast to Mountain];1v1;El_Matador [El Matador] [Germany] [Germany] [Byzantines] [Byzantines];>;Sebastian [Persians] [Persians] [Uruguay] [Uruguay] [Sebastian];;Byzantines;Persians;Byzantines;FALSE;;;;;;Coast to Mountain;;
18/08/2023;23:00 UTC;[Age of Empires II];T90 Titans League 3: Gold League [T90 Titans League/3/Gold League];Coast to Mountain [Coast to Mountain];1v1;St4rk [St4rk] [Brazil] [Brazil] [Japanese] [Japanese];<;slam [Malians] [Malians] [Canada] [Canada] [Slam];(G2) [Watch VOD] [Watch VOD];Japanese;Malians;Malians;FALSE;;;;;;Coast to Mountain;;
18/08/2023;17:00 UTC;[Age of Empires II];T90 Titans League 3: Gold League [T90 Titans League/3/Gold League];Coast to Mountain [Coast to Mountain];1v1;Hearttt [Hearttt] [Peru] [Peru] [Malians] [Malians];>;Sebastian [Mongols] [Mongols] [Uruguay] [Uruguay] [Sebastian];(G3) [Watch VOD] [Watch VOD];Malians;Mongols;Malians;FALSE;;;;;;Coast to Mountain;;
18/08/2023;11:00 UTC;[Age of Empires II];T90 Titans League 3: Gold League [T90 Titans League/3/Gold League];Coast to Mountain [Coast to Mountain];1v1;z40 [Z40] [Taiwan] [Taiwan] [Berbers] [Berbers];>;Target331 [Mongols] [Mongols] [Germany] [Germany] [Target331];;Berbers;Mongols;Berbers;FALSE;;;;;;Coast to Mountain;;
16/08/2023;18:45 UTC;[Age of Empires II];T90 Titans League 3: Gold League [T90 Titans League/3/Gold League];Coast to Mountain [Coast to Mountain];1v1;Fedex [Fedex] [Argentina] [Argentina] [Malians] [Malians];<;Nili [Japanese] [Japanese] [Germany] [Germany] [Nili];(G2) [Watch VOD] [Watch VOD];Malians;Japanese;Japanese;FALSE;;;;;;Coast to Mountain;;
14/08/2023;14:15 UTC;[Age of Empires II];The Champions Invitational [The Champions Invitational];Coast to Mountain [Coast to Mountain];1v1;Hera [Hera] [Canada] [Canada] [Berbers] [Berbers];>;TaToH [Burgundians] [Burgundians] [Spain] [Spain] [TaToH];;Berbers;Burgundians;Berbers;FALSE;;;;;;Coast to Mountain;;
13/08/2023;12:00 UTC;[Age of Empires II];T90 Titans League 3: Gold League [T90 Titans League/3/Gold League];Coast to Mountain [Coast to Mountain];1v1;Cyclops [Cyclops] [Turkey] [Turkey] [Malians] [Malians];>;Mihai06 [Berbers] [Berbers] [Romania] [Romania] [Mihai06];;Malians;Berbers;Malians;FALSE;;;;;;Coast to Mountain;;
12/08/2023;16:00 UTC;[Age of Empires II];T90 Titans League 3: Gold League [T90 Titans League/3/Gold League];Coast to Mountain [Coast to Mountain];1v1;Yax [Yasin] [Turkey] [Turkey] [Berbers] [Berbers];<;Mihai06 [Mongols] [Mongols] [Romania] [Romania] [Mihai06];;Berbers;Mongols;Mongols;FALSE;;;;;;Coast to Mountain;;
10/08/2023;17:00 UTC;[Age of Empires II];T90 Titans League 3: Gold League [T90 Titans League/3/Gold League];Coast to Mountain [Coast to Mountain];1v1;El_Matador [El Matador] [Germany] [Germany] [Byzantines] [Byzantines];<;Nicov [Berbers] [Berbers] [Argentina] [Argentina] [Nicov];;Byzantines;Berbers;Berbers;FALSE;;;;;;Coast to Mountain;;
10/08/2023;17:00 UTC;[Age of Empires II];T90 Titans League 3: Gold League [T90 Titans League/3/Gold League];Coast to Mountain [Coast to Mountain];1v1;Target331 [Target331] [Germany] [Germany] [Malians] [Malians];<;Sebastian [Persians] [Persians] [Uruguay] [Uruguay] [Sebastian];;Malians;Persians;Persians;FALSE;;;;;;Coast to Mountain;;
09/08/2023;14:00 UTC;[Age of Empires II];The Champions Invitational [The Champions Invitational];Coast to Mountain [Coast to Mountain];1v1;TheViper [TheViper] [Norway] [Norway] [Persians] [Persians];<;Vinchester [Berbers] [Berbers] [Russia] [Russia] [Vinchester];(G2) [Watch VOD] [Watch VOD];Persians;Berbers;Berbers;FALSE;;;;;;Coast to Mountain;;
07/08/2023;14:00 UTC;[Age of Empires II];The Champions Invitational [The Champions Invitational];Coast to Mountain [Coast to Mountain];1v1;Yo [Yo] [China] [China] [Berbers] [Berbers];>;TaToH [Japanese] [Japanese] [Spain] [Spain] [TaToH];(G3) [Watch VOD] [Watch VOD];Berbers;Japanese;Berbers;FALSE;;;;;;Coast to Mountain;;
25/06/2023;17:30 UTC;[Age of Empires II];Copa Supremacía 2 [Copa Supremacia/2];Coast to Mountain [Coast to Mountain];1v1;Gabi [Gabi] [Brazil] [Brazil] [Persians] [Persians];<;LaaaaaN [Berbers] [Berbers] [Spain] [Spain] [LaN];;Persians;Berbers;Berbers;FALSE;;;;;;Coast to Mountain;;
11/06/2023;17:00 UTC;[Age of Empires II];Copa Supremacía 2 [Copa Supremacia/2];Coast to Mountain [Coast to Mountain];1v1;Bazing hood [Bazing hood (page does not exist)] [Spain] [Spain] [Persians] [Persians];<;Gauss [Berbers] [Berbers] [Spain] [Spain] [Gauss (page does not exist)];;Persians;Berbers;Berbers;FALSE;;;;;;Coast to Mountain;;
11/06/2023;15:00 UTC;[Age of Empires II];Copa Supremacía 2 [Copa Supremacia/2];Coast to Mountain [Coast to Mountain];1v1;Poxo [Poxo] [Spain] [Spain] [Berbers] [Berbers];<;Gabi [Mongols] [Mongols] [Brazil] [Brazil] [Gabi];;Berbers;Mongols;Mongols;FALSE;;;;;;Coast to Mountain;;
10/06/2023;15:00 UTC;[Age of Empires II];Copa Supremacía 2 [Copa Supremacia/2];Coast to Mountain [Coast to Mountain];1v1;c3mbrich [C3mbrich] [Spain] [Spain] [Persians] [Persians];>;Barrufet [Japanese] [Japanese] [Spain] [Spain] [Barrufet (page does not exist)];;Persians;Japanese;Persians;FALSE;;;;;;Coast to Mountain;;
08/06/2023;18:30 UTC;[Age of Empires II];Copa Supremacía 2 [Copa Supremacia/2];Coast to Mountain [Coast to Mountain];1v1;Gauss [Gauss (page does not exist)] [Spain] [Spain] [Berbers] [Berbers];<;LaaaaaN [Spanish] [Spanish] [Spain] [Spain] [LaN];;Berbers;Spanish;Spanish;FALSE;;;;;;Coast to Mountain;;
03/06/2023;18:30 UTC;[Age of Empires II];Copa Supremacía 2: Qualifier [Copa Supremacia/2/Qualifier];Coast to Mountain [Coast to Mountain];1v1;deLmas [DeLmas (page does not exist)] [Spain] [Spain] [Malay] [Malay];<;PoXoLo [Mongols] [Mongols] [Spain] [Spain] [PoXoLo];;Malay;Mongols;Mongols;FALSE;;;;;;Coast to Mountain;;
02/06/2023;17:00 UTC;[Age of Empires II];Copa Supremacía 2: Qualifier [Copa Supremacia/2/Qualifier];Coast to Mountain [Coast to Mountain];1v1;FirebirD [FirebirD (page does not exist)] [Spain] [Spain] [Byzantines] [Byzantines];<;deLmas [Berbers] [Berbers] [Spain] [Spain] [DeLmas (page does not exist)];;Byzantines;Berbers;Berbers;FALSE;;;;;;Coast to Mountain;;
24/04/2023;21:15 UTC;[Age of Empires II];Championnat Francophone VI [Championnat Francophone/6];Coast to Mountain [Coast to Mountain];1v1;Margougou [Margougou] [France] [France] [Persians] [Persians];>;Plp [Byzantines] [Byzantines] [France] [France] [PLP];;Persians;Byzantines;Persians;FALSE;;;;;;Coast to Mountain;;
23/04/2023;13:45 UTC;[Age of Empires II];Championnat Francophone VI [Championnat Francophone/6];Coast to Mountain [Coast to Mountain];1v1;Cl3m3nT [Cl3m3nT] [France] [France] [Spanish] [Spanish];<;Margougou [Persians] [Persians] [France] [France] [Margougou];;Spanish;Persians;Persians;FALSE;;;;;;Coast to Mountain;;
25/01/2023;19:15 UTC;[Age of Empires II];JorDan's Medieval Brawl Season 2 #1 [JorDan's Medieval Brawl/Season 2/1];Coast to Mountain [Coast to Mountain];1v1;TheViper [TheViper] [Norway] [Norway] [Lithuanians] [Lithuanians];<;Hera [Berbers] [Berbers] [Canada] [Canada] [Hera];(G4) [Watch VOD] [Watch VOD];Lithuanians;Berbers;Berbers;FALSE;;;;;;Coast to Mountain;;
25/01/2023;18:00 UTC;[Age of Empires II];JorDan's Medieval Brawl Season 2 #1 [JorDan's Medieval Brawl/Season 2/1];Coast to Mountain [Coast to Mountain];1v1;Vinchester [Vinchester] [Russia] [Russia] [Byzantines] [Byzantines];<;Hera [Hindustanis] [Hindustanis] [Canada] [Canada] [Hera];(G2) [Watch VOD] [Watch VOD];Byzantines;Hindustanis;Hindustanis;FALSE;;;;;;Coast to Mountain;;
25/01/2023;17:50 UTC;[Age of Empires II];JorDan's Medieval Brawl Season 2 #1 [JorDan's Medieval Brawl/Season 2/1];Coast to Mountain [Coast to Mountain];1v1;Daniel [Daniel] [United States] [United States] [Gurjaras] [Gurjaras];<;TheViper [Mongols] [Mongols] [Norway] [Norway] [TheViper];;Gurjaras;Mongols;Mongols;FALSE;;;;;;Coast to Mountain;;
25/01/2023;16:00 UTC;[Age of Empires II];JorDan's Medieval Brawl Season 2 #1 [JorDan's Medieval Brawl/Season 2/1];Coast to Mountain [Coast to Mountain];1v1;Daniel [Daniel] [United States] [United States] [Poles] [Poles];<;Sitaux [Berbers] [Berbers] [France] [France] [Sitaux];;Poles;Berbers;Berbers;FALSE;;;;;;Coast to Mountain;;
25/09/2022;13:10 UTC;[Age of Empires II];Gamers Assembly: Summer Edition 2022 [Gamers Assembly/Summer Edition/2022];Coast to Mountain [Coast to Mountain];1v1;PLP [PLP] [France] [France] [Malians] [Malians];<;Margougou [Persians] [Persians] [France] [France] [Margougou];;Malians;Persians;Persians;FALSE;;;;;;Coast to Mountain;;
25/09/2022;11:55 UTC;[Age of Empires II];Gamers Assembly: Summer Edition 2022 [Gamers Assembly/Summer Edition/2022];Coast to Mountain [Coast to Mountain];1v1;Lighty [Lighty] [France] [France] [Mongols] [Mongols];<;Melo [Persians] [Persians] [France] [France] [Melo (page does not exist)];;Mongols;Persians;Persians;FALSE;;;;;;Coast to Mountain;;
24/09/2022;17:00 UTC;[Age of Empires II];Gamers Assembly: Summer Edition 2022 [Gamers Assembly/Summer Edition/2022];Coast to Mountain [Coast to Mountain];1v1;Wolf_silver [Wolf silver (page does not exist)] [France] [France] [Malay] [Malay];>;Matten [Vikings] [Vikings] [France] [France] [Matten (page does not exist)];;Malay;Vikings;Malay;FALSE;;;;;;Coast to Mountain;;
22/06/2022;19:00 UTC;[Age of Empires II];JorDan's Medieval Brawl Season 1 Finals [JorDan's Medieval Brawl/Season 1/Finals];Coast to Mountain [Coast to Mountain];1v1;Hera [Hera] [Canada] [Canada] [Hindustanis] [Hindustanis];<;Yo [Lithuanians] [Lithuanians] [China] [China] [Yo];(G2) [Watch VOD] [Watch VOD];Hindustanis;Lithuanians;Lithuanians;FALSE;;;;;;Coast to Mountain;;
22/06/2022;15:00 UTC;[Age of Empires II];JorDan's Medieval Brawl Season 1 Finals [JorDan's Medieval Brawl/Season 1/Finals];Coast to Mountain [Coast to Mountain];1v1;ACCM [ACCM] [Vietnam] [Vietnam] [Spanish] [Spanish];<;Yo [Lithuanians] [Lithuanians] [China] [China] [Yo];(G4) [Watch VOD] [Watch VOD];Spanish;Lithuanians;Lithuanians;FALSE;;;;;;Coast to Mountain;;
22/05/2022;16:00 UTC;[Age of Empires II];The Resurgence [The Resurgence];Coast to Mountain [Coast to Mountain];1v1;Villese [Villese] [Finland] [Finland] [Huns] [Huns];<;Yo [Poles] [Poles] [China] [China] [Yo];(G4) [Watch VOD] [Watch VOD];Huns;Poles;Poles;FALSE;;;;;;Coast to Mountain;;
20/05/2022;18:45 UTC;[Age of Empires II];The Resurgence [The Resurgence];Coast to Mountain [Coast to Mountain];1v1;miguel [Miguel] [Brazil] [Brazil] [Vikings] [Vikings];>;Villese [Bengalis] [Bengalis] [Finland] [Finland] [Villese];(G3) [Watch VOD] [Watch VOD];Vikings;Bengalis;Vikings;FALSE;;;;;;Coast to Mountain;;
13/05/2022;20:00 UTC;[Age of Empires II];The Resurgence [The Resurgence];Coast to Mountain [Coast to Mountain];1v1;JorDan_AoE [JorDan AoE] [Germany] [Germany] [Spanish] [Spanish];>;ACCM [Dravidians] [Dravidians] [Vietnam] [Vietnam] [ACCM];(G1) [Watch VOD] [Watch VOD];Spanish;Dravidians;Spanish;FALSE;;;;;;Coast to Mountain;;
13/05/2022;18:00 UTC;[Age of Empires II];The Resurgence [The Resurgence];Coast to Mountain [Coast to Mountain];1v1;Villese [Villese] [Finland] [Finland] [Cumans] [Cumans];<;TaToH [Bulgarians] [Bulgarians] [Spain] [Spain] [TaToH];(G1) [Watch VOD] [Watch VOD];Cumans;Bulgarians;Bulgarians;FALSE;;;;;;Coast to Mountain;;
13/05/2022;16:00 UTC;[Age of Empires II];The Resurgence [The Resurgence];Coast to Mountain [Coast to Mountain];1v1;DauT [DauT] [Serbia] [Serbia] [Bulgarians] [Bulgarians];>;Vinchester [Berbers] [Berbers] [Russia] [Russia] [Vinchester];(G1) [Watch VOD] [Watch VOD];Bulgarians;Berbers;Bulgarians;FALSE;;;;;;Coast to Mountain;;
13/05/2022;14:00 UTC;[Age of Empires II];The Resurgence [The Resurgence];Coast to Mountain [Coast to Mountain];1v1;Dark [Dark] [Russia] [Russia] [Bengalis] [Bengalis];>;Yo [Bulgarians] [Bulgarians] [China] [China] [Yo];(G1) [Watch VOD] [Watch VOD];Bengalis;Bulgarians;Bengalis;FALSE;;;;;;Coast to Mountain;;
08/05/2022;16:50 UTC;[Age of Empires II];The Resurgence [The Resurgence];Coast to Mountain [Coast to Mountain];1v1;SongSong [SongSong] [Vietnam] [Vietnam] [Malay] [Malay];<;ACCM [Persians] [Persians] [Vietnam] [Vietnam] [ACCM];(G3) [Watch VOD] [Watch VOD];Malay;Persians;Persians;FALSE;;;;;;Coast to Mountain;;
07/05/2022;16:15 UTC;[Age of Empires II];The Resurgence [The Resurgence];Coast to Mountain [Coast to Mountain];1v1;miguel [Miguel] [Brazil] [Brazil] [Cumans] [Cumans];>;Yo [Bengalis] [Bengalis] [China] [China] [Yo];(G4) [Watch VOD] [Watch VOD];Cumans;Bengalis;Cumans;FALSE;;;;;;Coast to Mountain;;
30/04/2022;16:55 UTC;[Age of Empires II];The Resurgence: Qualifier [The Resurgence/Qualifier];Coast to Mountain [Coast to Mountain];1v1;F1Re [F1Re] [Brazil] [Brazil] [Burmese] [Burmese];<;dogao [Japanese] [Japanese] [Brazil] [Brazil] [Dogao];;Burmese;Japanese;Japanese;FALSE;;;;;;Coast to Mountain;;
30/04/2022;15:50 UTC;[Age of Empires II];The Resurgence: Qualifier [The Resurgence/Qualifier];Coast to Mountain [Coast to Mountain];1v1;BadBoy [BadBoy] [Vietnam] [Vietnam] [Teutons] [Teutons];<;miguel [Burmese] [Burmese] [Brazil] [Brazil] [Miguel];;Teutons;Burmese;Burmese;FALSE;;;;;;Coast to Mountain;;
21/04/2022;18:30 UTC;[Age of Empires II];JorDan's Medieval Brawl Season 1 #2 [JorDan's Medieval Brawl/Season 1/2];Coast to Mountain [Coast to Mountain];1v1;Villese [Villese] [Finland] [Finland] [Berbers] [Berbers];<;ACCM [Malians] [Malians] [Vietnam] [Vietnam] [ACCM];(G5) [Watch VOD] [Watch VOD];Berbers;Malians;Malians;FALSE;;;;;;Coast to Mountain;;
21/04/2022;16:45 UTC;[Age of Empires II];JorDan's Medieval Brawl Season 1 #2 [JorDan's Medieval Brawl/Season 1/2];Coast to Mountain [Coast to Mountain];1v1;classicpro [Classicpro] [Ukraine] [Ukraine] [Koreans] [Koreans];<;ACCM [Persians] [Persians] [Vietnam] [Vietnam] [ACCM];;Koreans;Persians;Persians;FALSE;;;;;;Coast to Mountain;;
21/04/2022;15:00 UTC;[Age of Empires II];JorDan's Medieval Brawl Season 1 #2 [JorDan's Medieval Brawl/Season 1/2];Coast to Mountain [Coast to Mountain];1v1;miguel [Miguel] [Brazil] [Brazil] [Lithuanians] [Lithuanians];<;Villese [Berbers] [Berbers] [Finland] [Finland] [Villese];;Lithuanians;Berbers;Berbers;FALSE;;;;;;Coast to Mountain;;
21/04/2022;15:00 UTC;[Age of Empires II];JorDan's Medieval Brawl Season 1 #2 [JorDan's Medieval Brawl/Season 1/2];Coast to Mountain [Coast to Mountain];1v1;ACCM [ACCM] [Vietnam] [Vietnam] [Japanese] [Japanese];<;Sitaux [Chinese] [Chinese] [France] [France] [Sitaux];;Japanese;Chinese;Chinese;FALSE;;;;;;Coast to Mountain;;
21/04/2022;15:00 UTC;[Age of Empires II];JorDan's Medieval Brawl Season 1 #2 [JorDan's Medieval Brawl/Season 1/2];Coast to Mountain [Coast to Mountain];1v1;dogao [Dogao] [Brazil] [Brazil] [Persians] [Persians];<;classicpro [Byzantines] [Byzantines] [Ukraine] [Ukraine] [Classicpro];;Persians;Byzantines;Byzantines;FALSE;;;;;;Coast to Mountain;;
21/04/2022;15:00 UTC;[Age of Empires II];JorDan's Medieval Brawl Season 1 #2 [JorDan's Medieval Brawl/Season 1/2];Coast to Mountain [Coast to Mountain];1v1;TaToH [TaToH] [Spain] [Spain] [Malians] [Malians];>;Yo [Italians] [Italians] [China] [China] [Yo];(G1) [Watch VOD] [Watch VOD];Malians;Italians;Malians;FALSE;;;;;;Coast to Mountain;;
04/03/2022;17:00 UTC;[Age of Empires II];DauT vs TaToH Bo21 [DauT vs TaToH/6];Coast to Mountain [Coast to Mountain];1v1;TaToH [TaToH] [Spain] [Spain] [Malay] [Malay];<;DauT [Malians] [Malians] [Serbia] [Serbia] [DauT];[Watch VOD] [Watch VOD];Malay;Malians;Malians;FALSE;;;;;;Coast to Mountain;;
25/06/2021;09:00 UTC;[Age of Empires II];Championnat Francophone II [Championnat Francophone/2];Coast to Mountain [Coast to Mountain];1v1;c.salette [C.salette] [France] [France] [Chinese] [Chinese];<;LB10 [Mongols] [Mongols] [Austria] [Austria] [LB10];;Chinese;Mongols;Mongols;FALSE;;;;;;Coast to Mountain;;
21/06/2021;19:45 UTC;[Age of Empires II];Championnat Francophone II [Championnat Francophone/2];Coast to Mountain [Coast to Mountain];1v1;Margougou [Margougou] [France] [France] [Khmer] [Khmer];>;Harakiri [Vietnamese] [Vietnamese] [Morocco] [Morocco] [Harakiri (page does not exist)];;Khmer;Vietnamese;Khmer;FALSE;;;;;;Coast to Mountain;;
17/06/2021;08:30 UTC;[Age of Empires II];Championnat Francophone II [Championnat Francophone/2];Coast to Mountain [Coast to Mountain];1v1;TheSniper_AOE [TheSniper AOE] [France] [France] [Berbers] [Berbers];<;c.salette [Chinese] [Chinese] [France] [France] [C.salette];;Berbers;Chinese;Chinese;FALSE;;;;;;Coast to Mountain;;
10/06/2021;19:45 UTC;[Age of Empires II];Championnat Francophone II [Championnat Francophone/2];Coast to Mountain [Coast to Mountain];1v1;c.salette [C.salette] [France] [France] [Persians] [Persians];<;Margougou [Mongols] [Mongols] [France] [France] [Margougou];;Persians;Mongols;Mongols;FALSE;;;;;;Coast to Mountain;;
17/02/2019;13:00 UTC;[Age of Empires II];Nili's Apartment Cup 2 [Nili's Apartment Cup/2];Coast to Mountain [Coast to Mountain];1v1;TheViper [TheViper] [Norway] [Norway] [Spanish] [Spanish];>;TaToH [Mongols] [Mongols] [Spain] [Spain] [TaToH];(G4) [Watch VOD] [Watch VOD];Spanish;Mongols;Spanish;FALSE;;;;;;Coast to Mountain;;
16/02/2019;16:00 UTC;[Age of Empires II];Nili's Apartment Cup 2 [Nili's Apartment Cup/2];Coast to Mountain [Coast to Mountain];1v1;TaToH [TaToH] [Spain] [Spain] [Malians] [Malians];>;MbL40C [Malay] [Malay] [Norway] [Norway] [MbL];(G8) [Watch VOD] [Watch VOD];Malians;Malay;Malians;FALSE;;;;;;Coast to Mountain;;
14/02/2019;14:00 UTC;[Age of Empires II];Nili's Apartment Cup 2 [Nili's Apartment Cup/2];Coast to Mountain [Coast to Mountain];1v1;Nicov [Nicov] [Argentina] [Argentina] [Mongols] [Mongols];<;TaToH [Malians] [Malians] [Spain] [Spain] [TaToH];(G4) [Watch VOD] [Watch VOD];Mongols;Malians;Malians;FALSE;;;;;;Coast to Mountain;;
12/02/2019;15:30 UTC;[Age of Empires II];Nili's Apartment Cup 2 [Nili's Apartment Cup/2];Coast to Mountain [Coast to Mountain];1v1;TheViper [TheViper] [Norway] [Norway] [Berbers] [Berbers];<;Liereyy [Mongols] [Mongols] [Austria] [Austria] [Liereyy];(G3) [Watch VOD] [Watch VOD];Berbers;Mongols;Mongols;FALSE;;;;;;Coast to Mountain;;
10/02/2019;18:00 UTC;[Age of Empires II];Nili's Apartment Cup 2 [Nili's Apartment Cup/2];Coast to Mountain [Coast to Mountain];1v1;TaToH [TaToH] [Spain] [Spain] [Mongols] [Mongols];<;Liereyy [Malians] [Malians] [Austria] [Austria] [Liereyy];(G3) [Watch VOD] [Watch VOD];Mongols;Malians;Malians;FALSE;;;;;;Coast to Mountain;;
09/02/2019;15:30 UTC;[Age of Empires II];Nili's Apartment Cup 2 [Nili's Apartment Cup/2];Coast to Mountain [Coast to Mountain];1v1;F1Re [F1Re] [Brazil] [Brazil] [Burmese] [Burmese];<;MbL40C [Japanese] [Japanese] [Norway] [Norway] [MbL];(G3) [Watch VOD] [Watch VOD];Burmese;Japanese;Japanese;FALSE;;;;;;Coast to Mountain;;
09/02/2019;13:00 UTC;[Age of Empires II];Nili's Apartment Cup 2 [Nili's Apartment Cup/2];Coast to Mountain [Coast to Mountain];1v1;JorDan_23 [JorDan AoE] [Germany] [Germany] [Spanish] [Spanish];<;TaToH [Malians] [Malians] [Spain] [Spain] [TaToH];(G2) [Watch VOD] [Watch VOD];Spanish;Malians;Malians;FALSE;;;;;;Coast to Mountain;;
04/02/2019;17:00 UTC;[Age of Empires II];Nili's Apartment Cup 2 - Promo Showmatch - F1Re vs Nicov [Nili's Apartment Cup/2/Show Match/F1Re vs Nicov];Coast to Mountain [Coast to Mountain];1v1;Nicov [Nicov] [Argentina] [Argentina] [Mongols] [Mongols];<;F1Re [Chinese] [Chinese] [Brazil] [Brazil] [F1Re];(G5) [Watch VOD] [Watch VOD];Mongols;Chinese;Chinese;FALSE;;;;;;Coast to Mountain;;
30/01/2019;15:00 UTC;[Age of Empires II];Nili's Apartment Cup 2 - Promo Showmatch - BacT vs MbL [Nili's Apartment Cup/2/Show Match/BacT vs MbL];Coast to Mountain [Coast to Mountain];1v1;MbL [MbL] [Norway] [Norway] [Vikings] [Vikings];>;BacT [Spanish] [Spanish] [Vietnam] [Vietnam] [BacT];(G5) [Watch VOD] [Watch VOD];Vikings;Spanish;Vikings;FALSE;;;;;;Coast to Mountain;;
28/01/2019;15:00 UTC;[Age of Empires II];Nili's Apartment Cup 2 - Promo Showmatch - DauT vs F1Re [Nili's Apartment Cup/2/Show Match/DauT vs F1re];Coast to Mountain [Coast to Mountain];1v1;F1Re [F1Re] [Brazil] [Brazil] [Franks] [Franks];>;DauT [Mongols] [Mongols] [Serbia] [Serbia] [DauT];(G5) [Watch VOD] [Watch VOD];Franks;Mongols;Franks;FALSE;;;;;;Coast to Mountain;;
25/01/2019;15:00 UTC;[Age of Empires II];Nili's Apartment Cup 2 - Promo Showmatch - BacT vs TheViper [Nili's Apartment Cup/2/Show Match/BacT vs TheViper];Coast to Mountain [Coast to Mountain];1v1;TheViper [TheViper] [Norway] [Norway] [Mongols] [Mongols];<;BacT [Chinese] [Chinese] [Vietnam] [Vietnam] [BacT];(G4) [Watch VOD] [Watch VOD];Mongols;Chinese;Chinese;FALSE;;;;;;Coast to Mountain;;
;;;;;;;;;;;;;;;;;;;Coast to Mountain;;
;;;;;;;;;;;;;;;;;;;;;
;;;;;;;;;;;;;;;;;;;;;
;;;;;;;;;;;;;;;;;;;;;
;;;;;;;;;;;;;;;;;;;;;
;;;;;;;;;;;;;;;;;;;;;
;;;;;;;;;;;;;;;;;;;;;
;;;;;;;;;;;;;;;;;;;;;
;;;;;;;;;;;;;;;;;;;;;
;;;;;;;;;;;;;;;;;;;;;
;;;;;;;;;;;;;;;;;;;;;
;;;;;;;;;;;;;;;;;;;;;
;;;;;;;;;;;;;;;;;;;;;
;;;;;;;;;;;;;;;;;;;;;
;;;;;;;;;;;;;;;;;;;;;
;;;;;;;;;;;;;;;;;;;;;
;;;;;;;;;;;;;;;;;;;;;
;;;;;;;;;;;;;;;;;;;;;
;;;;;;;;;;;;;;;;;;;;;
;;;;;;;;;;;;;;;;;;;;;
;;;;;;;;;;;;;;;;;;;;;
;;;;;;;;;;;;;;;;;;;;;
;;;;;;;;;;;;;;;;;;;;;
;;;;;;;;;;;;;;;;;;;;;
;;;;;;;;;;;;;;;;;;;;;
;;;;;;;;;;;;;;;;;;;;;
;;;;;;;;;;;;;;;;;;;;;
;;;;;;;;;;;;;;;;;;;;;
;;;;;;;;;;;;;;;;;;;;;
;;;;;;;;;;;;;;;;;;;;;
;;;;;;;;;;;;;;;;;;;;;
;;;;;;;;;;;;;;;;;;;;;
;;;;;;;;;;;;;;;;;;;;;
;;;;;;;;;;;;;;;;;;;;;
;;;;;;;;;;;;;;;;;;;;;
;;;;;;;;;;;;;;;;;;;;;
;;;;;;;;;;;;;;;;;;;;;
;;;;;;;;;;;;;;;;;;;;;
;;;;;;;;;;;;;;;;;;;;;
;;;;;;;;;;;;;;;;;;;;;
;;;;;;;;;;;;;;;;;;;;;
;;;;;;;;;;;;;;;;;;;;;
;;;;;;;;;;;;;;;;;;;;;
;;;;;;;;;;;;;;;;;;;;;
;;;;;;;;;;;;;;;;;;;;;
;;;;;;;;;;;;;;;;;;;;;
;;;;;;;;;;;;;;;;;;;;;
;;;;;;;;;;;;;;;;;;;;;
;;;;;;;;;;;;;;;;;;;;;
;;;;;;;;;;;;;;;;;;;;;
;;;;;;;;;;;;;;;;;;;;;
;;;;;;;;;;;;;;;;;;;;;
;;;;;;;;;;;;;;;;;;;;;
;;;;;;;;;;;;;;;;;;;;;
;;;;;;;;;;;;;;;;;;;;;
;;;;;;;;;;;;;;;;;;;;;
;;;;;;;;;;;;;;;;;;;;;
;;;;;;;;;;;;;;;;;;;;;
;;;;;;;;;;;;;;;;;;;;;
;;;;;;;;;;;;;;;;;;;;;
;;;;;;;;;;;;;;;;;;;;;
;;;;;;;;;;;;;;;;;;;;;
;;;;;;;;;;;;;;;;;;;;;
;;;;;;;;;;;;;;;;;;;;;
;;;;;;;;;;;;;;;;;;;;;
;;;;;;;;;;;;;;;;;;;;;
;;;;;;;;;;;;;;;;;;;;;
;;;;;;;;;;;;;;;;;;;;;
;;;;;;;;;;;;;;;;;;;;;
;;;;;;;;;;;;;;;;;;;;;
;;;;;;;;;;;;;;;;;;;;;
;;;;;;;;;;;;;;;;;;;;;
;;;;;;;;;;;;;;;;;;;;;
;;;;;;;;;;;;;;;;;;;;;
;;;;;;;;;;;;;;;;;;;;;
;;;;;;;;;;;;;;;;;;;;;
;;;;;;;;;;;;;;;;;;;;;
;;;;;;;;;;;;;;;;;;;;;
;;;;;;;;;;;;;;;;;;;;;
;;;;;;;;;;;;;;;;;;;;;
;;;;;;;;;;;;;;;;;;;;;
;;;;;;;;;;;;;;;;;;;;;
;;;;;;;;;;;;;;;;;;;;;
;;;;;;;;;;;;;;;;;;;;;
;;;;;;;;;;;;;;;;;;;;;
;;;;;;;;;;;;;;;;;;;;;
;;;;;;;;;;;;;;;;;;;;;
;;;;;;;;;;;;;;;;;;;;;
;;;;;;;;;;;;;;;;;;;;;
;;;;;;;;;;;;;;;;;;;;;
;;;;;;;;;;;;;;;;;;;;;
;;;;;;;;;;;;;;;;;;;;;
;;;;;;;;;;;;;;;;;;;;;
;;;;;;;;;;;;;;;;;;;;;
;;;;;;;;;;;;;;;;;;;;;
;;;;;;;;;;;;;;;;;;;;;
;;;;;;;;;;;;;;;;;;;;;
;;;;;;;;;;;;;;;;;;;;;
;;;;;;;;;;;;;;;;;;;;;
;;;;;;;;;;;;;;;;;;;;;
;;;;;;;;;;;;;;;;;;;;;
;;;;;;;;;;;;;;;;;;;;;
;;;;;;;;;;;;;;;;;;;;;
;;;;;;;;;;;;;;;;;;;;;
;;;;;;;;;;;;;;;;;;;;;
;;;;;;;;;;;;;;;;;;;;;
;;;;;;;;;;;;;;;;;;;;;
;;;;;;;;;;;;;;;;;;;;;
;;;;;;;;;;;;;;;;;;;;;
;;;;;;;;;;;;;;;;;;;;;
;;;;;;;;;;;;;;;;;;;;;
;;;;;;;;;;;;;;;;;;;;;
;;;;;;;;;;;;;;;;;;;;;
;;;;;;;;;;;;;;;;;;;;;
;;;;;;;;;;;;;;;;;;;;;
;;;;;;;;;;;;;;;;;;;;;
;;;;;;;;;;;;;;;;;;;;;
;;;;;;;;;;;;;;;;;;;;;
;;;;;;;;;;;;;;;;;;;;;
;;;;;;;;;;;;;;;;;;;;;
;;;;;;;;;;;;;;;;;;;;;
;;;;;;;;;;;;;;;;;;;;;
;;;;;;;;;;;;;;;;;;;;;
;;;;;;;;;;;;;;;;;;;;;
;;;;;;;;;;;;;;;;;;;;;
;;;;;;;;;;;;;;;;;;;;;
;;;;;;;;;;;;;;;;;;;;;
;;;;;;;;;;;;;;;;;;;;;
;;;;;;;;;;;;;;;;;;;;;
;;;;;;;;;;;;;;;;;;;;;
;;;;;;;;;;;;;;;;;;;;;
;;;;;;;;;;;;;;;;;;;;;
;;;;;;;;;;;;;;;;;;;;;
;;;;;;;;;;;;;;;;;;;;;
;;;;;;;;;;;;;;;;;;;;;
;;;;;;;;;;;;;;;;;;;;;
;;;;;;;;;;;;;;;;;;;;;
;;;;;;;;;;;;;;;;;;;;;
;;;;;;;;;;;;;;;;;;;;;
;;;;;;;;;;;;;;;;;;;;;
;;;;;;;;;;;;;;;;;;;;;
;;;;;;;;;;;;;;;;;;;;;
;;;;;;;;;;;;;;;;;;;;;
;;;;;;;;;;;;;;;;;;;;;
;;;;;;;;;;;;;;;;;;;;;
;;;;;;;;;;;;;;;;;;;;;
;;;;;;;;;;;;;;;;;;;;;
;;;;;;;;;;;;;;;;;;;;;
;;;;;;;;;;;;;;;;;;;;;
;;;;;;;;;;;;;;;;;;;;;
;;;;;;;;;;;;;;;;;;;;;
;;;;;;;;;;;;;;;;;;;;;
;;;;;;;;;;;;;;;;;;;;;
;;;;;;;;;;;;;;;;;;;;;
;;;;;;;;;;;;;;;;;;;;;
;;;;;;;;;;;;;;;;;;;;;
;;;;;;;;;;;;;;;;;;;;;
;;;;;;;;;;;;;;;;;;;;;
;;;;;;;;;;;;;;;;;;;;;
;;;;;;;;;;;;;;;;;;;;;
;;;;;;;;;;;;;;;;;;;;;
;;;;;;;;;;;;;;;;;;;;;
;;;;;;;;;;;;;;;;;;;;;
;;;;;;;;;;;;;;;;;;;;;
;;;;;;;;;;;;;;;;;;;;;
;;;;;;;;;;;;;;;;;;;;;
;;;;;;;;;;;;;;;;;;;;;
;;;;;;;;;;;;;;;;;;;;;
;;;;;;;;;;;;;;;;;;;;;
;;;;;;;;;;;;;;;;;;;;;
;;;;;;;;;;;;;;;;;;;;;
;;;;;;;;;;;;;;;;;;;;;
;;;;;;;;;;;;;;;;;;;;;
;;;;;;;;;;;;;;;;;;;;;
;;;;;;;;;;;;;;;;;;;;;
;;;;;;;;;;;;;;;;;;;;;
;;;;;;;;;;;;;;;;;;;;;
;;;;;;;;;;;;;;;;;;;;;
;;;;;;;;;;;;;;;;;;;;;
;;;;;;;;;;;;;;;;;;;;;
;;;;;;;;;;;;;;;;;;;;;
;;;;;;;;;;;;;;;;;;;;;
;;;;;;;;;;;;;;;;;;;;;
;;;;;;;;;;;;;;;;;;;;;
;;;;;;;;;;;;;;;;;;;;;
;;;;;;;;;;;;;;;;;;;;;
;;;;;;;;;;;;;;;;;;;;;
;;;;;;;;;;;;;;;;;;;;;
;;;;;;;;;;;;;;;;;;;;;
;;;;;;;;;;;;;;;;;;;;;
;;;;;;;;;;;;;;;;;;;;;
;;;;;;;;;;;;;;;;;;;;;
;;;;;;;;;;;;;;;;;;;;;
;;;;;;;;;;;;;;;;;;;;;
;;;;;;;;;;;;;;;;;;;;;
;;;;;;;;;;;;;;;;;;;;;
;;;;;;;;;;;;;;;;;;;;;
;;;;;;;;;;;;;;;;;;;;;
;;;;;;;;;;;;;;;;;;;;;
;;;;;;;;;;;;;;;;;;;;;
;;;;;;;;;;;;;;;;;;;;;
;;;;;;;;;;;;;;;;;;;;;
;;;;;;;;;;;;;;;;;;;;;
;;;;;;;;;;;;;;;;;;;;;
;;;;;;;;;;;;;;;;;;;;;
;;;;;;;;;;;;;;;;;;;;;
;;;;;;;;;;;;;;;;;;;;;
;;;;;;;;;;;;;;;;;;;;;
;;;;;;;;;;;;;;;;;;;;;
;;;;;;;;;;;;;;;;;;;;;
;;;;;;;;;;;;;;;;;;;;;
;;;;;;;;;;;;;;;;;;;;;
;;;;;;;;;;;;;;;;;;;;;
;;;;;;;;;;;;;;;;;;;;;
;;;;;;;;;;;;;;;;;;;;;
;;;;;;;;;;;;;;;;;;;;;
;;;;;;;;;;;;;;;;;;;;;
;;;;;;;;;;;;;;;;;;;;;
;;;;;;;;;;;;;;;;;;;;;
;;;;;;;;;;;;;;;;;;;;;
;;;;;;;;;;;;;;;;;;;;;
;;;;;;;;;;;;;;;;;;;;;
;;;;;;;;;;;;;;;;;;;;;
;;;;;;;;;;;;;;;;;;;;;
;;;;;;;;;;;;;;;;;;;;;
;;;;;;;;;;;;;;;;;;;;;
;;;;;;;;;;;;;;;;;;;;;
;;;;;;;;;;;;;;;;;;;;;
;;;;;;;;;;;;;;;;;;;;;
;;;;;;;;;;;;;;;;;;;;;
;;;;;;;;;;;;;;;;;;;;;
;;;;;;;;;;;;;;;;;;;;;
;;;;;;;;;;;;;;;;;;;;;
;;;;;;;;;;;;;;;;;;;;;
;;;;;;;;;;;;;;;;;;;;;
;;;;;;;;;;;;;;;;;;;;;
;;;;;;;;;;;;;;;;;;;;;
;;;;;;;;;;;;;;;;;;;;;
;;;;;;;;;;;;;;;;;;;;;
;;;;;;;;;;;;;;;;;;;;;
;;;;;;;;;;;;;;;;;;;;;
;;;;;;;;;;;;;;;;;;;;;
;;;;;;;;;;;;;;;;;;;;;
;;;;;;;;;;;;;;;;;;;;;
;;;;;;;;;;;;;;;;;;;;;
;;;;;;;;;;;;;;;;;;;;;
;;;;;;;;;;;;;;;;;;;;;
;;;;;;;;;;;;;;;;;;;;;
;;;;;;;;;;;;;;;;;;;;;
;;;;;;;;;;;;;;;;;;;;;
;;;;;;;;;;;;;;;;;;;;;
;;;;;;;;;;;;;;;;;;;;;
;;;;;;;;;;;;;;;;;;;;;
;;;;;;;;;;;;;;;;;;;;;
;;;;;;;;;;;;;;;;;;;;;
;;;;;;;;;;;;;;;;;;;;;
;;;;;;;;;;;;;;;;;;;;;
;;;;;;;;;;;;;;;;;;;;;
;;;;;;;;;;;;;;;;;;;;;
;;;;;;;;;;;;;;;;;;;;;
;;;;;;;;;;;;;;;;;;;;;
;;;;;;;;;;;;;;;;;;;;;
;;;;;;;;;;;;;;;;;;;;;
;;;;;;;;;;;;;;;;;;;;;
;;;;;;;;;;;;;;;;;;;;;
;;;;;;;;;;;;;;;;;;;;;
;;;;;;;;;;;;;;;;;;;;;
;;;;;;;;;;;;;;;;;;;;;
;;;;;;;;;;;;;;;;;;;;;
;;;;;;;;;;;;;;;;;;;;;
;;;;;;;;;;;;;;;;;;;;;
;;;;;;;;;;;;;;;;;;;;;
;;;;;;;;;;;;;;;;;;;;;
;;;;;;;;;;;;;;;;;;;;;
;;;;;;;;;;;;;;;;;;;;;
;;;;;;;;;;;;;;;;;;;;;
;;;;;;;;;;;;;;;;;;;;;
;;;;;;;;;;;;;;;;;;;;;
;;;;;;;;;;;;;;;;;;;;;
;;;;;;;;;;;;;;;;;;;;;
;;;;;;;;;;;;;;;;;;;;;
;;;;;;;;;;;;;;;;;;;;;
;;;;;;;;;;;;;;;;;;;;;
;;;;;;;;;;;;;;;;;;;;;
;;;;;;;;;;;;;;;;;;;;;
;;;;;;;;;;;;;;;;;;;;;
;;;;;;;;;;;;;;;;;;;;;
;;;;;;;;;;;;;;;;;;;;;
;;;;;;;;;;;;;;;;;;;;;
;;;;;;;;;;;;;;;;;;;;;
;;;;;;;;;;;;;;;;;;;;;
;;;;;;;;;;;;;;;;;;;;;
;;;;;;;;;;;;;;;;;;;;;
;;;;;;;;;;;;;;;;;;;;;
;;;;;;;;;;;;;;;;;;;;;
;;;;;;;;;;;;;;;;;;;;;
;;;;;;;;;;;;;;;;;;;;;
;;;;;;;;;;;;;;;;;;;;;
;;;;;;;;;;;;;;;;;;;;;
;;;;;;;;;;;;;;;;;;;;;
;;;;;;;;;;;;;;;;;;;;;
;;;;;;;;;;;;;;;;;;;;;
;;;;;;;;;;;;;;;;;;;;;
;;;;;;;;;;;;;;;;;;;;;
;;;;;;;;;;;;;;;;;;;;;
;;;;;;;;;;;;;;;;;;;;;
;;;;;;;;;;;;;;;;;;;;;
;;;;;;;;;;;;;;;;;;;;;
;;;;;;;;;;;;;;;;;;;;;
;;;;;;;;;;;;;;;;;;;;;
;;;;;;;;;;;;;;;;;;;;;
;;;;;;;;;;;;;;;;;;;;;
;;;;;;;;;;;;;;;;;;;;;
;;;;;;;;;;;;;;;;;;;;;
;;;;;;;;;;;;;;;;;;;;;
;;;;;;;;;;;;;;;;;;;;;
;;;;;;;;;;;;;;;;;;;;;
;;;;;;;;;;;;;;;;;;;;;
;;;;;;;;;;;;;;;;;;;;;
;;;;;;;;;;;;;;;;;;;;;
;;;;;;;;;;;;;;;;;;;;;
;;;;;;;;;;;;;;;;;;;;;
;;;;;;;;;;;;;;;;;;;;;
;;;;;;;;;;;;;;;;;;;;;
;;;;;;;;;;;;;;;;;;;;;
;;;;;;;;;;;;;;;;;;;;;
;;;;;;;;;;;;;;;;;;;;;
;;;;;;;;;;;;;;;;;;;;;
;;;;;;;;;;;;;;;;;;;;;
;;;;;;;;;;;;;;;;;;;;;
;;;;;;;;;;;;;;;;;;;;;
;;;;;;;;;;;;;;;;;;;;;
;;;;;;;;;;;;;;;;;;;;;
;;;;;;;;;;;;;;;;;;;;;
;;;;;;;;;;;;;;;;;;;;;
;;;;;;;;;;;;;;;;;;;;;
;;;;;;;;;;;;;;;;;;;;;
;;;;;;;;;;;;;;;;;;;;;
;;;;;;;;;;;;;;;;;;;;;
;;;;;;;;;;;;;;;;;;;;;
;;;;;;;;;;;;;;;;;;;;;
;;;;;;;;;;;;;;;;;;;;;
;;;;;;;;;;;;;;;;;;;;;
;;;;;;;;;;;;;;;;;;;;;
;;;;;;;;;;;;;;;;;;;;;
;;;;;;;;;;;;;;;;;;;;;
;;;;;;;;;;;;;;;;;;;;;
;;;;;;;;;;;;;;;;;;;;;
;;;;;;;;;;;;;;;;;;;;;
;;;;;;;;;;;;;;;;;;;;;
;;;;;;;;;;;;;;;;;;;;;
;;;;;;;;;;;;;;;;;;;;;
;;;;;;;;;;;;;;;;;;;;;
;;;;;;;;;;;;;;;;;;;;;
;;;;;;;;;;;;;;;;;;;;;
;;;;;;;;;;;;;;;;;;;;;
;;;;;;;;;;;;;;;;;;;;;
;;;;;;;;;;;;;;;;;;;;;
;;;;;;;;;;;;;;;;;;;;;
;;;;;;;;;;;;;;;;;;;;;
;;;;;;;;;;;;;;;;;;;;;
;;;;;;;;;;;;;;;;;;;;;
;;;;;;;;;;;;;;;;;;;;;
;;;;;;;;;;;;;;;;;;;;;
;;;;;;;;;;;;;;;;;;;;;
;;;;;;;;;;;;;;;;;;;;;
;;;;;;;;;;;;;;;;;;;;;
;;;;;;;;;;;;;;;;;;;;;
;;;;;;;;;;;;;;;;;;;;;
;;;;;;;;;;;;;;;;;;;;;
;;;;;;;;;;;;;;;;;;;;;
;;;;;;;;;;;;;;;;;;;;;
;;;;;;;;;;;;;;;;;;;;;
;;;;;;;;;;;;;;;;;;;;;
;;;;;;;;;;;;;;;;;;;;;
;;;;;;;;;;;;;;;;;;;;;
;;;;;;;;;;;;;;;;;;;;;
;;;;;;;;;;;;;;;;;;;;;
;;;;;;;;;;;;;;;;;;;;;
;;;;;;;;;;;;;;;;;;;;;
;;;;;;;;;;;;;;;;;;;;;
;;;;;;;;;;;;;;;;;;;;;
;;;;;;;;;;;;;;;;;;;;;
;;;;;;;;;;;;;;;;;;;;;
;;;;;;;;;;;;;;;;;;;;;
;;;;;;;;;;;;;;;;;;;;;
;;;;;;;;;;;;;;;;;;;;;
;;;;;;;;;;;;;;;;;;;;;
;;;;;;;;;;;;;;;;;;;;;
;;;;;;;;;;;;;;;;;;;;;
;;;;;;;;;;;;;;;;;;;;;
;;;;;;;;;;;;;;;;;;;;;
;;;;;;;;;;;;;;;;;;;;;
;;;;;;;;;;;;;;;;;;;;;
;;;;;;;;;;;;;;;;;;;;;
;;;;;;;;;;;;;;;;;;;;;
;;;;;;;;;;;;;;;;;;;;;
;;;;;;;;;;;;;;;;;;;;;
;;;;;;;;;;;;;;;;;;;;;
;;;;;;;;;;;;;;;;;;;;;
;;;;;;;;;;;;;;;;;;;;;
;;;;;;;;;;;;;;;;;;;;;
;;;;;;;;;;;;;;;;;;;;;
;;;;;;;;;;;;;;;;;;;;;
;;;;;;;;;;;;;;;;;;;;;
;;;;;;;;;;;;;;;;;;;;;
;;;;;;;;;;;;;;;;;;;;;
;;;;;;;;;;;;;;;;;;;;;
;;;;;;;;;;;;;;;;;;;;;
;;;;;;;;;;;;;;;;;;;;;
;;;;;;;;;;;;;;;;;;;;;
;;;;;;;;;;;;;;;;;;;;;
;;;;;;;;;;;;;;;;;;;;;
;;;;;;;;;;;;;;;;;;;;;
;;;;;;;;;;;;;;;;;;;;;
;;;;;;;;;;;;;;;;;;;;;
;;;;;;;;;;;;;;;;;;;;;
;;;;;;;;;;;;;;;;;;;;;
;;;;;;;;;;;;;;;;;;;;;
;;;;;;;;;;;;;;;;;;;;;
;;;;;;;;;;;;;;;;;;;;;
;;;;;;;;;;;;;;;;;;;;;
;;;;;;;;;;;;;;;;;;;;;
;;;;;;;;;;;;;;;;;;;;;
;;;;;;;;;;;;;;;;;;;;;
;;;;;;;;;;;;;;;;;;;;;
;;;;;;;;;;;;;;;;;;;;;
;;;;;;;;;;;;;;;;;;;;;
;;;;;;;;;;;;;;;;;;;;;
;;;;;;;;;;;;;;;;;;;;;
;;;;;;;;;;;;;;;;;;;;;
;;;;;;;;;;;;;;;;;;;;;
;;;;;;;;;;;;;;;;;;;;;
;;;;;;;;;;;;;;;;;;;;;
;;;;;;;;;;;;;;;;;;;;;
;;;;;;;;;;;;;;;;;;;;;
;;;;;;;;;;;;;;;;;;;;;
;;;;;;;;;;;;;;;;;;;;;
;;;;;;;;;;;;;;;;;;;;;
;;;;;;;;;;;;;;;;;;;;;
;;;;;;;;;;;;;;;;;;;;;
;;;;;;;;;;;;;;;;;;;;;
;;;;;;;;;;;;;;;;;;;;;
;;;;;;;;;;;;;;;;;;;;;
;;;;;;;;;;;;;;;;;;;;;
;;;;;;;;;;;;;;;;;;;;;
;;;;;;;;;;;;;;;;;;;;;
;;;;;;;;;;;;;;;;;;;;;
;;;;;;;;;;;;;;;;;;;;;
;;;;;;;;;;;;;;;;;;;;;
;;;;;;;;;;;;;;;;;;;;;
;;;;;;;;;;;;;;;;;;;;;
;;;;;;;;;;;;;;;;;;;;;
;;;;;;;;;;;;;;;;;;;;;
;;;;;;;;;;;;;;;;;;;;;
;;;;;;;;;;;;;;;;;;;;;
;;;;;;;;;;;;;;;;;;;;;
;;;;;;;;;;;;;;;;;;;;;
;;;;;;;;;;;;;;;;;;;;;
;;;;;;;;;;;;;;;;;;;;;
;;;;;;;;;;;;;;;;;;;;;
;;;;;;;;;;;;;;;;;;;;;
;;;;;;;;;;;;;;;;;;;;;
;;;;;;;;;;;;;;;;;;;;;
;;;;;;;;;;;;;;;;;;;;;
;;;;;;;;;;;;;;;;;;;;;
;;;;;;;;;;;;;;;;;;;;;
;;;;;;;;;;;;;;;;;;;;;
;;;;;;;;;;;;;;;;;;;;;
;;;;;;;;;;;;;;;;;;;;;
;;;;;;;;;;;;;;;;;;;;;
;;;;;;;;;;;;;;;;;;;;;
;;;;;;;;;;;;;;;;;;;;;
;;;;;;;;;;;;;;;;;;;;;
;;;;;;;;;;;;;;;;;;;;;
;;;;;;;;;;;;;;;;;;;;;
;;;;;;;;;;;;;;;;;;;;;
;;;;;;;;;;;;;;;;;;;;;
;;;;;;;;;;;;;;;;;;;;;
;;;;;;;;;;;;;;;;;;;;;
;;;;;;;;;;;;;;;;;;;;;
;;;;;;;;;;;;;;;;;;;;;
;;;;;;;;;;;;;;;;;;;;;
;;;;;;;;;;;;;;;;;;;;;
;;;;;;;;;;;;;;;;;;;;;
;;;;;;;;;;;;;;;;;;;;;
;;;;;;;;;;;;;;;;;;;;;
;;;;;;;;;;;;;;;;;;;;;
;;;;;;;;;;;;;;;;;;;;;
;;;;;;;;;;;;;;;;;;;;;
;;;;;;;;;;;;;;;;;;;;;
;;;;;;;;;;;;;;;;;;;;;
;;;;;;;;;;;;;;;;;;;;;
;;;;;;;;;;;;;;;;;;;;;
;;;;;;;;;;;;;;;;;;;;;
;;;;;;;;;;;;;;;;;;;;;
;;;;;;;;;;;;;;;;;;;;;
;;;;;;;;;;;;;;;;;;;;;
;;;;;;;;;;;;;;;;;;;;;
;;;;;;;;;;;;;;;;;;;;;
;;;;;;;;;;;;;;;;;;;;;
;;;;;;;;;;;;;;;;;;;;;
;;;;;;;;;;;;;;;;;;;;;
;;;;;;;;;;;;;;;;;;;;;
;;;;;;;;;;;;;;;;;;;;;
;;;;;;;;;;;;;;;;;;;;;
;;;;;;;;;;;;;;;;;;;;;
;;;;;;;;;;;;;;;;;;;;;
;;;;;;;;;;;;;;;;;;;;;
;;;;;;;;;;;;;;;;;;;;;
;;;;;;;;;;;;;;;;;;;;;
;;;;;;;;;;;;;;;;;;;;;
;;;;;;;;;;;;;;;;;;;;;
;;;;;;;;;;;;;;;;;;;;;
;;;;;;;;;;;;;;;;;;;;;
;;;;;;;;;;;;;;;;;;;;;
;;;;;;;;;;;;;;;;;;;;;
;;;;;;;;;;;;;;;;;;;;;
;;;;;;;;;;;;;;;;;;;;;
;;;;;;;;;;;;;;;;;;;;;
;;;;;;;;;;;;;;;;;;;;;
;;;;;;;;;;;;;;;;;;;;;
;;;;;;;;;;;;;;;;;;;;;
;;;;;;;;;;;;;;;;;;;;;
;;;;;;;;;;;;;;;;;;;;;
;;;;;;;;;;;;;;;;;;;;;
;;;;;;;;;;;;;;;;;;;;;
;;;;;;;;;;;;;;;;;;;;;
;;;;;;;;;;;;;;;;;;;;;
;;;;;;;;;;;;;;;;;;;;;
;;;;;;;;;;;;;;;;;;;;;
;;;;;;;;;;;;;;;;;;;;;
;;;;;;;;;;;;;;;;;;;;;
;;;;;;;;;;;;;;;;;;;;;
;;;;;;;;;;;;;;;;;;;;;
;;;;;;;;;;;;;;;;;;;;;
;;;;;;;;;;;;;;;;;;;;;
;;;;;;;;;;;;;;;;;;;;;
;;;;;;;;;;;;;;;;;;;;;
;;;;;;;;;;;;;;;;;;;;;
;;;;;;;;;;;;;;;;;;;;;
;;;;;;;;;;;;;;;;;;;;;
;;;;;;;;;;;;;;;;;;;;;
;;;;;;;;;;;;;;;;;;;;;
;;;;;;;;;;;;;;;;;;;;;
;;;;;;;;;;;;;;;;;;;;;
;;;;;;;;;;;;;;;;;;;;;
;;;;;;;;;;;;;;;;;;;;;
;;;;;;;;;;;;;;;;;;;;;
;;;;;;;;;;;;;;;;;;;;;
;;;;;;;;;;;;;;;;;;;;;
;;;;;;;;;;;;;;;;;;;;;
;;;;;;;;;;;;;;;;;;;;;
;;;;;;;;;;;;;;;;;;;;;
;;;;;;;;;;;;;;;;;;;;;
;;;;;;;;;;;;;;;;;;;;;
;;;;;;;;;;;;;;;;;;;;;
;;;;;;;;;;;;;;;;;;;;;
;;;;;;;;;;;;;;;;;;;;;
;;;;;;;;;;;;;;;;;;;;;
;;;;;;;;;;;;;;;;;;;;;
;;;;;;;;;;;;;;;;;;;;;
;;;;;;;;;;;;;;;;;;;;;
;;;;;;;;;;;;;;;;;;;;;
;;;;;;;;;;;;;;;;;;;;;
;;;;;;;;;;;;;;;;;;;;;
;;;;;;;;;;;;;;;;;;;;;
;;;;;;;;;;;;;;;;;;;;;
;;;;;;;;;;;;;;;;;;;;;
;;;;;;;;;;;;;;;;;;;;;
;;;;;;;;;;;;;;;;;;;;;
;;;;;;;;;;;;;;;;;;;;;
;;;;;;;;;;;;;;;;;;;;;
;;;;;;;;;;;;;;;;;;;;;
;;;;;;;;;;;;;;;;;;;;;
;;;;;;;;;;;;;;;;;;;;;
;;;;;;;;;;;;;;;;;;;;;
;;;;;;;;;;;;;;;;;;;;;
;;;;;;;;;;;;;;;;;;;;;
;;;;;;;;;;;;;;;;;;;;;
;;;;;;;;;;;;;;;;;;;;;
;;;;;;;;;;;;;;;;;;;;;
;;;;;;;;;;;;;;;;;;;;;
;;;;;;;;;;;;;;;;;;;;;
;;;;;;;;;;;;;;;;;;;;;
;;;;;;;;;;;;;;;;;;;;;
;;;;;;;;;;;;;;;;;;;;;
;;;;;;;;;;;;;;;;;;;;;
;;;;;;;;;;;;;;;;;;;;;
;;;;;;;;;;;;;;;;;;;;;
;;;;;;;;;;;;;;;;;;;;;
;;;;;;;;;;;;;;;;;;;;;
;;;;;;;;;;;;;;;;;;;;;
;;;;;;;;;;;;;;;;;;;;;
;;;;;;;;;;;;;;;;;;;;;
;;;;;;;;;;;;;;;;;;;;;
;;;;;;;;;;;;;;;;;;;;;
;;;;;;;;;;;;;;;;;;;;;
;;;;;;;;;;;;;;;;;;;;;
;;;;;;;;;;;;;;;;;;;;;
;;;;;;;;;;;;;;;;;;;;;
;;;;;;;;;;;;;;;;;;;;;
;;;;;;;;;;;;;;;;;;;;;
;;;;;;;;;;;;;;;;;;;;;
;;;;;;;;;;;;;;;;;;;;;
;;;;;;;;;;;;;;;;;;;;;
;;;;;;;;;;;;;;;;;;;;;
;;;;;;;;;;;;;;;;;;;;;
;;;;;;;;;;;;;;;;;;;;;
;;;;;;;;;;;;;;;;;;;;;
;;;;;;;;;;;;;;;;;;;;;
;;;;;;;;;;;;;;;;;;;;;
;;;;;;;;;;;;;;;;;;;;;
;;;;;;;;;;;;;;;;;;;;;
;;;;;;;;;;;;;;;;;;;;;
;;;;;;;;;;;;;;;;;;;;;
;;;;;;;;;;;;;;;;;;;;;
;;;;;;;;;;;;;;;;;;;;;
;;;;;;;;;;;;;;;;;;;;;
;;;;;;;;;;;;;;;;;;;;;
;;;;;;;;;;;;;;;;;;;;;
;;;;;;;;;;;;;;;;;;;;;
;;;;;;;;;;;;;;;;;;;;;
;;;;;;;;;;;;;;;;;;;;;
;;;;;;;;;;;;;;;;;;;;;
;;;;;;;;;;;;;;;;;;;;;
;;;;;;;;;;;;;;;;;;;;;
;;;;;;;;;;;;;;;;;;;;;
;;;;;;;;;;;;;;;;;;;;;
;;;;;;;;;;;;;;;;;;;;;
;;;;;;;;;;;;;;;;;;;;;
;;;;;;;;;;;;;;;;;;;;;
;;;;;;;;;;;;;;;;;;;;;
;;;;;;;;;;;;;;;;;;;;;
;;;;;;;;;;;;;;;;;;;;;
;;;;;;;;;;;;;;;;;;;;;
;;;;;;;;;;;;;;;;;;;;;
;;;;;;;;;;;;;;;;;;;;;
;;;;;;;;;;;;;;;;;;;;;
;;;;;;;;;;;;;;;;;;;;;
;;;;;;;;;;;;;;;;;;;;;
;;;;;;;;;;;;;;;;;;;;;
;;;;;;;;;;;;;;;;;;;;;
;;;;;;;;;;;;;;;;;;;;;
;;;;;;;;;;;;;;;;;;;;;
;;;;;;;;;;;;;;;;;;;;;
;;;;;;;;;;;;;;;;;;;;;
;;;;;;;;;;;;;;;;;;;;;
;;;;;;;;;;;;;;;;;;;;;
;;;;;;;;;;;;;;;;;;;;;
;;;;;;;;;;;;;;;;;;;;;
;;;;;;;;;;;;;;;;;;;;;
;;;;;;;;;;;;;;;;;;;;;
;;;;;;;;;;;;;;;;;;;;;
;;;;;;;;;;;;;;;;;;;;;
;;;;;;;;;;;;;;;;;;;;;
;;;;;;;;;;;;;;;;;;;;;
;;;;;;;;;;;;;;;;;;;;;
;;;;;;;;;;;;;;;;;;;;;
;;;;;;;;;;;;;;;;;;;;;
;;;;;;;;;;;;;;;;;;;;;
;;;;;;;;;;;;;;;;;;;;;
;;;;;;;;;;;;;;;;;;;;;
;;;;;;;;;;;;;;;;;;;;;
;;;;;;;;;;;;;;;;;;;;;
;;;;;;;;;;;;;;;;;;;;;
;;;;;;;;;;;;;;;;;;;;;
;;;;;;;;;;;;;;;;;;;;;
;;;;;;;;;;;;;;;;;;;;;
;;;;;;;;;;;;;;;;;;;;;
;;;;;;;;;;;;;;;;;;;;;
;;;;;;;;;;;;;;;;;;;;;
;;;;;;;;;;;;;;;;;;;;;
;;;;;;;;;;;;;;;;;;;;;
;;;;;;;;;;;;;;;;;;;;;
;;;;;;;;;;;;;;;;;;;;;
;;;;;;;;;;;;;;;;;;;;;
;;;;;;;;;;;;;;;;;;;;;
;;;;;;;;;;;;;;;;;;;;;
;;;;;;;;;;;;;;;;;;;;;
;;;;;;;;;;;;;;;;;;;;;
;;;;;;;;;;;;;;;;;;;;;
;;;;;;;;;;;;;;;;;;;;;
;;;;;;;;;;;;;;;;;;;;;
;;;;;;;;;;;;;;;;;;;;;
;;;;;;;;;;;;;;;;;;;;;
;;;;;;;;;;;;;;;;;;;;;
;;;;;;;;;;;;;;;;;;;;;
;;;;;;;;;;;;;;;;;;;;;
;;;;;;;;;;;;;;;;;;;;;
;;;;;;;;;;;;;;;;;;;;;
;;;;;;;;;;;;;;;;;;;;;
;;;;;;;;;;;;;;;;;;;;;
;;;;;;;;;;;;;;;;;;;;;
;;;;;;;;;;;;;;;;;;;;;
;;;;;;;;;;;;;;;;;;;;;
