Date;Time;G;Tournament;Map;Mode;Opponent;;Vs. Opponent;VOD;Civ1;Civ2;Win;Mirror;Civ List;Picks;Wins;Win Rate;CDPS Score;Coast to Mountain;Total matches;103
27/07/2025;12:00 UTC;[Age of Empires II];LingHe Cup [LingHe Cup];Coast to Mountain [Coast to Mountain];1v1;Z40 [Z40] [Taiwan] [Taiwan] [Lithuanians] [Lithuanians];>;Daniel [Georgians] [Georgians] [United States] [United States] [Daniel];(G3) [Watch VOD] [Watch VOD];Lithuanians;Georgians;Lithuanians;FALSE;Armenians;0;0;0%;0,00;Coast to Mountain;;
21/07/2025;12:00 UTC;[Age of Empires II];LingHe Cup [LingHe Cup];Coast to Mountain [Coast to Mountain];1v1;DuDuZhu [DuDuZhu] [China] [China] [Berbers] [Berbers];<;Sora Kuma [Chinese] [Chinese] [Taiwan] [Taiwan] [Sora Kuma];(G2) [Watch VOD] [Watch VOD];Berbers;Chinese;Chinese;FALSE;Aztecs;1;1;100%;61,56;Coast to Mountain;;
20/07/2025;14:30 UTC;[Age of Empires II];LingHe Cup [LingHe Cup];Coast to Mountain [Coast to Mountain];1v1;StrayDog [StrayDog] [China] [China] [Malians] [Malians];<;Blve [Persians] [Persians] [Taiwan] [Taiwan] [Blve (page does not exist)];(G4) [Watch VOD] [Watch VOD];Malians;Persians;Persians;FALSE;Bengalis;3;1;33%;34,07;Coast to Mountain;;
19/07/2025;12:00 UTC;[Age of Empires II];LingHe Cup [LingHe Cup];Coast to Mountain [Coast to Mountain];1v1;Youpudding [Youpudding] [Taiwan] [Taiwan] [Georgians] [Georgians];>;Rayz [Wu] [Wu] [Taiwan] [Taiwan] [Rayz];(G2) [Watch VOD] [Watch VOD];Georgians;Wu;Georgians;FALSE;Berbers;23;9;39%;50,12;Coast to Mountain;;
16/03/2025;17:50 UTC;[Age of Empires II];The Garrison [The Garrison];Coast to Mountain [Coast to Mountain];1v1;Liereyy [Liereyy] [Austria] [Austria] [Goths] [Goths];<;Hera [Mongols] [Mongols] [Canada] [Canada] [Hera];(G1) [Watch VOD] [Watch VOD];Goths;Mongols;Mongols;FALSE;Bohemians;0;0;0%;0,00;Coast to Mountain;;
15/03/2025;18:05 UTC;[Age of Empires II];The Garrison [The Garrison];Coast to Mountain [Coast to Mountain];1v1;Yo [Yo] [China] [China] [Goths] [Goths];>;Hera [Persians] [Persians] [Canada] [Canada] [Hera];(G3) [Watch VOD] [Watch VOD];Goths;Persians;Goths;FALSE;Britons;0;0;0%;0,00;Coast to Mountain;;
15/03/2025;12:00 UTC;[Age of Empires II];The Garrison [The Garrison];Coast to Mountain [Coast to Mountain];1v1;TaToH [TaToH] [Spain] [Spain] [Persians] [Persians];<;TheViper [Berbers] [Berbers] [Norway] [Norway] [TheViper];(G4) [Watch VOD] [Watch VOD];Persians;Berbers;Berbers;FALSE;Bulgarians;4;2;50%;56,89;Coast to Mountain;;
13/03/2025;19:25 UTC;[Age of Empires II];The Garrison [The Garrison];Coast to Mountain [Coast to Mountain];1v1;TaToH [TaToH] [Spain] [Spain] [Lithuanians] [Lithuanians];<;Hera [Persians] [Persians] [Canada] [Canada] [Hera];(G1) [Watch VOD] [Watch VOD];Lithuanians;Persians;Persians;FALSE;Burgundians;0;0;0%;0,00;Coast to Mountain;;
05/01/2025;22:00 UTC;[Age of Empires II];The Garrison: Qualifier [The Garrison/Qualifier];Coast to Mountain [Coast to Mountain];1v1;Vinchester [Vinchester] [Russia] [Russia] [Berbers] [Berbers];<;Hearttt [Persians] [Persians] [Peru] [Peru] [Hearttt];(G3) [Watch VOD] [Watch VOD];Berbers;Persians;Persians;FALSE;Burmese;2;1;50%;54,69;Coast to Mountain;;
05/01/2025;18:00 UTC;[Age of Empires II];The Garrison: Qualifier [The Garrison/Qualifier];Coast to Mountain [Coast to Mountain];1v1;Mihai06 [Mihai06] [Romania] [Romania] [Mongols] [Mongols];>;KingstoNe [Lithuanians] [Lithuanians] [Mexico] [Mexico] [KingstoNe];(G1) [Watch VOD] [Watch VOD];Mongols;Lithuanians;Mongols;FALSE;Byzantines;3;1;33%;34,07;Coast to Mountain;;
04/01/2025;14:35 UTC;[Age of Empires II];The Garrison: Qualifier [The Garrison/Qualifier];Coast to Mountain [Coast to Mountain];1v1;Daniel [Daniel] [United States] [United States] [Berbers] [Berbers];<;MbL [Persians] [Persians] [Norway] [Norway] [MbL];(G4) [Watch VOD] [Watch VOD];Berbers;Persians;Persians;FALSE;Celts;2;0;0%;0,00;Coast to Mountain;;
11/12/2024;20:00 UTC;[Age of Empires II];T90 Titans League 4: Platinum Replacement Qualifier [T90 Titans League/4/Platinum Replacement Qualifier];Coast to Mountain [Coast to Mountain];1v1;Mihai06 [Mihai06] [Romania] [Romania] [Malians] [Malians];>;Vinchester [Persians] [Persians] [Russia] [Russia] [Vinchester];(G1) [Watch VOD] [Watch VOD];Malians;Persians;Malians;FALSE;Chinese;11;7;64%;71,95;Coast to Mountain;;
11/12/2024;15:00 UTC;[Age of Empires II];T90 Titans League 4: Platinum Replacement Qualifier [T90 Titans League/4/Platinum Replacement Qualifier];Coast to Mountain [Coast to Mountain];1v1;Kasva [Kasva] [Turkey] [Turkey] [Persians] [Persians];<;Vinchester [Berbers] [Berbers] [Russia] [Russia] [Vinchester];(G2) [Watch VOD] [Watch VOD];Persians;Berbers;Berbers;FALSE;Cumans;3;1;33%;34,07;Coast to Mountain;;
15/08/2024;20:00 UTC;[Age of Empires II];Ultra Small Maps Showmatch #7: Emu Warrior vs Mastyjames [T90Official/Show Match/Emu Warrior vs Mastyjames];Coast to Mountain [Coast to Mountain];1v1;Mastyjames [Mastyjames (page does not exist)] [United States] [United States] [Portuguese] [Portuguese];<;Emu Warrior [Berbers] [Berbers] [United States] [United States] [Emu Warrior (page does not exist)];[Watch VOD] [Watch VOD];Portuguese;Berbers;Berbers;FALSE;Dravidians;3;0;0%;0,00;Coast to Mountain;;
14/12/2023;18:30 UTC;[Age of Empires II];Road to Hidden Cup Italia - Autunno [Road to Hidden Cup Italia/Autunno];Coast to Mountain [Coast to Mountain];1v1;Vodka_L_ [Vodka L] [Italy] [Italy] [Malians] [Malians];<;Kamigawa [Mongols] [Mongols] [Italy] [Italy] [Kamigawa];(G3) [Watch VOD] [Watch VOD];Malians;Mongols;Mongols;FALSE;Ethiopians;0;0;0%;0,00;Coast to Mountain;;
05/12/2023;20:00 UTC;[Age of Empires II];Road to Hidden Cup Italia - Autunno [Road to Hidden Cup Italia/Autunno];Coast to Mountain [Coast to Mountain];1v1;Italian Lawyer [Italian Lawyer (page does not exist)] [Italy] [Italy] [Japanese] [Japanese];<;Vodka_L_ [Mongols] [Mongols] [Italy] [Italy] [Vodka L];(G3) [Watch VOD] [Watch VOD];Japanese;Mongols;Mongols;FALSE;Franks;1;1;100%;61,56;Coast to Mountain;;
26/11/2023;14:00 UTC;[Age of Empires II];Road to Hidden Cup Italia - Autunno [Road to Hidden Cup Italia/Autunno];Coast to Mountain [Coast to Mountain];1v1;Carnage [Carnage (Italian player) (page does not exist)] [Italy] [Italy] [Byzantines] [Byzantines];>;Hellequinn [Dravidians] [Dravidians] [Sir Hellequinn (page does not exist)];(G4) [Watch VOD] [Watch VOD];Byzantines;Dravidians;Byzantines;FALSE;Georgians;2;1;50%;54,69;Coast to Mountain;;
19/11/2023;15:00 UTC;[Age of Empires II];Road to Hidden Cup Italia - Autunno [Road to Hidden Cup Italia/Autunno];Coast to Mountain [Coast to Mountain];1v1;01DarkDevil [01DarkDevil (page does not exist)] [Italy] [Italy] [Huns] [Huns];<;salsicciotto [Burmese] [Burmese] [Italy] [Italy] [Salsicciotto1999];(G3) [Watch VOD] [Watch VOD];Huns;Burmese;Burmese;FALSE;Goths;6;3;50%;58,34;Coast to Mountain;;
17/11/2023;20:00 UTC;[Age of Empires II];Road to Hidden Cup Italia - Autunno [Road to Hidden Cup Italia/Autunno];Coast to Mountain [Coast to Mountain];1v1;RaiD [RaiD] [Italy] [Italy] [Lithuanians] [Lithuanians];>;Loris [Berbers] [Berbers] [Italy] [Italy] [Loris];(G2) [Watch VOD] [Watch VOD];Lithuanians;Berbers;Lithuanians;FALSE;Gurjaras;0;0;0%;0,00;Coast to Mountain;;
16/11/2023;17:00 UTC;[Age of Empires II];Road to Hidden Cup Italia - Autunno [Road to Hidden Cup Italia/Autunno];Coast to Mountain [Coast to Mountain];1v1;Kamigawa [Kamigawa] [Italy] [Italy] [Mongols] [Mongols];<;salsicciotto [Japanese] [Japanese] [Italy] [Italy] [Salsicciotto1999];(G4) [Watch VOD] [Watch VOD];Mongols;Japanese;Japanese;FALSE;Hindustanis;2;1;50%;54,69;Coast to Mountain;;
29/10/2023;15:30 UTC;[Age of Empires II];Inversus Cup [Inversus Cup];Coast to Mountain [Coast to Mountain];1v1;repard [Repard] [Russia] [Russia] [Cumans] [Cumans];<;classicpro [Spanish] [Spanish] [Ukraine] [Ukraine] [Classicpro];(G1) [Watch VOD] [Watch VOD];Cumans;Spanish;Spanish;FALSE;Huns;2;0;0%;0,00;Coast to Mountain;;
19/10/2023;16:00 UTC;[Age of Empires II];T90 Titans League 3: Platinum League [T90 Titans League/3/Platinum League];Coast to Mountain [Coast to Mountain];1v1;TheViper [TheViper] [Norway] [Norway] [Goths] [Goths];>;Hera [Persians] [Persians] [Canada] [Canada] [Hera];(G4) [Watch VOD] [Watch VOD];Goths;Persians;Goths;FALSE;Incas;1;1;100%;61,56;Coast to Mountain;;
17/10/2023;16:00 UTC;[Age of Empires II];T90 Titans League 3: Platinum League [T90 Titans League/3/Platinum League];Coast to Mountain [Coast to Mountain];1v1;TaToH [TaToH] [Spain] [Spain] [Japanese] [Japanese];<;ACCM [Malay] [Malay] [Vietnam] [Vietnam] [ACCM];(G2) [Watch VOD] [Watch VOD];Japanese;Malay;Malay;FALSE;Italians;1;0;0%;0,00;Coast to Mountain;;
16/10/2023;19:00 UTC;[Age of Empires II];T90 Titans League 3: Platinum League [T90 Titans League/3/Platinum League];Coast to Mountain [Coast to Mountain];1v1;FreakinAndy [FreakinAndy] [Austria] [Austria] [Chinese] [Chinese];<;TheViper [Vietnamese] [Vietnamese] [Norway] [Norway] [TheViper];(G2) [Watch VOD] [Watch VOD];Chinese;Vietnamese;Vietnamese;FALSE;Japanese;18;8;44%;57,25;Coast to Mountain;;
15/10/2023;16:00 UTC;[Age of Empires II];T90 Titans League 3: Platinum League [T90 Titans League/3/Platinum League];Coast to Mountain [Coast to Mountain];1v1;dogao [Dogao] [Brazil] [Brazil] [Berbers] [Berbers];<;FreakinAndy [Malians] [Malians] [Austria] [Austria] [FreakinAndy];(G1) [Watch VOD] [Watch VOD];Berbers;Malians;Malians;FALSE;Jurchens;0;0;0%;0,00;Coast to Mountain;;
14/10/2023;16:00 UTC;[Age of Empires II];T90 Titans League 3: Platinum League [T90 Titans League/3/Platinum League];Coast to Mountain [Coast to Mountain];1v1;TaToH [TaToH] [Spain] [Spain] [Lithuanians] [Lithuanians];>;DauT [Goths] [Goths] [Serbia] [Serbia] [DauT];(G1) [Watch VOD] [Watch VOD];Lithuanians;Goths;Lithuanians;FALSE;Khitans;0;0;0%;0,00;Coast to Mountain;;
11/10/2023;20:25 UTC;[Age of Empires II];T90 Titans League 3: Platinum League [T90 Titans League/3/Platinum League];Coast to Mountain [Coast to Mountain];1v1;dogao [Dogao] [Brazil] [Brazil] [Berbers] [Berbers];<;DracKeN [Mongols] [Mongols] [Czechia] [Czechia] [DracKeN];(G1) [Watch VOD] [Watch VOD];Berbers;Mongols;Mongols;FALSE;Khmer;0;0;0%;0,00;Coast to Mountain;;
11/10/2023;17:00 UTC;[Age of Empires II];T90 Titans League 3: Platinum League [T90 Titans League/3/Platinum League];Coast to Mountain [Coast to Mountain];1v1;Sobek [Sobek] [Chile] [Chile] [Berbers] [Berbers];<;TaToH [Malians] [Malians] [Spain] [Spain] [TaToH];(G2) [Watch VOD] [Watch VOD];Berbers;Malians;Malians;FALSE;Koreans;1;0;0%;0,00;Coast to Mountain;;
09/10/2023;18:00 UTC;[Age of Empires II];T90 Titans League 3: Platinum League [T90 Titans League/3/Platinum League];Coast to Mountain [Coast to Mountain];1v1;Lyx [Lyx] [China] [China] [Lithuanians] [Lithuanians];<;Daniel [Chinese] [Chinese] [United States] [United States] [Daniel];(G1) [Watch VOD] [Watch VOD];Lithuanians;Chinese;Chinese;FALSE;Lithuanians;14;8;57%;68,08;Coast to Mountain;;
08/10/2023;18:00 UTC;[Age of Empires II];T90 Titans League 3: Platinum League [T90 Titans League/3/Platinum League];Coast to Mountain [Coast to Mountain];1v1;Liereyy [Liereyy] [Austria] [Austria] [Malians] [Malians];<;TheViper [Japanese] [Japanese] [Norway] [Norway] [TheViper];(G2) [Watch VOD] [Watch VOD];Malians;Japanese;Japanese;FALSE;Magyars;0;0;0%;0,00;Coast to Mountain;;
08/10/2023;16:00 UTC;[Age of Empires II];T90 Titans League 3: Platinum League [T90 Titans League/3/Platinum League];Coast to Mountain [Coast to Mountain];1v1;DauT [DauT] [Serbia] [Serbia] [Japanese] [Japanese];<;Yo [Spanish] [Spanish] [China] [China] [Yo];(G2) [Watch VOD] [Watch VOD];Japanese;Spanish;Spanish;FALSE;Malay;7;3;43%;54,07;Coast to Mountain;;
07/10/2023;19:15 UTC;[Age of Empires II];T90 Titans League 3: Platinum League [T90 Titans League/3/Platinum League];Coast to Mountain [Coast to Mountain];1v1;miguel [Miguel] [Brazil] [Brazil] [Persians] [Persians];<;DracKeN [Malians] [Malians] [Czechia] [Czechia] [DracKeN];(G1) [Watch VOD] [Watch VOD];Persians;Malians;Malians;FALSE;Malians;26;18;69%;84,80;Coast to Mountain;;
30/09/2023;17:20 UTC;[Age of Empires II];T90 Titans League 3: Platinum League [T90 Titans League/3/Platinum League];Coast to Mountain [Coast to Mountain];1v1;Margougou [Margougou] [France] [France] [Japanese] [Japanese];<;DracKeN [Malians] [Malians] [Czechia] [Czechia] [DracKeN];(G1) [Watch VOD] [Watch VOD];Japanese;Malians;Malians;FALSE;Mapuche;0;0;0%;0,00;Coast to Mountain;;
24/09/2023;19:40 UTC;[Age of Empires II];T90 Titans League 3: Platinum League [T90 Titans League/3/Platinum League];Coast to Mountain [Coast to Mountain];1v1;classicpro [Classicpro] [Ukraine] [Ukraine] [Dravidians] [Dravidians];<;TaToH [Persians] [Persians] [Spain] [Spain] [TaToH];(G3) [Watch VOD] [Watch VOD];Dravidians;Persians;Persians;FALSE;Mayans;0;0;0%;0,00;Coast to Mountain;;
24/09/2023;16:00 UTC;[Age of Empires II];T90 Titans League 3: Platinum League [T90 Titans League/3/Platinum League];Coast to Mountain [Coast to Mountain];1v1;Barles [Barles] [Poland] [Poland] [Persians] [Persians];>;Hera [Berbers] [Berbers] [Canada] [Canada] [Hera];(G3) [Watch VOD] [Watch VOD];Persians;Berbers;Persians;FALSE;Mongols;28;13;46%;60,61;Coast to Mountain;;
23/09/2023;18:00 UTC;[Age of Empires II];T90 Titans League 3: Platinum League [T90 Titans League/3/Platinum League];Coast to Mountain [Coast to Mountain];1v1;Running [Running] [Germany] [Germany] [Persians] [Persians];<;Yo [Berbers] [Berbers] [China] [China] [Yo];(G3) [Watch VOD] [Watch VOD];Persians;Berbers;Berbers;FALSE;Muisca;0;0;0%;0,00;Coast to Mountain;;
19/09/2023;20:15 UTC;[Age of Empires II];T90 Titans League 3: Platinum League [T90 Titans League/3/Platinum League];Coast to Mountain [Coast to Mountain];1v1;dogao [Dogao] [Brazil] [Brazil] [Malay] [Malay];>;miguel [Persians] [Persians] [Brazil] [Brazil] [Miguel];(G3) [Watch VOD] [Watch VOD];Malay;Persians;Malay;FALSE;Persians;22;11;50%;63,49;Coast to Mountain;;
17/09/2023;16:00 UTC;[Age of Empires II];T90 Titans League 3: Platinum League [T90 Titans League/3/Platinum League];Coast to Mountain [Coast to Mountain];1v1;DracKeN [DracKeN] [Czechia] [Czechia] [Persians] [Persians];<;Villese [Malians] [Malians] [Finland] [Finland] [Villese];(G1) [Watch VOD] [Watch VOD];Persians;Malians;Malians;FALSE;Poles;1;1;100%;61,56;Coast to Mountain;;
16/09/2023;17:20 UTC;[Age of Empires II];T90 Titans League 3: Platinum League [T90 Titans League/3/Platinum League];Coast to Mountain [Coast to Mountain];1v1;LaaaaaN [LaN] [Spain] [Spain] [Persians] [Persians];<;Barles [Japanese] [Japanese] [Poland] [Poland] [Barles];(G1) [Watch VOD] [Watch VOD];Persians;Japanese;Japanese;FALSE;Portuguese;3;1;33%;34,07;Coast to Mountain;;
12/09/2023;19:35 UTC;[Age of Empires II];T90 Titans League 3: Platinum League [T90 Titans League/3/Platinum League];Coast to Mountain [Coast to Mountain];1v1;Daniel [Daniel] [United States] [United States] [Japanese] [Japanese];<;Valas [Lithuanians] [Lithuanians] [Finland] [Finland] [Valas];(G1) [Watch VOD] [Watch VOD];Japanese;Lithuanians;Lithuanians;FALSE;Puru;0;0;0%;0,00;Coast to Mountain;;
12/09/2023;16:00 UTC;[Age of Empires II];T90 Titans League 3: Platinum League [T90 Titans League/3/Platinum League];Coast to Mountain [Coast to Mountain];1v1;Vivi [Vivi] [China] [China] [Berbers] [Berbers];<;Sobek [Mongols] [Mongols] [Chile] [Chile] [Sobek];(G2) [Watch VOD] [Watch VOD];Berbers;Mongols;Mongols;FALSE;Romans;0;0;0%;0,00;Coast to Mountain;;
11/09/2023;20:00 UTC;[Age of Empires II];T90 Titans League 3: Platinum League [T90 Titans League/3/Platinum League];Coast to Mountain [Coast to Mountain];1v1;Running [Running] [Germany] [Germany] [Mongols] [Mongols];<;DauT [Japanese] [Japanese] [Serbia] [Serbia] [DauT];(G2) [Watch VOD] [Watch VOD];Mongols;Japanese;Japanese;FALSE;Saracens;0;0;0%;0,00;Coast to Mountain;;
10/09/2023;17:50 UTC;[Age of Empires II];T90 Titans League 3: Platinum League [T90 Titans League/3/Platinum League];Coast to Mountain [Coast to Mountain];1v1;DracKeN [DracKeN] [Czechia] [Czechia] [Malians] [Malians];<;ACCM [Mongols] [Mongols] [Vietnam] [Vietnam] [ACCM];(G1) [Watch VOD] [Watch VOD];Malians;Mongols;Mongols;FALSE;Shu;0;0;0%;0,00;Coast to Mountain;;
09/09/2023;16:00 UTC;[Age of Empires II];T90 Titans League 3: Platinum League [T90 Titans League/3/Platinum League];Coast to Mountain [Coast to Mountain];1v1;classicpro [Classicpro] [Ukraine] [Ukraine] [Malians] [Malians];<;Liereyy [Mongols] [Mongols] [Austria] [Austria] [Liereyy];(G3) [Watch VOD] [Watch VOD];Malians;Mongols;Mongols;FALSE;Sicilians;1;0;0%;0,00;Coast to Mountain;;
02/09/2023;14:00 UTC;[Age of Empires II];T90 Titans League 3: Gold League [T90 Titans League/3/Gold League];Coast to Mountain [Coast to Mountain];1v1;z40 [Z40] [Taiwan] [Taiwan] [Berbers] [Berbers];<;Hearttt [Persians] [Persians] [Peru] [Peru] [Hearttt];(G1) [Watch VOD] [Watch VOD];Berbers;Persians;Persians;FALSE;Slavs;0;0;0%;0,00;Coast to Mountain;;
01/09/2023;17:00 UTC;[Age of Empires II];T90 Titans League 3: Gold League [T90 Titans League/3/Gold League];Coast to Mountain [Coast to Mountain];1v1;Vinchester [Vinchester] [Russia] [Russia] [Persians] [Persians];>;Capoch [Malians] [Malians] [Argentina] [Argentina] [Capoch];(G3) [Watch VOD] [Watch VOD];Persians;Malians;Persians;FALSE;Spanish;8;5;63%;68,47;Coast to Mountain;;
01/09/2023;13:15 UTC;[Age of Empires II];T90 Titans League 3: Gold League [T90 Titans League/3/Gold League];Coast to Mountain [Coast to Mountain];1v1;z40 [Z40] [Taiwan] [Taiwan] [Malians] [Malians];<;Sebastian [Japanese] [Japanese] [Uruguay] [Uruguay] [Sebastian];(G2) [Watch VOD] [Watch VOD];Malians;Japanese;Japanese;FALSE;Tatars;0;0;0%;0,00;Coast to Mountain;;
31/08/2023;19:00 UTC;[Age of Empires II];T90 Titans League 3: Gold League [T90 Titans League/3/Gold League];Coast to Mountain [Coast to Mountain];1v1;Target331 [Target331] [Germany] [Germany] [Chinese] [Chinese];<;Hearttt [Persians] [Persians] [Peru] [Peru] [Hearttt];(G1) [Watch VOD] [Watch VOD];Chinese;Persians;Persians;FALSE;Teutons;0;0;0%;0,00;Coast to Mountain;;
31/08/2023;19:00 UTC;[Age of Empires II];T90 Titans League 3: Gold League [T90 Titans League/3/Gold League];Coast to Mountain [Coast to Mountain];1v1;Nili [Nili] [Germany] [Germany] [Japanese] [Japanese];<;repard [Mongols] [Mongols] [Russia] [Russia] [Repard];(G1) [Watch VOD] [Watch VOD];Japanese;Mongols;Mongols;FALSE;Tupi;0;0;0%;0,00;Coast to Mountain;;
27/08/2023;18:30 UTC;[Age of Empires II];T90 Titans League 3: Gold League [T90 Titans League/3/Gold League];Coast to Mountain [Coast to Mountain];1v1;Dragonstar [The Dragonstar] [India] [India] [Japanese] [Japanese];<;slam [Malay] [Malay] [Canada] [Canada] [Slam];(G1) [Watch VOD] [Watch VOD];Japanese;Malay;Malay;FALSE;Turks;0;0;0%;0,00;Coast to Mountain;;
25/08/2023;12:00 UTC;[Age of Empires II];T90 Titans League 3: Gold League [T90 Titans League/3/Gold League];Coast to Mountain [Coast to Mountain];1v1;z40 [Z40] [Taiwan] [Taiwan] [Malians] [Malians];>;El_Matador [Mongols] [Mongols] [Germany] [Germany] [El Matador];(G3) [Watch VOD] [Watch VOD];Malians;Mongols;Malians;FALSE;Vietnamese;1;1;100%;61,56;Coast to Mountain;;
23/08/2023;16:00 UTC;[Age of Empires II];T90 Titans League 3: Gold League [T90 Titans League/3/Gold League];Coast to Mountain [Coast to Mountain];1v1;Overtaken [Overtaken] [Estonia] [Estonia] [Berbers] [Berbers];>;Dragonstar [Mongols] [Mongols] [India] [India] [The Dragonstar];(G2) [Watch VOD] [Watch VOD];Berbers;Mongols;Berbers;FALSE;Vikings;2;2;100%;69,98;Coast to Mountain;;
23/08/2023;12:00 UTC;[Age of Empires II];T90 Titans League 3: Gold League [T90 Titans League/3/Gold League];Coast to Mountain [Coast to Mountain];1v1;El_Matador [El Matador] [Germany] [Germany] [Byzantines] [Byzantines];<;Target331 [Malians] [Malians] [Germany] [Germany] [Target331];(G1) [Watch VOD] [Watch VOD];Byzantines;Malians;Malians;FALSE;Wei;0;0;0%;0,00;Coast to Mountain;;
21/08/2023;18:00 UTC;[Age of Empires II];T90 Titans League 3: Gold League [T90 Titans League/3/Gold League];Coast to Mountain [Coast to Mountain];1v1;Target331 [Target331] [Germany] [Germany] [Chinese] [Chinese];<;Nicov [Japanese] [Japanese] [Argentina] [Argentina] [Nicov];(G2) [Watch VOD] [Watch VOD];Chinese;Japanese;Japanese;FALSE;Wu;1;0;0%;0,00;Coast to Mountain;;
18/08/2023;23:00 UTC;[Age of Empires II];T90 Titans League 3: Gold League [T90 Titans League/3/Gold League];Coast to Mountain [Coast to Mountain];1v1;St4rk [St4rk] [Brazil] [Brazil] [Japanese] [Japanese];<;slam [Malians] [Malians] [Canada] [Canada] [Slam];(G2) [Watch VOD] [Watch VOD];Japanese;Malians;Malians;FALSE;;;;;;Coast to Mountain;;
18/08/2023;17:00 UTC;[Age of Empires II];T90 Titans League 3: Gold League [T90 Titans League/3/Gold League];Coast to Mountain [Coast to Mountain];1v1;Hearttt [Hearttt] [Peru] [Peru] [Malians] [Malians];>;Sebastian [Mongols] [Mongols] [Uruguay] [Uruguay] [Sebastian];(G3) [Watch VOD] [Watch VOD];Malians;Mongols;Malians;FALSE;;;;;;Coast to Mountain;;
16/08/2023;18:45 UTC;[Age of Empires II];T90 Titans League 3: Gold League [T90 Titans League/3/Gold League];Coast to Mountain [Coast to Mountain];1v1;Fedex [Fedex] [Argentina] [Argentina] [Malians] [Malians];<;Nili [Japanese] [Japanese] [Germany] [Germany] [Nili];(G2) [Watch VOD] [Watch VOD];Malians;Japanese;Japanese;FALSE;;;;;;Coast to Mountain;;
09/08/2023;14:00 UTC;[Age of Empires II];The Champions Invitational [The Champions Invitational];Coast to Mountain [Coast to Mountain];1v1;TheViper [TheViper] [Norway] [Norway] [Persians] [Persians];<;Vinchester [Berbers] [Berbers] [Russia] [Russia] [Vinchester];(G2) [Watch VOD] [Watch VOD];Persians;Berbers;Berbers;FALSE;;;;;;Coast to Mountain;;
07/08/2023;14:00 UTC;[Age of Empires II];The Champions Invitational [The Champions Invitational];Coast to Mountain [Coast to Mountain];1v1;Yo [Yo] [China] [China] [Berbers] [Berbers];>;TaToH [Japanese] [Japanese] [Spain] [Spain] [TaToH];(G3) [Watch VOD] [Watch VOD];Berbers;Japanese;Berbers;FALSE;;;;;;Coast to Mountain;;
25/01/2023;19:15 UTC;[Age of Empires II];JorDan's Medieval Brawl Season 2 #1 [JorDan's Medieval Brawl/Season 2/1];Coast to Mountain [Coast to Mountain];1v1;TheViper [TheViper] [Norway] [Norway] [Lithuanians] [Lithuanians];<;Hera [Berbers] [Berbers] [Canada] [Canada] [Hera];(G4) [Watch VOD] [Watch VOD];Lithuanians;Berbers;Berbers;FALSE;;;;;;Coast to Mountain;;
25/01/2023;18:00 UTC;[Age of Empires II];JorDan's Medieval Brawl Season 2 #1 [JorDan's Medieval Brawl/Season 2/1];Coast to Mountain [Coast to Mountain];1v1;Vinchester [Vinchester] [Russia] [Russia] [Byzantines] [Byzantines];<;Hera [Hindustanis] [Hindustanis] [Canada] [Canada] [Hera];(G2) [Watch VOD] [Watch VOD];Byzantines;Hindustanis;Hindustanis;FALSE;;;;;;Coast to Mountain;;
22/06/2022;19:00 UTC;[Age of Empires II];JorDan's Medieval Brawl Season 1 Finals [JorDan's Medieval Brawl/Season 1/Finals];Coast to Mountain [Coast to Mountain];1v1;Hera [Hera] [Canada] [Canada] [Hindustanis] [Hindustanis];<;Yo [Lithuanians] [Lithuanians] [China] [China] [Yo];(G2) [Watch VOD] [Watch VOD];Hindustanis;Lithuanians;Lithuanians;FALSE;;;;;;Coast to Mountain;;
22/06/2022;15:00 UTC;[Age of Empires II];JorDan's Medieval Brawl Season 1 Finals [JorDan's Medieval Brawl/Season 1/Finals];Coast to Mountain [Coast to Mountain];1v1;ACCM [ACCM] [Vietnam] [Vietnam] [Spanish] [Spanish];<;Yo [Lithuanians] [Lithuanians] [China] [China] [Yo];(G4) [Watch VOD] [Watch VOD];Spanish;Lithuanians;Lithuanians;FALSE;;;;;;Coast to Mountain;;
22/05/2022;16:00 UTC;[Age of Empires II];The Resurgence [The Resurgence];Coast to Mountain [Coast to Mountain];1v1;Villese [Villese] [Finland] [Finland] [Huns] [Huns];<;Yo [Poles] [Poles] [China] [China] [Yo];(G4) [Watch VOD] [Watch VOD];Huns;Poles;Poles;FALSE;;;;;;Coast to Mountain;;
20/05/2022;18:45 UTC;[Age of Empires II];The Resurgence [The Resurgence];Coast to Mountain [Coast to Mountain];1v1;miguel [Miguel] [Brazil] [Brazil] [Vikings] [Vikings];>;Villese [Bengalis] [Bengalis] [Finland] [Finland] [Villese];(G3) [Watch VOD] [Watch VOD];Vikings;Bengalis;Vikings;FALSE;;;;;;Coast to Mountain;;
13/05/2022;20:00 UTC;[Age of Empires II];The Resurgence [The Resurgence];Coast to Mountain [Coast to Mountain];1v1;JorDan_AoE [JorDan AoE] [Germany] [Germany] [Spanish] [Spanish];>;ACCM [Dravidians] [Dravidians] [Vietnam] [Vietnam] [ACCM];(G1) [Watch VOD] [Watch VOD];Spanish;Dravidians;Spanish;FALSE;;;;;;Coast to Mountain;;
13/05/2022;18:00 UTC;[Age of Empires II];The Resurgence [The Resurgence];Coast to Mountain [Coast to Mountain];1v1;Villese [Villese] [Finland] [Finland] [Cumans] [Cumans];<;TaToH [Bulgarians] [Bulgarians] [Spain] [Spain] [TaToH];(G1) [Watch VOD] [Watch VOD];Cumans;Bulgarians;Bulgarians;FALSE;;;;;;Coast to Mountain;;
13/05/2022;16:00 UTC;[Age of Empires II];The Resurgence [The Resurgence];Coast to Mountain [Coast to Mountain];1v1;DauT [DauT] [Serbia] [Serbia] [Bulgarians] [Bulgarians];>;Vinchester [Berbers] [Berbers] [Russia] [Russia] [Vinchester];(G1) [Watch VOD] [Watch VOD];Bulgarians;Berbers;Bulgarians;FALSE;;;;;;Coast to Mountain;;
13/05/2022;14:00 UTC;[Age of Empires II];The Resurgence [The Resurgence];Coast to Mountain [Coast to Mountain];1v1;Dark [Dark] [Russia] [Russia] [Bengalis] [Bengalis];>;Yo [Bulgarians] [Bulgarians] [China] [China] [Yo];(G1) [Watch VOD] [Watch VOD];Bengalis;Bulgarians;Bengalis;FALSE;;;;;;Coast to Mountain;;
08/05/2022;16:50 UTC;[Age of Empires II];The Resurgence [The Resurgence];Coast to Mountain [Coast to Mountain];1v1;SongSong [SongSong] [Vietnam] [Vietnam] [Malay] [Malay];<;ACCM [Persians] [Persians] [Vietnam] [Vietnam] [ACCM];(G3) [Watch VOD] [Watch VOD];Malay;Persians;Persians;FALSE;;;;;;Coast to Mountain;;
07/05/2022;16:15 UTC;[Age of Empires II];The Resurgence [The Resurgence];Coast to Mountain [Coast to Mountain];1v1;miguel [Miguel] [Brazil] [Brazil] [Cumans] [Cumans];>;Yo [Bengalis] [Bengalis] [China] [China] [Yo];(G4) [Watch VOD] [Watch VOD];Cumans;Bengalis;Cumans;FALSE;;;;;;Coast to Mountain;;
21/04/2022;18:30 UTC;[Age of Empires II];JorDan's Medieval Brawl Season 1 #2 [JorDan's Medieval Brawl/Season 1/2];Coast to Mountain [Coast to Mountain];1v1;Villese [Villese] [Finland] [Finland] [Berbers] [Berbers];<;ACCM [Malians] [Malians] [Vietnam] [Vietnam] [ACCM];(G5) [Watch VOD] [Watch VOD];Berbers;Malians;Malians;FALSE;;;;;;Coast to Mountain;;
21/04/2022;15:00 UTC;[Age of Empires II];JorDan's Medieval Brawl Season 1 #2 [JorDan's Medieval Brawl/Season 1/2];Coast to Mountain [Coast to Mountain];1v1;TaToH [TaToH] [Spain] [Spain] [Malians] [Malians];>;Yo [Italians] [Italians] [China] [China] [Yo];(G1) [Watch VOD] [Watch VOD];Malians;Italians;Malians;FALSE;;;;;;Coast to Mountain;;
04/03/2022;17:00 UTC;[Age of Empires II];DauT vs TaToH Bo21 [DauT vs TaToH/6];Coast to Mountain [Coast to Mountain];1v1;TaToH [TaToH] [Spain] [Spain] [Malay] [Malay];<;DauT [Malians] [Malians] [Serbia] [Serbia] [DauT];[Watch VOD] [Watch VOD];Malay;Malians;Malians;FALSE;;;;;;Coast to Mountain;;
25/04/2021;14:00 UTC;[Age of Empires II];Two Pools 2 [Two Pools Tournament/2];Coast to Mountain [Coast to Mountain];Team;HeraĀĀ Liereyy [Hera] [Canada] [Canada] [Vikings] [Vikings] [Liereyy] [Austria] [Austria] [Incas] [Incas];>;TheMax ĀĀVillese [Goths] [Goths] [Finland] [Finland] [TheMax] [Mongols] [Mongols] [Finland] [Finland] [Villese];(G6) [Watch VOD] [Watch VOD];Incas;Goths;Incas;FALSE;;;;;;Coast to Mountain;;
24/04/2021;18:50 UTC;[Age of Empires II];Two Pools 2 [Two Pools Tournament/2];Coast to Mountain [Coast to Mountain];Team;HeraĀĀ Liereyy [Hera] [Canada] [Canada] [Celts] [Celts] [Liereyy] [Austria] [Austria] [Mongols] [Mongols];>;Nicov ĀĀMbL [Indians] [Indians] [Argentina] [Argentina] [Nicov] [Cumans] [Cumans] [Norway] [Norway] [MbL];(G3) [Watch VOD] [Watch VOD];Mongols;Indians;Mongols;FALSE;;;;;;Coast to Mountain;;
24/04/2021;14:00 UTC;[Age of Empires II];Two Pools 2 [Two Pools Tournament/2];Coast to Mountain [Coast to Mountain];Team;YoĀĀ Lyx [Yo] [China] [China] [Cumans] [Cumans] [Lyx] [China] [China] [Malay] [Malay];<;TheMax ĀĀVillese [Chinese] [Chinese] [Finland] [Finland] [TheMax] [Byzantines] [Byzantines] [Finland] [Finland] [Villese];(G2) [Watch VOD] [Watch VOD];Malay;Chinese;Chinese;FALSE;;;;;;Coast to Mountain;;
18/04/2021;21:00 UTC;[Age of Empires II];Two Pools 2 [Two Pools Tournament/2];Coast to Mountain [Coast to Mountain];Team;TheMaxĀĀ Villese [TheMax] [Finland] [Finland] [Burmese] [Burmese] [Villese] [Finland] [Finland] [Lithuanians] [Lithuanians];>;TheViper ĀĀTaToH [Berbers] [Berbers] [Norway] [Norway] [TheViper] [Goths] [Goths] [Spain] [Spain] [TaToH];(G3) [Watch VOD] [Watch VOD];Lithuanians;Berbers;Lithuanians;FALSE;;;;;;Coast to Mountain;;
17/04/2021;19:35 UTC;[Age of Empires II];Two Pools 2 [Two Pools Tournament/2];Coast to Mountain [Coast to Mountain];Team;DauTĀĀ Slam [DauT] [Serbia] [Serbia] [Lithuanians] [Lithuanians] [Slam] [Canada] [Canada] [Persians] [Persians];>;Vinchester ĀĀClassicpro [Celts] [Celts] [Russia] [Russia] [Vinchester] [Mongols] [Mongols] [Ukraine] [Ukraine] [Classicpro];(G4) [Watch VOD] [Watch VOD];Persians;Celts;Persians;FALSE;;;;;;Coast to Mountain;;
11/04/2021;18:30 UTC;[Age of Empires II];Two Pools 2 [Two Pools Tournament/2];Coast to Mountain [Coast to Mountain];Team;TheMaxĀĀ Villese [TheMax] [Finland] [Finland] [Turks] [Turks] [Villese] [Finland] [Finland] [Lithuanians] [Lithuanians];<;Hera ĀĀLiereyy [Spanish] [Spanish] [Canada] [Canada] [Hera] [Mongols] [Mongols] [Austria] [Austria] [Liereyy];(G2) [Watch VOD] [Watch VOD];Lithuanians;Spanish;Spanish;FALSE;;;;;;Coast to Mountain;;
11/04/2021;14:00 UTC;[Age of Empires II];Two Pools 2 [Two Pools Tournament/2];Coast to Mountain [Coast to Mountain];Team;BruHĀĀ Sitaux [BruH] [Brazil] [Brazil] [Malay] [Malay] [Sitaux] [France] [France] [Malians] [Malians];>;LaN ĀĀHearttt [Japanese] [Japanese] [Spain] [Spain] [LaN] [Burmese] [Burmese] [Peru] [Peru] [Hearttt];(G3) [Watch VOD] [Watch VOD];Malians;Japanese;Malians;FALSE;;;;;;Coast to Mountain;;
10/04/2021;16:40 UTC;[Age of Empires II];Two Pools 2 [Two Pools Tournament/2];Coast to Mountain [Coast to Mountain];Team;VinchesterĀĀ Classicpro [Vinchester] [Russia] [Russia] [Japanese] [Japanese] [Classicpro] [Ukraine] [Ukraine] [Indians] [Indians];>;Yo ĀĀLyx [Mongols] [Mongols] [China] [China] [Yo] [Burgundians] [Burgundians] [China] [China] [Lyx];(G3) [Watch VOD] [Watch VOD];Indians;Mongols;Indians;FALSE;;;;;;Coast to Mountain;;
04/04/2021;17:30 UTC;[Age of Empires II];Two Pools 2 [Two Pools Tournament/2];Coast to Mountain [Coast to Mountain];Team;NiliĀĀ JorDan_AoE [Nili] [Germany] [Germany] [Lithuanians] [Lithuanians] [JorDan AoE] [Germany] [Germany] [Aztecs] [Aztecs];>;ACCM ĀĀSaymyname [Sicilians] [Sicilians] [Vietnam] [Vietnam] [ACCM] [Indians] [Indians] [Vietnam] [Vietnam] [Saymyname];(G4) [Watch VOD] [Watch VOD];Aztecs;Sicilians;Aztecs;FALSE;;;;;;Coast to Mountain;;
04/04/2021;14:00 UTC;[Age of Empires II];Two Pools 2 [Two Pools Tournament/2];Coast to Mountain [Coast to Mountain];Team;BruHĀĀ Sitaux [BruH] [Brazil] [Brazil] [Malians] [Malians] [Sitaux] [France] [France] [Bulgarians] [Bulgarians];<;Hera ĀĀLiereyy [Goths] [Goths] [Canada] [Canada] [Hera] [Mongols] [Mongols] [Austria] [Austria] [Liereyy];(G2) [Watch VOD] [Watch VOD];Bulgarians;Goths;Goths;FALSE;;;;;;Coast to Mountain;;
03/04/2021;15:55 UTC;[Age of Empires II];Two Pools 2 [Two Pools Tournament/2];Coast to Mountain [Coast to Mountain];Team;VinchesterĀĀ Classicpro [Vinchester] [Russia] [Russia] [Incas] [Incas] [Classicpro] [Ukraine] [Ukraine] [Chinese] [Chinese];>;DauT ĀĀSlam [Mongols] [Mongols] [Serbia] [Serbia] [DauT] [Persians] [Persians] [Canada] [Canada] [Slam];(G5) [Watch VOD] [Watch VOD];Chinese;Mongols;Chinese;FALSE;;;;;;Coast to Mountain;;
26/03/2021;15:00 UTC;[Age of Empires II];Two Pools 2: Qualifiers [Two Pools Tournament/2/Qualifier];Coast to Mountain [Coast to Mountain];Team;GanjiĀĀ Kamigawa [Ganji] [Sweden] [Sweden] [Spanish] [Spanish] [Kamigawa] [Italy] [Italy] [Berbers] [Berbers];>;Scotty ĀĀMr_Greed [Lithuanians] [Lithuanians] [United States] [United States] [Scotty] [Bulgarians] [Bulgarians] [Portugal] [Portugal] [Mr Greed (page does not exist)];(G2) [Watch VOD] [Watch VOD];Berbers;Lithuanians;Berbers;FALSE;;;;;;Coast to Mountain;;
25/03/2021;14:40 UTC;[Age of Empires II];Two Pools 2: Qualifiers [Two Pools Tournament/2/Qualifier];Coast to Mountain [Coast to Mountain];Team;Luca8761ĀĀ Margougou [Luca8761] [Canada] [Canada] [Spanish] [Spanish] [Margougou] [France] [France] [Koreans] [Koreans];<;BruH ĀĀSitaux [Lithuanians] [Lithuanians] [Brazil] [Brazil] [BruH] [Magyars] [Magyars] [France] [France] [Sitaux];(G2) [Watch VOD] [Watch VOD];Koreans;Lithuanians;Lithuanians;FALSE;;;;;;Coast to Mountain;;
20/01/2021;20:00 UTC;[Age of Empires II];Improvement Cup V - Show Match #1 [Improvement Cup/5/Show Match/1];Coast to Mountain [Coast to Mountain];Team;GanjiĀĀ Kamigawa [Ganji] [Sweden] [Sweden] [Bulgarians] [Bulgarians] [Kamigawa] [Italy] [Italy] [Indians] [Indians];>;Dziamdziak ĀĀJackK [Celts] [Celts] [Poland] [Poland] [Dziamdziak] [Indians] [Indians] [Poland] [Poland] [JackK];(G3) [Watch VOD] [Watch VOD];Indians;Celts;Indians;FALSE;;;;;;Coast to Mountain;;
12/05/2019;18:00 UTC;[Age of Empires II];Clash of the Hippo 5 [Clash of the Hippo/5];Coast to Mountain [Coast to Mountain];Team;TheViperĀĀ TaToH [TheViper] [Norway] [Norway] [Mongols] [Mongols] [TaToH] [Spain] [Spain] [Portuguese] [Portuguese];>;MbL ĀĀNicov [Mongols] [Mongols] [Norway] [Norway] [MbL] [Chinese] [Chinese] [Argentina] [Argentina] [Nicov];(G3) [Watch VOD] [Watch VOD];Portuguese;Mongols;Portuguese;FALSE;;;;;;Coast to Mountain;;
12/05/2019;15:00 UTC;[Age of Empires II];Clash of the Hippo 5 [Clash of the Hippo/5];Coast to Mountain [Coast to Mountain];Team;TheMaxĀĀ Villese [TheMax] [Finland] [Finland] [Mongols] [Mongols] [Villese] [Finland] [Finland] [Chinese] [Chinese];<;TheViper ĀĀTaToH [Mongols] [Mongols] [Norway] [Norway] [TheViper] [Chinese] [Chinese] [Spain] [Spain] [TaToH];(G3) [Watch VOD] [Watch VOD];Chinese;Mongols;Mongols;FALSE;;;;;;Coast to Mountain;;
11/05/2019;14:30 UTC;[Age of Empires II];Clash of the Hippo 5 [Clash of the Hippo/5];Coast to Mountain [Coast to Mountain];Team;LiereyyĀĀ Hera [Liereyy] [Austria] [Austria] [Chinese] [Chinese] [Hera] [Canada] [Canada] [Mongols] [Mongols];>;DauT ĀĀSlam [Portuguese] [Portuguese] [Serbia] [Serbia] [DauT] [Mongols] [Mongols] [Canada] [Canada] [Slam];(G2) [Watch VOD] [Watch VOD];Mongols;Portuguese;Mongols;FALSE;;;;;;Coast to Mountain;;
17/02/2019;13:00 UTC;[Age of Empires II];Nili's Apartment Cup 2 [Nili's Apartment Cup/2];Coast to Mountain [Coast to Mountain];1v1;TheViper [TheViper] [Norway] [Norway] [Spanish] [Spanish];>;TaToH [Mongols] [Mongols] [Spain] [Spain] [TaToH];(G4) [Watch VOD] [Watch VOD];Spanish;Mongols;Spanish;FALSE;;;;;;Coast to Mountain;;
16/02/2019;16:00 UTC;[Age of Empires II];Nili's Apartment Cup 2 [Nili's Apartment Cup/2];Coast to Mountain [Coast to Mountain];1v1;TaToH [TaToH] [Spain] [Spain] [Malians] [Malians];>;MbL40C [Malay] [Malay] [Norway] [Norway] [MbL];(G8) [Watch VOD] [Watch VOD];Malians;Malay;Malians;FALSE;;;;;;Coast to Mountain;;
14/02/2019;14:00 UTC;[Age of Empires II];Nili's Apartment Cup 2 [Nili's Apartment Cup/2];Coast to Mountain [Coast to Mountain];1v1;Nicov [Nicov] [Argentina] [Argentina] [Mongols] [Mongols];<;TaToH [Malians] [Malians] [Spain] [Spain] [TaToH];(G4) [Watch VOD] [Watch VOD];Mongols;Malians;Malians;FALSE;;;;;;Coast to Mountain;;
12/02/2019;15:30 UTC;[Age of Empires II];Nili's Apartment Cup 2 [Nili's Apartment Cup/2];Coast to Mountain [Coast to Mountain];1v1;TheViper [TheViper] [Norway] [Norway] [Berbers] [Berbers];<;Liereyy [Mongols] [Mongols] [Austria] [Austria] [Liereyy];(G3) [Watch VOD] [Watch VOD];Berbers;Mongols;Mongols;FALSE;;;;;;Coast to Mountain;;
10/02/2019;18:00 UTC;[Age of Empires II];Nili's Apartment Cup 2 [Nili's Apartment Cup/2];Coast to Mountain [Coast to Mountain];1v1;TaToH [TaToH] [Spain] [Spain] [Mongols] [Mongols];<;Liereyy [Malians] [Malians] [Austria] [Austria] [Liereyy];(G3) [Watch VOD] [Watch VOD];Mongols;Malians;Malians;FALSE;;;;;;Coast to Mountain;;
09/02/2019;15:30 UTC;[Age of Empires II];Nili's Apartment Cup 2 [Nili's Apartment Cup/2];Coast to Mountain [Coast to Mountain];1v1;F1Re [F1Re] [Brazil] [Brazil] [Burmese] [Burmese];<;MbL40C [Japanese] [Japanese] [Norway] [Norway] [MbL];(G3) [Watch VOD] [Watch VOD];Burmese;Japanese;Japanese;FALSE;;;;;;Coast to Mountain;;
09/02/2019;13:00 UTC;[Age of Empires II];Nili's Apartment Cup 2 [Nili's Apartment Cup/2];Coast to Mountain [Coast to Mountain];1v1;JorDan_23 [JorDan AoE] [Germany] [Germany] [Spanish] [Spanish];<;TaToH [Malians] [Malians] [Spain] [Spain] [TaToH];(G2) [Watch VOD] [Watch VOD];Spanish;Malians;Malians;FALSE;;;;;;Coast to Mountain;;
04/02/2019;17:00 UTC;[Age of Empires II];Nili's Apartment Cup 2 - Promo Showmatch - F1Re vs Nicov [Nili's Apartment Cup/2/Show Match/F1Re vs Nicov];Coast to Mountain [Coast to Mountain];1v1;Nicov [Nicov] [Argentina] [Argentina] [Mongols] [Mongols];<;F1Re [Chinese] [Chinese] [Brazil] [Brazil] [F1Re];(G5) [Watch VOD] [Watch VOD];Mongols;Chinese;Chinese;FALSE;;;;;;Coast to Mountain;;
30/01/2019;15:00 UTC;[Age of Empires II];Nili's Apartment Cup 2 - Promo Showmatch - BacT vs MbL [Nili's Apartment Cup/2/Show Match/BacT vs MbL];Coast to Mountain [Coast to Mountain];1v1;MbL [MbL] [Norway] [Norway] [Vikings] [Vikings];>;BacT [Spanish] [Spanish] [Vietnam] [Vietnam] [BacT];(G5) [Watch VOD] [Watch VOD];Vikings;Spanish;Vikings;FALSE;;;;;;Coast to Mountain;;
28/01/2019;15:00 UTC;[Age of Empires II];Nili's Apartment Cup 2 - Promo Showmatch - DauT vs F1Re [Nili's Apartment Cup/2/Show Match/DauT vs F1re];Coast to Mountain [Coast to Mountain];1v1;F1Re [F1Re] [Brazil] [Brazil] [Franks] [Franks];>;DauT [Mongols] [Mongols] [Serbia] [Serbia] [DauT];(G5) [Watch VOD] [Watch VOD];Franks;Mongols;Franks;FALSE;;;;;;Coast to Mountain;;
25/01/2019;15:00 UTC;[Age of Empires II];Nili's Apartment Cup 2 - Promo Showmatch - BacT vs TheViper [Nili's Apartment Cup/2/Show Match/BacT vs TheViper];Coast to Mountain [Coast to Mountain];1v1;TheViper [TheViper] [Norway] [Norway] [Mongols] [Mongols];<;BacT [Chinese] [Chinese] [Vietnam] [Vietnam] [BacT];(G4) [Watch VOD] [Watch VOD];Mongols;Chinese;Chinese;FALSE;;;;;;Coast to Mountain;;
04/12/2018;;[Age of Empires II];Nili_AoE Showmatch - DauT & TaToH vs Hera & MbL [Nili AoE/Show Match/Aftermath vs Secret];Coast to Mountain [Coast to Mountain];Team;HeraĀĀ MbL [Hera] [Canada] [Canada] [Persians] [Persians] [MbL] [Norway] [Norway] [Chinese] [Chinese];>;DauT ĀĀTaToH [Mongols] [Mongols] [Serbia] [Serbia] [DauT] [Portuguese] [Portuguese] [Spain] [Spain] [TaToH];(G3) [Watch VOD] [Watch VOD];Chinese;Mongols;Chinese;FALSE;;;;;;Coast to Mountain;;
;;;;;;;;;;;;;;;;;;;Coast to Mountain;;
;;;;;;;;;;;;;;;;;;;;;
;;;;;;;;;;;;;;;;;;;;;
;;;;;;;;;;;;;;;;;;;;;
;;;;;;;;;;;;;;;;;;;;;
;;;;;;;;;;;;;;;;;;;;;
;;;;;;;;;;;;;;;;;;;;;
;;;;;;;;;;;;;;;;;;;;;
;;;;;;;;;;;;;;;;;;;;;
;;;;;;;;;;;;;;;;;;;;;
;;;;;;;;;;;;;;;;;;;;;
;;;;;;;;;;;;;;;;;;;;;
;;;;;;;;;;;;;;;;;;;;;
;;;;;;;;;;;;;;;;;;;;;
;;;;;;;;;;;;;;;;;;;;;
;;;;;;;;;;;;;;;;;;;;;
;;;;;;;;;;;;;;;;;;;;;
;;;;;;;;;;;;;;;;;;;;;
;;;;;;;;;;;;;;;;;;;;;
;;;;;;;;;;;;;;;;;;;;;
;;;;;;;;;;;;;;;;;;;;;
;;;;;;;;;;;;;;;;;;;;;
;;;;;;;;;;;;;;;;;;;;;
;;;;;;;;;;;;;;;;;;;;;
;;;;;;;;;;;;;;;;;;;;;
;;;;;;;;;;;;;;;;;;;;;
;;;;;;;;;;;;;;;;;;;;;
;;;;;;;;;;;;;;;;;;;;;
;;;;;;;;;;;;;;;;;;;;;
;;;;;;;;;;;;;;;;;;;;;
;;;;;;;;;;;;;;;;;;;;;
;;;;;;;;;;;;;;;;;;;;;
;;;;;;;;;;;;;;;;;;;;;
;;;;;;;;;;;;;;;;;;;;;
;;;;;;;;;;;;;;;;;;;;;
;;;;;;;;;;;;;;;;;;;;;
;;;;;;;;;;;;;;;;;;;;;
;;;;;;;;;;;;;;;;;;;;;
;;;;;;;;;;;;;;;;;;;;;
;;;;;;;;;;;;;;;;;;;;;
;;;;;;;;;;;;;;;;;;;;;
;;;;;;;;;;;;;;;;;;;;;
;;;;;;;;;;;;;;;;;;;;;
;;;;;;;;;;;;;;;;;;;;;
;;;;;;;;;;;;;;;;;;;;;
;;;;;;;;;;;;;;;;;;;;;
;;;;;;;;;;;;;;;;;;;;;
;;;;;;;;;;;;;;;;;;;;;
;;;;;;;;;;;;;;;;;;;;;
;;;;;;;;;;;;;;;;;;;;;
;;;;;;;;;;;;;;;;;;;;;
;;;;;;;;;;;;;;;;;;;;;
;;;;;;;;;;;;;;;;;;;;;
;;;;;;;;;;;;;;;;;;;;;
;;;;;;;;;;;;;;;;;;;;;
;;;;;;;;;;;;;;;;;;;;;
;;;;;;;;;;;;;;;;;;;;;
;;;;;;;;;;;;;;;;;;;;;
;;;;;;;;;;;;;;;;;;;;;
;;;;;;;;;;;;;;;;;;;;;
;;;;;;;;;;;;;;;;;;;;;
;;;;;;;;;;;;;;;;;;;;;
;;;;;;;;;;;;;;;;;;;;;
;;;;;;;;;;;;;;;;;;;;;
;;;;;;;;;;;;;;;;;;;;;
;;;;;;;;;;;;;;;;;;;;;
;;;;;;;;;;;;;;;;;;;;;
;;;;;;;;;;;;;;;;;;;;;
;;;;;;;;;;;;;;;;;;;;;
;;;;;;;;;;;;;;;;;;;;;
;;;;;;;;;;;;;;;;;;;;;
;;;;;;;;;;;;;;;;;;;;;
;;;;;;;;;;;;;;;;;;;;;
;;;;;;;;;;;;;;;;;;;;;
;;;;;;;;;;;;;;;;;;;;;
;;;;;;;;;;;;;;;;;;;;;
;;;;;;;;;;;;;;;;;;;;;
;;;;;;;;;;;;;;;;;;;;;
;;;;;;;;;;;;;;;;;;;;;
;;;;;;;;;;;;;;;;;;;;;
;;;;;;;;;;;;;;;;;;;;;
;;;;;;;;;;;;;;;;;;;;;
;;;;;;;;;;;;;;;;;;;;;
;;;;;;;;;;;;;;;;;;;;;
;;;;;;;;;;;;;;;;;;;;;
;;;;;;;;;;;;;;;;;;;;;
;;;;;;;;;;;;;;;;;;;;;
;;;;;;;;;;;;;;;;;;;;;
;;;;;;;;;;;;;;;;;;;;;
;;;;;;;;;;;;;;;;;;;;;
;;;;;;;;;;;;;;;;;;;;;
;;;;;;;;;;;;;;;;;;;;;
;;;;;;;;;;;;;;;;;;;;;
;;;;;;;;;;;;;;;;;;;;;
;;;;;;;;;;;;;;;;;;;;;
;;;;;;;;;;;;;;;;;;;;;
;;;;;;;;;;;;;;;;;;;;;
;;;;;;;;;;;;;;;;;;;;;
;;;;;;;;;;;;;;;;;;;;;
;;;;;;;;;;;;;;;;;;;;;
;;;;;;;;;;;;;;;;;;;;;
;;;;;;;;;;;;;;;;;;;;;
;;;;;;;;;;;;;;;;;;;;;
;;;;;;;;;;;;;;;;;;;;;
;;;;;;;;;;;;;;;;;;;;;
;;;;;;;;;;;;;;;;;;;;;
;;;;;;;;;;;;;;;;;;;;;
;;;;;;;;;;;;;;;;;;;;;
;;;;;;;;;;;;;;;;;;;;;
;;;;;;;;;;;;;;;;;;;;;
;;;;;;;;;;;;;;;;;;;;;
;;;;;;;;;;;;;;;;;;;;;
;;;;;;;;;;;;;;;;;;;;;
;;;;;;;;;;;;;;;;;;;;;
;;;;;;;;;;;;;;;;;;;;;
;;;;;;;;;;;;;;;;;;;;;
;;;;;;;;;;;;;;;;;;;;;
;;;;;;;;;;;;;;;;;;;;;
;;;;;;;;;;;;;;;;;;;;;
;;;;;;;;;;;;;;;;;;;;;
;;;;;;;;;;;;;;;;;;;;;
;;;;;;;;;;;;;;;;;;;;;
;;;;;;;;;;;;;;;;;;;;;
;;;;;;;;;;;;;;;;;;;;;
;;;;;;;;;;;;;;;;;;;;;
;;;;;;;;;;;;;;;;;;;;;
;;;;;;;;;;;;;;;;;;;;;
;;;;;;;;;;;;;;;;;;;;;
;;;;;;;;;;;;;;;;;;;;;
;;;;;;;;;;;;;;;;;;;;;
;;;;;;;;;;;;;;;;;;;;;
;;;;;;;;;;;;;;;;;;;;;
;;;;;;;;;;;;;;;;;;;;;
;;;;;;;;;;;;;;;;;;;;;
;;;;;;;;;;;;;;;;;;;;;
;;;;;;;;;;;;;;;;;;;;;
;;;;;;;;;;;;;;;;;;;;;
;;;;;;;;;;;;;;;;;;;;;
;;;;;;;;;;;;;;;;;;;;;
;;;;;;;;;;;;;;;;;;;;;
;;;;;;;;;;;;;;;;;;;;;
;;;;;;;;;;;;;;;;;;;;;
;;;;;;;;;;;;;;;;;;;;;
;;;;;;;;;;;;;;;;;;;;;
;;;;;;;;;;;;;;;;;;;;;
;;;;;;;;;;;;;;;;;;;;;
;;;;;;;;;;;;;;;;;;;;;
;;;;;;;;;;;;;;;;;;;;;
;;;;;;;;;;;;;;;;;;;;;
;;;;;;;;;;;;;;;;;;;;;
;;;;;;;;;;;;;;;;;;;;;
;;;;;;;;;;;;;;;;;;;;;
;;;;;;;;;;;;;;;;;;;;;
;;;;;;;;;;;;;;;;;;;;;
;;;;;;;;;;;;;;;;;;;;;
;;;;;;;;;;;;;;;;;;;;;
;;;;;;;;;;;;;;;;;;;;;
;;;;;;;;;;;;;;;;;;;;;
;;;;;;;;;;;;;;;;;;;;;
;;;;;;;;;;;;;;;;;;;;;
;;;;;;;;;;;;;;;;;;;;;
;;;;;;;;;;;;;;;;;;;;;
;;;;;;;;;;;;;;;;;;;;;
;;;;;;;;;;;;;;;;;;;;;
;;;;;;;;;;;;;;;;;;;;;
;;;;;;;;;;;;;;;;;;;;;
;;;;;;;;;;;;;;;;;;;;;
;;;;;;;;;;;;;;;;;;;;;
;;;;;;;;;;;;;;;;;;;;;
;;;;;;;;;;;;;;;;;;;;;
;;;;;;;;;;;;;;;;;;;;;
;;;;;;;;;;;;;;;;;;;;;
;;;;;;;;;;;;;;;;;;;;;
;;;;;;;;;;;;;;;;;;;;;
;;;;;;;;;;;;;;;;;;;;;
;;;;;;;;;;;;;;;;;;;;;
;;;;;;;;;;;;;;;;;;;;;
;;;;;;;;;;;;;;;;;;;;;
;;;;;;;;;;;;;;;;;;;;;
;;;;;;;;;;;;;;;;;;;;;
;;;;;;;;;;;;;;;;;;;;;
;;;;;;;;;;;;;;;;;;;;;
;;;;;;;;;;;;;;;;;;;;;
;;;;;;;;;;;;;;;;;;;;;
;;;;;;;;;;;;;;;;;;;;;
;;;;;;;;;;;;;;;;;;;;;
;;;;;;;;;;;;;;;;;;;;;
;;;;;;;;;;;;;;;;;;;;;
;;;;;;;;;;;;;;;;;;;;;
;;;;;;;;;;;;;;;;;;;;;
;;;;;;;;;;;;;;;;;;;;;
;;;;;;;;;;;;;;;;;;;;;
;;;;;;;;;;;;;;;;;;;;;
;;;;;;;;;;;;;;;;;;;;;
;;;;;;;;;;;;;;;;;;;;;
;;;;;;;;;;;;;;;;;;;;;
;;;;;;;;;;;;;;;;;;;;;
;;;;;;;;;;;;;;;;;;;;;
;;;;;;;;;;;;;;;;;;;;;
;;;;;;;;;;;;;;;;;;;;;
;;;;;;;;;;;;;;;;;;;;;
;;;;;;;;;;;;;;;;;;;;;
;;;;;;;;;;;;;;;;;;;;;
;;;;;;;;;;;;;;;;;;;;;
;;;;;;;;;;;;;;;;;;;;;
;;;;;;;;;;;;;;;;;;;;;
;;;;;;;;;;;;;;;;;;;;;
;;;;;;;;;;;;;;;;;;;;;
;;;;;;;;;;;;;;;;;;;;;
;;;;;;;;;;;;;;;;;;;;;
;;;;;;;;;;;;;;;;;;;;;
;;;;;;;;;;;;;;;;;;;;;
;;;;;;;;;;;;;;;;;;;;;
;;;;;;;;;;;;;;;;;;;;;
;;;;;;;;;;;;;;;;;;;;;
;;;;;;;;;;;;;;;;;;;;;
;;;;;;;;;;;;;;;;;;;;;
;;;;;;;;;;;;;;;;;;;;;
;;;;;;;;;;;;;;;;;;;;;
;;;;;;;;;;;;;;;;;;;;;
;;;;;;;;;;;;;;;;;;;;;
;;;;;;;;;;;;;;;;;;;;;
;;;;;;;;;;;;;;;;;;;;;
;;;;;;;;;;;;;;;;;;;;;
;;;;;;;;;;;;;;;;;;;;;
;;;;;;;;;;;;;;;;;;;;;
;;;;;;;;;;;;;;;;;;;;;
;;;;;;;;;;;;;;;;;;;;;
;;;;;;;;;;;;;;;;;;;;;
;;;;;;;;;;;;;;;;;;;;;
;;;;;;;;;;;;;;;;;;;;;
;;;;;;;;;;;;;;;;;;;;;
;;;;;;;;;;;;;;;;;;;;;
;;;;;;;;;;;;;;;;;;;;;
;;;;;;;;;;;;;;;;;;;;;
;;;;;;;;;;;;;;;;;;;;;
;;;;;;;;;;;;;;;;;;;;;
;;;;;;;;;;;;;;;;;;;;;
;;;;;;;;;;;;;;;;;;;;;
;;;;;;;;;;;;;;;;;;;;;
;;;;;;;;;;;;;;;;;;;;;
;;;;;;;;;;;;;;;;;;;;;
;;;;;;;;;;;;;;;;;;;;;
;;;;;;;;;;;;;;;;;;;;;
;;;;;;;;;;;;;;;;;;;;;
;;;;;;;;;;;;;;;;;;;;;
;;;;;;;;;;;;;;;;;;;;;
;;;;;;;;;;;;;;;;;;;;;
;;;;;;;;;;;;;;;;;;;;;
;;;;;;;;;;;;;;;;;;;;;
;;;;;;;;;;;;;;;;;;;;;
;;;;;;;;;;;;;;;;;;;;;
;;;;;;;;;;;;;;;;;;;;;
;;;;;;;;;;;;;;;;;;;;;
;;;;;;;;;;;;;;;;;;;;;
;;;;;;;;;;;;;;;;;;;;;
;;;;;;;;;;;;;;;;;;;;;
;;;;;;;;;;;;;;;;;;;;;
;;;;;;;;;;;;;;;;;;;;;
;;;;;;;;;;;;;;;;;;;;;
;;;;;;;;;;;;;;;;;;;;;
;;;;;;;;;;;;;;;;;;;;;
;;;;;;;;;;;;;;;;;;;;;
;;;;;;;;;;;;;;;;;;;;;
;;;;;;;;;;;;;;;;;;;;;
;;;;;;;;;;;;;;;;;;;;;
;;;;;;;;;;;;;;;;;;;;;
;;;;;;;;;;;;;;;;;;;;;
;;;;;;;;;;;;;;;;;;;;;
;;;;;;;;;;;;;;;;;;;;;
;;;;;;;;;;;;;;;;;;;;;
;;;;;;;;;;;;;;;;;;;;;
;;;;;;;;;;;;;;;;;;;;;
;;;;;;;;;;;;;;;;;;;;;
;;;;;;;;;;;;;;;;;;;;;
;;;;;;;;;;;;;;;;;;;;;
;;;;;;;;;;;;;;;;;;;;;
;;;;;;;;;;;;;;;;;;;;;
;;;;;;;;;;;;;;;;;;;;;
;;;;;;;;;;;;;;;;;;;;;
;;;;;;;;;;;;;;;;;;;;;
;;;;;;;;;;;;;;;;;;;;;
;;;;;;;;;;;;;;;;;;;;;
;;;;;;;;;;;;;;;;;;;;;
;;;;;;;;;;;;;;;;;;;;;
;;;;;;;;;;;;;;;;;;;;;
;;;;;;;;;;;;;;;;;;;;;
;;;;;;;;;;;;;;;;;;;;;
;;;;;;;;;;;;;;;;;;;;;
;;;;;;;;;;;;;;;;;;;;;
;;;;;;;;;;;;;;;;;;;;;
;;;;;;;;;;;;;;;;;;;;;
;;;;;;;;;;;;;;;;;;;;;
;;;;;;;;;;;;;;;;;;;;;
;;;;;;;;;;;;;;;;;;;;;
;;;;;;;;;;;;;;;;;;;;;
;;;;;;;;;;;;;;;;;;;;;
;;;;;;;;;;;;;;;;;;;;;
;;;;;;;;;;;;;;;;;;;;;
;;;;;;;;;;;;;;;;;;;;;
;;;;;;;;;;;;;;;;;;;;;
;;;;;;;;;;;;;;;;;;;;;
;;;;;;;;;;;;;;;;;;;;;
;;;;;;;;;;;;;;;;;;;;;
;;;;;;;;;;;;;;;;;;;;;
;;;;;;;;;;;;;;;;;;;;;
;;;;;;;;;;;;;;;;;;;;;
;;;;;;;;;;;;;;;;;;;;;
;;;;;;;;;;;;;;;;;;;;;
;;;;;;;;;;;;;;;;;;;;;
;;;;;;;;;;;;;;;;;;;;;
;;;;;;;;;;;;;;;;;;;;;
;;;;;;;;;;;;;;;;;;;;;
;;;;;;;;;;;;;;;;;;;;;
;;;;;;;;;;;;;;;;;;;;;
;;;;;;;;;;;;;;;;;;;;;
;;;;;;;;;;;;;;;;;;;;;
;;;;;;;;;;;;;;;;;;;;;
;;;;;;;;;;;;;;;;;;;;;
;;;;;;;;;;;;;;;;;;;;;
;;;;;;;;;;;;;;;;;;;;;
;;;;;;;;;;;;;;;;;;;;;
;;;;;;;;;;;;;;;;;;;;;
;;;;;;;;;;;;;;;;;;;;;
;;;;;;;;;;;;;;;;;;;;;
;;;;;;;;;;;;;;;;;;;;;
;;;;;;;;;;;;;;;;;;;;;
;;;;;;;;;;;;;;;;;;;;;
;;;;;;;;;;;;;;;;;;;;;
;;;;;;;;;;;;;;;;;;;;;
;;;;;;;;;;;;;;;;;;;;;
;;;;;;;;;;;;;;;;;;;;;
;;;;;;;;;;;;;;;;;;;;;
;;;;;;;;;;;;;;;;;;;;;
;;;;;;;;;;;;;;;;;;;;;
;;;;;;;;;;;;;;;;;;;;;
;;;;;;;;;;;;;;;;;;;;;
;;;;;;;;;;;;;;;;;;;;;
;;;;;;;;;;;;;;;;;;;;;
;;;;;;;;;;;;;;;;;;;;;
;;;;;;;;;;;;;;;;;;;;;
;;;;;;;;;;;;;;;;;;;;;
;;;;;;;;;;;;;;;;;;;;;
;;;;;;;;;;;;;;;;;;;;;
;;;;;;;;;;;;;;;;;;;;;
;;;;;;;;;;;;;;;;;;;;;
;;;;;;;;;;;;;;;;;;;;;
;;;;;;;;;;;;;;;;;;;;;
;;;;;;;;;;;;;;;;;;;;;
;;;;;;;;;;;;;;;;;;;;;
;;;;;;;;;;;;;;;;;;;;;
;;;;;;;;;;;;;;;;;;;;;
;;;;;;;;;;;;;;;;;;;;;
;;;;;;;;;;;;;;;;;;;;;
;;;;;;;;;;;;;;;;;;;;;
;;;;;;;;;;;;;;;;;;;;;
;;;;;;;;;;;;;;;;;;;;;
;;;;;;;;;;;;;;;;;;;;;
;;;;;;;;;;;;;;;;;;;;;
;;;;;;;;;;;;;;;;;;;;;
;;;;;;;;;;;;;;;;;;;;;
;;;;;;;;;;;;;;;;;;;;;
;;;;;;;;;;;;;;;;;;;;;
;;;;;;;;;;;;;;;;;;;;;
;;;;;;;;;;;;;;;;;;;;;
;;;;;;;;;;;;;;;;;;;;;
;;;;;;;;;;;;;;;;;;;;;
;;;;;;;;;;;;;;;;;;;;;
;;;;;;;;;;;;;;;;;;;;;
;;;;;;;;;;;;;;;;;;;;;
;;;;;;;;;;;;;;;;;;;;;
;;;;;;;;;;;;;;;;;;;;;
;;;;;;;;;;;;;;;;;;;;;
;;;;;;;;;;;;;;;;;;;;;
;;;;;;;;;;;;;;;;;;;;;
;;;;;;;;;;;;;;;;;;;;;
;;;;;;;;;;;;;;;;;;;;;
;;;;;;;;;;;;;;;;;;;;;
;;;;;;;;;;;;;;;;;;;;;
;;;;;;;;;;;;;;;;;;;;;
;;;;;;;;;;;;;;;;;;;;;
;;;;;;;;;;;;;;;;;;;;;
;;;;;;;;;;;;;;;;;;;;;
;;;;;;;;;;;;;;;;;;;;;
;;;;;;;;;;;;;;;;;;;;;
;;;;;;;;;;;;;;;;;;;;;
;;;;;;;;;;;;;;;;;;;;;
;;;;;;;;;;;;;;;;;;;;;
;;;;;;;;;;;;;;;;;;;;;
;;;;;;;;;;;;;;;;;;;;;
;;;;;;;;;;;;;;;;;;;;;
;;;;;;;;;;;;;;;;;;;;;
;;;;;;;;;;;;;;;;;;;;;
;;;;;;;;;;;;;;;;;;;;;
;;;;;;;;;;;;;;;;;;;;;
;;;;;;;;;;;;;;;;;;;;;
;;;;;;;;;;;;;;;;;;;;;
;;;;;;;;;;;;;;;;;;;;;
;;;;;;;;;;;;;;;;;;;;;
;;;;;;;;;;;;;;;;;;;;;
;;;;;;;;;;;;;;;;;;;;;
;;;;;;;;;;;;;;;;;;;;;
;;;;;;;;;;;;;;;;;;;;;
;;;;;;;;;;;;;;;;;;;;;
;;;;;;;;;;;;;;;;;;;;;
;;;;;;;;;;;;;;;;;;;;;
;;;;;;;;;;;;;;;;;;;;;
;;;;;;;;;;;;;;;;;;;;;
;;;;;;;;;;;;;;;;;;;;;
;;;;;;;;;;;;;;;;;;;;;
;;;;;;;;;;;;;;;;;;;;;
;;;;;;;;;;;;;;;;;;;;;
;;;;;;;;;;;;;;;;;;;;;
;;;;;;;;;;;;;;;;;;;;;
;;;;;;;;;;;;;;;;;;;;;
;;;;;;;;;;;;;;;;;;;;;
;;;;;;;;;;;;;;;;;;;;;
;;;;;;;;;;;;;;;;;;;;;
;;;;;;;;;;;;;;;;;;;;;
;;;;;;;;;;;;;;;;;;;;;
;;;;;;;;;;;;;;;;;;;;;
;;;;;;;;;;;;;;;;;;;;;
;;;;;;;;;;;;;;;;;;;;;
;;;;;;;;;;;;;;;;;;;;;
;;;;;;;;;;;;;;;;;;;;;
;;;;;;;;;;;;;;;;;;;;;
;;;;;;;;;;;;;;;;;;;;;
;;;;;;;;;;;;;;;;;;;;;
;;;;;;;;;;;;;;;;;;;;;
;;;;;;;;;;;;;;;;;;;;;
;;;;;;;;;;;;;;;;;;;;;
;;;;;;;;;;;;;;;;;;;;;
;;;;;;;;;;;;;;;;;;;;;
;;;;;;;;;;;;;;;;;;;;;
;;;;;;;;;;;;;;;;;;;;;
;;;;;;;;;;;;;;;;;;;;;
;;;;;;;;;;;;;;;;;;;;;
;;;;;;;;;;;;;;;;;;;;;
;;;;;;;;;;;;;;;;;;;;;
;;;;;;;;;;;;;;;;;;;;;
;;;;;;;;;;;;;;;;;;;;;
;;;;;;;;;;;;;;;;;;;;;
;;;;;;;;;;;;;;;;;;;;;
;;;;;;;;;;;;;;;;;;;;;
;;;;;;;;;;;;;;;;;;;;;
;;;;;;;;;;;;;;;;;;;;;
;;;;;;;;;;;;;;;;;;;;;
;;;;;;;;;;;;;;;;;;;;;
;;;;;;;;;;;;;;;;;;;;;
;;;;;;;;;;;;;;;;;;;;;
;;;;;;;;;;;;;;;;;;;;;
;;;;;;;;;;;;;;;;;;;;;
;;;;;;;;;;;;;;;;;;;;;
;;;;;;;;;;;;;;;;;;;;;
;;;;;;;;;;;;;;;;;;;;;
;;;;;;;;;;;;;;;;;;;;;
;;;;;;;;;;;;;;;;;;;;;
;;;;;;;;;;;;;;;;;;;;;
;;;;;;;;;;;;;;;;;;;;;
;;;;;;;;;;;;;;;;;;;;;
;;;;;;;;;;;;;;;;;;;;;
;;;;;;;;;;;;;;;;;;;;;
;;;;;;;;;;;;;;;;;;;;;
;;;;;;;;;;;;;;;;;;;;;
;;;;;;;;;;;;;;;;;;;;;
;;;;;;;;;;;;;;;;;;;;;
;;;;;;;;;;;;;;;;;;;;;
;;;;;;;;;;;;;;;;;;;;;
;;;;;;;;;;;;;;;;;;;;;
;;;;;;;;;;;;;;;;;;;;;
;;;;;;;;;;;;;;;;;;;;;
;;;;;;;;;;;;;;;;;;;;;
;;;;;;;;;;;;;;;;;;;;;
;;;;;;;;;;;;;;;;;;;;;
;;;;;;;;;;;;;;;;;;;;;
;;;;;;;;;;;;;;;;;;;;;
;;;;;;;;;;;;;;;;;;;;;
;;;;;;;;;;;;;;;;;;;;;
;;;;;;;;;;;;;;;;;;;;;
;;;;;;;;;;;;;;;;;;;;;
;;;;;;;;;;;;;;;;;;;;;
;;;;;;;;;;;;;;;;;;;;;
;;;;;;;;;;;;;;;;;;;;;
;;;;;;;;;;;;;;;;;;;;;
;;;;;;;;;;;;;;;;;;;;;
;;;;;;;;;;;;;;;;;;;;;
;;;;;;;;;;;;;;;;;;;;;
;;;;;;;;;;;;;;;;;;;;;
;;;;;;;;;;;;;;;;;;;;;
;;;;;;;;;;;;;;;;;;;;;
;;;;;;;;;;;;;;;;;;;;;
;;;;;;;;;;;;;;;;;;;;;
;;;;;;;;;;;;;;;;;;;;;
;;;;;;;;;;;;;;;;;;;;;
;;;;;;;;;;;;;;;;;;;;;
;;;;;;;;;;;;;;;;;;;;;
;;;;;;;;;;;;;;;;;;;;;
;;;;;;;;;;;;;;;;;;;;;
;;;;;;;;;;;;;;;;;;;;;
;;;;;;;;;;;;;;;;;;;;;
;;;;;;;;;;;;;;;;;;;;;
;;;;;;;;;;;;;;;;;;;;;
;;;;;;;;;;;;;;;;;;;;;
;;;;;;;;;;;;;;;;;;;;;
;;;;;;;;;;;;;;;;;;;;;
;;;;;;;;;;;;;;;;;;;;;
;;;;;;;;;;;;;;;;;;;;;
;;;;;;;;;;;;;;;;;;;;;
;;;;;;;;;;;;;;;;;;;;;
;;;;;;;;;;;;;;;;;;;;;
;;;;;;;;;;;;;;;;;;;;;
;;;;;;;;;;;;;;;;;;;;;
;;;;;;;;;;;;;;;;;;;;;
;;;;;;;;;;;;;;;;;;;;;
;;;;;;;;;;;;;;;;;;;;;
;;;;;;;;;;;;;;;;;;;;;
;;;;;;;;;;;;;;;;;;;;;
;;;;;;;;;;;;;;;;;;;;;
;;;;;;;;;;;;;;;;;;;;;
;;;;;;;;;;;;;;;;;;;;;
;;;;;;;;;;;;;;;;;;;;;
;;;;;;;;;;;;;;;;;;;;;
;;;;;;;;;;;;;;;;;;;;;
;;;;;;;;;;;;;;;;;;;;;
;;;;;;;;;;;;;;;;;;;;;
;;;;;;;;;;;;;;;;;;;;;
;;;;;;;;;;;;;;;;;;;;;
;;;;;;;;;;;;;;;;;;;;;
;;;;;;;;;;;;;;;;;;;;;
;;;;;;;;;;;;;;;;;;;;;
;;;;;;;;;;;;;;;;;;;;;
;;;;;;;;;;;;;;;;;;;;;
;;;;;;;;;;;;;;;;;;;;;
;;;;;;;;;;;;;;;;;;;;;
;;;;;;;;;;;;;;;;;;;;;
;;;;;;;;;;;;;;;;;;;;;
;;;;;;;;;;;;;;;;;;;;;
;;;;;;;;;;;;;;;;;;;;;
;;;;;;;;;;;;;;;;;;;;;
;;;;;;;;;;;;;;;;;;;;;
;;;;;;;;;;;;;;;;;;;;;
;;;;;;;;;;;;;;;;;;;;;
;;;;;;;;;;;;;;;;;;;;;
;;;;;;;;;;;;;;;;;;;;;
;;;;;;;;;;;;;;;;;;;;;
;;;;;;;;;;;;;;;;;;;;;
;;;;;;;;;;;;;;;;;;;;;
;;;;;;;;;;;;;;;;;;;;;
;;;;;;;;;;;;;;;;;;;;;
;;;;;;;;;;;;;;;;;;;;;
;;;;;;;;;;;;;;;;;;;;;
;;;;;;;;;;;;;;;;;;;;;
;;;;;;;;;;;;;;;;;;;;;
;;;;;;;;;;;;;;;;;;;;;
;;;;;;;;;;;;;;;;;;;;;
;;;;;;;;;;;;;;;;;;;;;
;;;;;;;;;;;;;;;;;;;;;
;;;;;;;;;;;;;;;;;;;;;
;;;;;;;;;;;;;;;;;;;;;
;;;;;;;;;;;;;;;;;;;;;
;;;;;;;;;;;;;;;;;;;;;
;;;;;;;;;;;;;;;;;;;;;
;;;;;;;;;;;;;;;;;;;;;
;;;;;;;;;;;;;;;;;;;;;
;;;;;;;;;;;;;;;;;;;;;
;;;;;;;;;;;;;;;;;;;;;
;;;;;;;;;;;;;;;;;;;;;
;;;;;;;;;;;;;;;;;;;;;
;;;;;;;;;;;;;;;;;;;;;
;;;;;;;;;;;;;;;;;;;;;
;;;;;;;;;;;;;;;;;;;;;
;;;;;;;;;;;;;;;;;;;;;
;;;;;;;;;;;;;;;;;;;;;
;;;;;;;;;;;;;;;;;;;;;
;;;;;;;;;;;;;;;;;;;;;
;;;;;;;;;;;;;;;;;;;;;
;;;;;;;;;;;;;;;;;;;;;
;;;;;;;;;;;;;;;;;;;;;
;;;;;;;;;;;;;;;;;;;;;
;;;;;;;;;;;;;;;;;;;;;
;;;;;;;;;;;;;;;;;;;;;
;;;;;;;;;;;;;;;;;;;;;
;;;;;;;;;;;;;;;;;;;;;
;;;;;;;;;;;;;;;;;;;;;
;;;;;;;;;;;;;;;;;;;;;
;;;;;;;;;;;;;;;;;;;;;
;;;;;;;;;;;;;;;;;;;;;
;;;;;;;;;;;;;;;;;;;;;
;;;;;;;;;;;;;;;;;;;;;
;;;;;;;;;;;;;;;;;;;;;
;;;;;;;;;;;;;;;;;;;;;
;;;;;;;;;;;;;;;;;;;;;
;;;;;;;;;;;;;;;;;;;;;
;;;;;;;;;;;;;;;;;;;;;
;;;;;;;;;;;;;;;;;;;;;
;;;;;;;;;;;;;;;;;;;;;
;;;;;;;;;;;;;;;;;;;;;
;;;;;;;;;;;;;;;;;;;;;
;;;;;;;;;;;;;;;;;;;;;
;;;;;;;;;;;;;;;;;;;;;
;;;;;;;;;;;;;;;;;;;;;
;;;;;;;;;;;;;;;;;;;;;
;;;;;;;;;;;;;;;;;;;;;
;;;;;;;;;;;;;;;;;;;;;
;;;;;;;;;;;;;;;;;;;;;
;;;;;;;;;;;;;;;;;;;;;
;;;;;;;;;;;;;;;;;;;;;
;;;;;;;;;;;;;;;;;;;;;
;;;;;;;;;;;;;;;;;;;;;
;;;;;;;;;;;;;;;;;;;;;
;;;;;;;;;;;;;;;;;;;;;
;;;;;;;;;;;;;;;;;;;;;
;;;;;;;;;;;;;;;;;;;;;
;;;;;;;;;;;;;;;;;;;;;
;;;;;;;;;;;;;;;;;;;;;
;;;;;;;;;;;;;;;;;;;;;
;;;;;;;;;;;;;;;;;;;;;
;;;;;;;;;;;;;;;;;;;;;
;;;;;;;;;;;;;;;;;;;;;
;;;;;;;;;;;;;;;;;;;;;
;;;;;;;;;;;;;;;;;;;;;
;;;;;;;;;;;;;;;;;;;;;
;;;;;;;;;;;;;;;;;;;;;
;;;;;;;;;;;;;;;;;;;;;
;;;;;;;;;;;;;;;;;;;;;
;;;;;;;;;;;;;;;;;;;;;
;;;;;;;;;;;;;;;;;;;;;
;;;;;;;;;;;;;;;;;;;;;
;;;;;;;;;;;;;;;;;;;;;
;;;;;;;;;;;;;;;;;;;;;
;;;;;;;;;;;;;;;;;;;;;
;;;;;;;;;;;;;;;;;;;;;
;;;;;;;;;;;;;;;;;;;;;
;;;;;;;;;;;;;;;;;;;;;
;;;;;;;;;;;;;;;;;;;;;
;;;;;;;;;;;;;;;;;;;;;
;;;;;;;;;;;;;;;;;;;;;
;;;;;;;;;;;;;;;;;;;;;
;;;;;;;;;;;;;;;;;;;;;
;;;;;;;;;;;;;;;;;;;;;
;;;;;;;;;;;;;;;;;;;;;
;;;;;;;;;;;;;;;;;;;;;
;;;;;;;;;;;;;;;;;;;;;
;;;;;;;;;;;;;;;;;;;;;
;;;;;;;;;;;;;;;;;;;;;
;;;;;;;;;;;;;;;;;;;;;
;;;;;;;;;;;;;;;;;;;;;
;;;;;;;;;;;;;;;;;;;;;
;;;;;;;;;;;;;;;;;;;;;
;;;;;;;;;;;;;;;;;;;;;
;;;;;;;;;;;;;;;;;;;;;
;;;;;;;;;;;;;;;;;;;;;
;;;;;;;;;;;;;;;;;;;;;
;;;;;;;;;;;;;;;;;;;;;
;;;;;;;;;;;;;;;;;;;;;
;;;;;;;;;;;;;;;;;;;;;
;;;;;;;;;;;;;;;;;;;;;
;;;;;;;;;;;;;;;;;;;;;
;;;;;;;;;;;;;;;;;;;;;
;;;;;;;;;;;;;;;;;;;;;
;;;;;;;;;;;;;;;;;;;;;
;;;;;;;;;;;;;;;;;;;;;
;;;;;;;;;;;;;;;;;;;;;
;;;;;;;;;;;;;;;;;;;;;
;;;;;;;;;;;;;;;;;;;;;
;;;;;;;;;;;;;;;;;;;;;
;;;;;;;;;;;;;;;;;;;;;
;;;;;;;;;;;;;;;;;;;;;
;;;;;;;;;;;;;;;;;;;;;
;;;;;;;;;;;;;;;;;;;;;
;;;;;;;;;;;;;;;;;;;;;
;;;;;;;;;;;;;;;;;;;;;
;;;;;;;;;;;;;;;;;;;;;
;;;;;;;;;;;;;;;;;;;;;
;;;;;;;;;;;;;;;;;;;;;
;;;;;;;;;;;;;;;;;;;;;
;;;;;;;;;;;;;;;;;;;;;
;;;;;;;;;;;;;;;;;;;;;
;;;;;;;;;;;;;;;;;;;;;
;;;;;;;;;;;;;;;;;;;;;
;;;;;;;;;;;;;;;;;;;;;
;;;;;;;;;;;;;;;;;;;;;
;;;;;;;;;;;;;;;;;;;;;
;;;;;;;;;;;;;;;;;;;;;
;;;;;;;;;;;;;;;;;;;;;
;;;;;;;;;;;;;;;;;;;;;
;;;;;;;;;;;;;;;;;;;;;
;;;;;;;;;;;;;;;;;;;;;
;;;;;;;;;;;;;;;;;;;;;
;;;;;;;;;;;;;;;;;;;;;
;;;;;;;;;;;;;;;;;;;;;
;;;;;;;;;;;;;;;;;;;;;
;;;;;;;;;;;;;;;;;;;;;
;;;;;;;;;;;;;;;;;;;;;
;;;;;;;;;;;;;;;;;;;;;
;;;;;;;;;;;;;;;;;;;;;
;;;;;;;;;;;;;;;;;;;;;
;;;;;;;;;;;;;;;;;;;;;
;;;;;;;;;;;;;;;;;;;;;
;;;;;;;;;;;;;;;;;;;;;
;;;;;;;;;;;;;;;;;;;;;
;;;;;;;;;;;;;;;;;;;;;
;;;;;;;;;;;;;;;;;;;;;
;;;;;;;;;;;;;;;;;;;;;
;;;;;;;;;;;;;;;;;;;;;
;;;;;;;;;;;;;;;;;;;;;
;;;;;;;;;;;;;;;;;;;;;
;;;;;;;;;;;;;;;;;;;;;
;;;;;;;;;;;;;;;;;;;;;
;;;;;;;;;;;;;;;;;;;;;
;;;;;;;;;;;;;;;;;;;;;
;;;;;;;;;;;;;;;;;;;;;
;;;;;;;;;;;;;;;;;;;;;
;;;;;;;;;;;;;;;;;;;;;
;;;;;;;;;;;;;;;;;;;;;
;;;;;;;;;;;;;;;;;;;;;
;;;;;;;;;;;;;;;;;;;;;
;;;;;;;;;;;;;;;;;;;;;
;;;;;;;;;;;;;;;;;;;;;
;;;;;;;;;;;;;;;;;;;;;
;;;;;;;;;;;;;;;;;;;;;
;;;;;;;;;;;;;;;;;;;;;
;;;;;;;;;;;;;;;;;;;;;
;;;;;;;;;;;;;;;;;;;;;
;;;;;;;;;;;;;;;;;;;;;
;;;;;;;;;;;;;;;;;;;;;
;;;;;;;;;;;;;;;;;;;;;
;;;;;;;;;;;;;;;;;;;;;
;;;;;;;;;;;;;;;;;;;;;
;;;;;;;;;;;;;;;;;;;;;
;;;;;;;;;;;;;;;;;;;;;
;;;;;;;;;;;;;;;;;;;;;
;;;;;;;;;;;;;;;;;;;;;
;;;;;;;;;;;;;;;;;;;;;
;;;;;;;;;;;;;;;;;;;;;
;;;;;;;;;;;;;;;;;;;;;
;;;;;;;;;;;;;;;;;;;;;
;;;;;;;;;;;;;;;;;;;;;
;;;;;;;;;;;;;;;;;;;;;
;;;;;;;;;;;;;;;;;;;;;
;;;;;;;;;;;;;;;;;;;;;
;;;;;;;;;;;;;;;;;;;;;
;;;;;;;;;;;;;;;;;;;;;
;;;;;;;;;;;;;;;;;;;;;
;;;;;;;;;;;;;;;;;;;;;
;;;;;;;;;;;;;;;;;;;;;
;;;;;;;;;;;;;;;;;;;;;
;;;;;;;;;;;;;;;;;;;;;
;;;;;;;;;;;;;;;;;;;;;
;;;;;;;;;;;;;;;;;;;;;
;;;;;;;;;;;;;;;;;;;;;
;;;;;;;;;;;;;;;;;;;;;
;;;;;;;;;;;;;;;;;;;;;
;;;;;;;;;;;;;;;;;;;;;
;;;;;;;;;;;;;;;;;;;;;
;;;;;;;;;;;;;;;;;;;;;
;;;;;;;;;;;;;;;;;;;;;
;;;;;;;;;;;;;;;;;;;;;
;;;;;;;;;;;;;;;;;;;;;
;;;;;;;;;;;;;;;;;;;;;
;;;;;;;;;;;;;;;;;;;;;
;;;;;;;;;;;;;;;;;;;;;
;;;;;;;;;;;;;;;;;;;;;
;;;;;;;;;;;;;;;;;;;;;
;;;;;;;;;;;;;;;;;;;;;
;;;;;;;;;;;;;;;;;;;;;
;;;;;;;;;;;;;;;;;;;;;
;;;;;;;;;;;;;;;;;;;;;
;;;;;;;;;;;;;;;;;;;;;
;;;;;;;;;;;;;;;;;;;;;
;;;;;;;;;;;;;;;;;;;;;
;;;;;;;;;;;;;;;;;;;;;
;;;;;;;;;;;;;;;;;;;;;
;;;;;;;;;;;;;;;;;;;;;
;;;;;;;;;;;;;;;;;;;;;
;;;;;;;;;;;;;;;;;;;;;
;;;;;;;;;;;;;;;;;;;;;
;;;;;;;;;;;;;;;;;;;;;
;;;;;;;;;;;;;;;;;;;;;
;;;;;;;;;;;;;;;;;;;;;
;;;;;;;;;;;;;;;;;;;;;
;;;;;;;;;;;;;;;;;;;;;
;;;;;;;;;;;;;;;;;;;;;
;;;;;;;;;;;;;;;;;;;;;
;;;;;;;;;;;;;;;;;;;;;
;;;;;;;;;;;;;;;;;;;;;
;;;;;;;;;;;;;;;;;;;;;
;;;;;;;;;;;;;;;;;;;;;
;;;;;;;;;;;;;;;;;;;;;
;;;;;;;;;;;;;;;;;;;;;
;;;;;;;;;;;;;;;;;;;;;
;;;;;;;;;;;;;;;;;;;;;
;;;;;;;;;;;;;;;;;;;;;
;;;;;;;;;;;;;;;;;;;;;
;;;;;;;;;;;;;;;;;;;;;
;;;;;;;;;;;;;;;;;;;;;
;;;;;;;;;;;;;;;;;;;;;
;;;;;;;;;;;;;;;;;;;;;
;;;;;;;;;;;;;;;;;;;;;
;;;;;;;;;;;;;;;;;;;;;
;;;;;;;;;;;;;;;;;;;;;
;;;;;;;;;;;;;;;;;;;;;
;;;;;;;;;;;;;;;;;;;;;
;;;;;;;;;;;;;;;;;;;;;
;;;;;;;;;;;;;;;;;;;;;
;;;;;;;;;;;;;;;;;;;;;
;;;;;;;;;;;;;;;;;;;;;
;;;;;;;;;;;;;;;;;;;;;
;;;;;;;;;;;;;;;;;;;;;
;;;;;;;;;;;;;;;;;;;;;
;;;;;;;;;;;;;;;;;;;;;
;;;;;;;;;;;;;;;;;;;;;
;;;;;;;;;;;;;;;;;;;;;
