Date;Time;G;Tournament;Map;Mode;Opponent;;Vs. Opponent;VOD;Civ1;Civ2;Win;Mirror;Civ List;Picks;Wins;Win Rate;CDPS Score;Fortified Clearing;Total matches;205
23/01/2026;17:00 UTC;[Age of Empires II];1v1 HunCup 2025 [1v1 HunCup 2025];Fortified Clearing [Fortified Clearing];1v1;dave_hun [Dave hun] [Hungary] [Hungary] [Bohemians] [Bohemians];<;Sziky [Turks] [Turks] [Hungary] [Hungary] [Sziky];(G7) [Watch VOD] [Watch VOD];Bohemians;Turks;Turks;FALSE;Armenians;5;2;40%;51,73;Fortified Clearing;;
08/12/2025;17:00 UTC;[Age of Empires II];Torneo Nacional Espańol 2025 [Torneo Nacional Espańol/2025];Fortified Clearing [Fortified Clearing];1v1;Tomate [Tomate] [Spain] [Spain] [Turks] [Turks];<;m0re [Hindustanis] [Hindustanis] [Spain] [Spain] [M0re];(G6) [Watch VOD] [Watch VOD];Turks;Hindustanis;Hindustanis;FALSE;Aztecs;5;3;60%;58,99;Fortified Clearing;;
07/12/2025;10:00 UTC;[Age of Empires II];Torneo Nacional Espańol 2025 [Torneo Nacional Espańol/2025];Fortified Clearing [Fortified Clearing];1v1;12Tirador [12Tirador] [Spain] [Spain] [Burmese] [Burmese];<;PoXoLo [Italians] [Italians] [Spain] [Spain] [PoXoLo];(G1) [Watch VOD] [Watch VOD];Burmese;Italians;Italians;FALSE;Bengalis;21;9;43%;54,70;Fortified Clearing;;
06/12/2025;13:30 UTC;[Age of Empires II];1v1 HunCup 2025 [1v1 HunCup 2025];Fortified Clearing [Fortified Clearing];1v1;wawa90 [Wawa90 (page does not exist)] [Hungary] [Hungary] [Hindustanis] [Hindustanis];<;overkill [Lithuanians] [Lithuanians] [Hungary] [Hungary] [Overkill (page does not exist)];(G2) [Watch VOD] [Watch VOD];Hindustanis;Lithuanians;Lithuanians;FALSE;Berbers;3;0;0%;0,00;Fortified Clearing;;
04/12/2025;21:00 UTC;[Age of Empires II];Torneo Nacional Espańol 2025 [Torneo Nacional Espańol/2025];Fortified Clearing [Fortified Clearing];1v1;Tomate [Tomate] [Spain] [Spain] [Bohemians] [Bohemians];>;Moneimon [Armenians] [Armenians] [Spain] [Spain] [Moneimon];(G2) [Watch VOD] [Watch VOD];Bohemians;Armenians;Bohemians;FALSE;Bohemians;41;21;51%;64,46;Fortified Clearing;;
26/11/2025;10:00 UTC;[Age of Empires II];Torneo Nacional Espańol 2025 [Torneo Nacional Espańol/2025];Fortified Clearing [Fortified Clearing];1v1;m0re [M0re] [Spain] [Spain] [Armenians] [Armenians];>;Tomate [Poles] [Poles] [Spain] [Spain] [Tomate];(G2) [Watch VOD] [Watch VOD];Armenians;Poles;Armenians;FALSE;Britons;10;5;50%;57,69;Fortified Clearing;;
24/11/2025;19:30 UTC;[Age of Empires II];1v1 HunCup 2025 [1v1 HunCup 2025];Fortified Clearing [Fortified Clearing];1v1;TheTivadar [TheTivadar (page does not exist)] [Hungary] [Hungary] [Malay] [Malay];<;dave_hun [Hungary] [Hungary] [Dave hun];(G3) [Watch VOD] [Watch VOD];Malay;Hungary;Hungary;FALSE;Bulgarians;1;1;100%;56,32;Fortified Clearing;;
17/11/2025;19:00 UTC;[Age of Empires II];1v1 HunCup 2025: Swiss Stage [1v1 HunCup 2025/Swiss Stage];Fortified Clearing [Fortified Clearing];1v1;3milio [3milio (page does not exist)] [Hungary] [Hungary] [Persians] [Persians];<;TheTivadar [Burgundians] [Burgundians] [Hungary] [Hungary] [TheTivadar (page does not exist)];(G1) [Watch VOD] [Watch VOD];Persians;Burgundians;Burgundians;FALSE;Burgundians;60;39;65%;81,42;Fortified Clearing;;
17/11/2025;17:30 UTC;[Age of Empires II];1v1 HunCup 2025: Swiss Stage [1v1 HunCup 2025/Swiss Stage];Fortified Clearing [Fortified Clearing];1v1;Hrafn_the_Berzerker [Hrafn the Berzerker (page does not exist)] [Hungary] [Hungary] [Saracens] [Saracens];<;wawa90 [Burmese] [Burmese] [Hungary] [Hungary] [Wawa90 (page does not exist)];(G1) [Watch VOD] [Watch VOD];Saracens;Burmese;Burmese;FALSE;Burmese;11;6;55%;60,77;Fortified Clearing;;
16/11/2025;16:45 UTC;[Age of Empires II];1v1 HunCup 2025: Swiss Stage [1v1 HunCup 2025/Swiss Stage];Fortified Clearing [Fortified Clearing];1v1;Nessius Blaze [Nessius Blaze (page does not exist)] [Hungary] [Hungary] [Slavs] [Slavs];<;peppsi96 [Khmer] [Khmer] [Hungary] [Hungary] [Peppsi96 (page does not exist)];(G1) [Watch VOD] [Watch VOD];Slavs;Khmer;Khmer;FALSE;Byzantines;3;1;33%;34,62;Fortified Clearing;;
15/11/2025;18:00 UTC;[Age of Empires II];1v1 HunCup 2025: Swiss Stage [1v1 HunCup 2025/Swiss Stage];Fortified Clearing [Fortified Clearing];1v1;Salytmacska [Salytmacska (page does not exist)] [Hungary] [Hungary] [Armenians] [Armenians];>;ReDw1nG [Goths] [Goths] [Hungary] [Hungary] [ReDw1nG (page does not exist)];(G3) [Watch VOD] [Watch VOD];Armenians;Goths;Armenians;FALSE;Celts;2;1;50%;52,96;Fortified Clearing;;
15/11/2025;18:00 UTC;[Age of Empires II];T90 Titans League 5: Bronze League [T90 Titans League/5/Bronze League];Fortified Clearing [Fortified Clearing];1v1;DeaKer [DeaKer] [Argentina] [Argentina] [Burgundians] [Burgundians];<;wide [Vietnamese] [Vietnamese] [Russia] [Russia] [Wide];(G3) [Watch VOD] [Watch VOD];Burgundians;Vietnamese;Vietnamese;FALSE;Chinese;0;0;0%;0,00;Fortified Clearing;;
12/11/2025;;[Age of Empires II];Torneo Nacional Espańol 2025 [Torneo Nacional Espańol/2025];Fortified Clearing [Fortified Clearing];1v1;m4rco [M4rco (page does not exist)] [Spain] [Spain] [Italians] [Italians];<;12Tirador [Burmese] [Burmese] [Spain] [Spain] [12Tirador];(G1) [Watch VOD] [Watch VOD];Italians;Burmese;Burmese;FALSE;Cumans;19;12;63%;70,39;Fortified Clearing;;
10/11/2025;19:00 UTC;[Age of Empires II];T90 Titans League 5: Bronze League [T90 Titans League/5/Bronze League];Fortified Clearing [Fortified Clearing];1v1;Gabi [Gabi] [Brazil] [Brazil] [Portuguese] [Portuguese];<;Target331 [Lithuanians] [Lithuanians] [Germany] [Germany] [Target331];(G4) [Watch VOD] [Watch VOD];Portuguese;Lithuanians;Lithuanians;FALSE;Dravidians;1;0;0%;0,00;Fortified Clearing;;
09/11/2025;20:00 UTC;[Age of Empires II];T90 Titans League 5: Silver Replacement Qualifier [T90 Titans League/5/Silver Replacement Qualifier];Fortified Clearing [Fortified Clearing];1v1;IXAM [IXAM (page does not exist)] [Argentina] [Argentina] [Poles] [Poles];<;El_Matador [Turks] [Turks] [Germany] [Germany] [El Matador];(G4) [Watch VOD] [Watch VOD];Poles;Turks;Turks;FALSE;Ethiopians;2;0;0%;0,00;Fortified Clearing;;
09/11/2025;20:00 UTC;[Age of Empires II];1v1 HunCup 2025: Swiss Stage [1v1 HunCup 2025/Swiss Stage];Fortified Clearing [Fortified Clearing];1v1;Marty McFly [Marty McFly (page does not exist)] [Slovakia] [Slovakia] [Dravidians] [Dravidians];<;Latig [Jurchens] [Jurchens] [Hungary] [Hungary] [Latig (page does not exist)];(G3) [Watch VOD] [Watch VOD];Dravidians;Jurchens;Jurchens;FALSE;Franks;1;1;100%;56,32;Fortified Clearing;;
09/11/2025;16:25 UTC;[Age of Empires II];T90 Titans League 5: Bronze League [T90 Titans League/5/Bronze League];Fortified Clearing [Fortified Clearing];1v1;Survivalist [Survivalist] [Canada] [Canada] [Portuguese] [Portuguese];<;AntagonisT [Malay] [Malay] [Russia] [Russia] [IAnTaGoNiStI];(G1) [Watch VOD] [Watch VOD];Portuguese;Malay;Malay;FALSE;Georgians;1;0;0%;0,00;Fortified Clearing;;
06/11/2025;15:00 UTC;[Age of Empires II];T90 Titans League 5: Bronze League [T90 Titans League/5/Bronze League];Fortified Clearing [Fortified Clearing];1v1;Lamo [Lamo] [Latvia] [Latvia] [Burgundians] [Burgundians];<;chart [Hindustanis] [Hindustanis] [Japan] [Japan] [Chart];(G4) [Watch VOD] [Watch VOD];Burgundians;Hindustanis;Hindustanis;FALSE;Goths;2;0;0%;0,00;Fortified Clearing;;
04/11/2025;19:30 UTC;[Age of Empires II];1v1 HunCup 2025: Swiss Stage [1v1 HunCup 2025/Swiss Stage];Fortified Clearing [Fortified Clearing];1v1;behemoth [Behemoth (page does not exist)] [Hungary] [Hungary] [Portuguese] [Portuguese];<;overkill [Turks] [Turks] [Hungary] [Hungary] [Overkill (page does not exist)];(G3) [Watch VOD] [Watch VOD];Portuguese;Turks;Turks;FALSE;Gurjaras;11;4;36%;41,19;Fortified Clearing;;
02/11/2025;19:00 UTC;[Age of Empires II];T90 Titans League 5: Bronze League [T90 Titans League/5/Bronze League];Fortified Clearing [Fortified Clearing];1v1;Thofou [Thofou (page does not exist)] [Belgium] [Belgium] [Poles] [Poles];>;NeoZz [Hindustanis] [Hindustanis] [France] [France] [NeoZz];(G4) [Watch VOD] [Watch VOD];Poles;Hindustanis;Poles;FALSE;Hindustanis;21;11;52%;62,45;Fortified Clearing;;
02/11/2025;17:00 UTC;[Age of Empires II];1v1 HunCup 2025: Swiss Stage [1v1 HunCup 2025/Swiss Stage];Fortified Clearing [Fortified Clearing];1v1;wawa90 [Wawa90 (page does not exist)] [Hungary] [Hungary] [Spanish] [Spanish];>;Nessius Blaze [Armenians] [Armenians] [Hungary] [Hungary] [Nessius Blaze (page does not exist)];(G2) [Watch VOD] [Watch VOD];Spanish;Armenians;Spanish;FALSE;Huns;1;0;0%;0,00;Fortified Clearing;;
02/11/2025;15:00 UTC;[Age of Empires II];1v1 HunCup 2025: Swiss Stage [1v1 HunCup 2025/Swiss Stage];Fortified Clearing [Fortified Clearing];1v1;Rideg [Rideg] [Hungary] [Hungary] [Mongols] [Mongols];>;Adel [Byzantines] [Byzantines] [Hungary] [Hungary] [Adel (page does not exist)];(G3) [Watch VOD] [Watch VOD];Mongols;Byzantines;Mongols;FALSE;Incas;0;0;0%;0,00;Fortified Clearing;;
31/10/2025;17:00 UTC;[Age of Empires II];T90 Titans League 5: Bronze League [T90 Titans League/5/Bronze League];Fortified Clearing [Fortified Clearing];1v1;Emu Warrior [Emu Warrior (page does not exist)] [United States] [United States] [Khitans] [Khitans];<;AntagonisT [Burgundians] [Burgundians] [Russia] [Russia] [IAnTaGoNiStI];(G3) [Watch VOD] [Watch VOD];Khitans;Burgundians;Burgundians;FALSE;Italians;8;3;38%;44,53;Fortified Clearing;;
31/10/2025;17:00 UTC;[Age of Empires II];T90 Titans League 5: Bronze League [T90 Titans League/5/Bronze League];Fortified Clearing [Fortified Clearing];1v1;Gabi [Gabi] [Brazil] [Brazil] [Portuguese] [Portuguese];>;Fedex [Malay] [Malay] [Argentina] [Argentina] [Fedex];(G3) [Watch VOD] [Watch VOD];Portuguese;Malay;Portuguese;FALSE;Japanese;0;0;0%;0,00;Fortified Clearing;;
31/10/2025;15:00 UTC;[Age of Empires II];T90 Titans League 5: Bronze League [T90 Titans League/5/Bronze League];Fortified Clearing [Fortified Clearing];1v1;Mastyjames [Mastyjames (page does not exist)] [United States] [United States] [Khitans] [Khitans];>;Dennis [Wei] [Wei] [Hong Kong] [Hong Kong] [Dennis];(G3) [Watch VOD] [Watch VOD];Khitans;Wei;Khitans;FALSE;Jurchens;1;1;100%;56,32;Fortified Clearing;;
30/10/2025;17:30 UTC;[Age of Empires II];T90 Titans League 5: Bronze League [T90 Titans League/5/Bronze League];Fortified Clearing [Fortified Clearing];1v1;Wean Dinchester [Wean Dinchester] [Austria] [Austria] [Burgundians] [Burgundians];>;Nahue05 [Cumans] [Cumans] [Argentina] [Argentina] [Nahuel05];(G3) [Watch VOD] [Watch VOD];Burgundians;Cumans;Burgundians;FALSE;Khitans;3;2;67%;57,98;Fortified Clearing;;
30/10/2025;;[Age of Empires II];Torneo Nacional Espańol 2025 [Torneo Nacional Espańol/2025];Fortified Clearing [Fortified Clearing];1v1;Etherias [Etherias (page does not exist)] [Spain] [Spain] [Cumans] [Cumans];<;DM_The_Death [Malians] [Malians] [Spain] [Spain] [DM The Death (page does not exist)];(G3) [Watch VOD] [Watch VOD];Cumans;Malians;Malians;FALSE;Khmer;13;6;46%;56,13;Fortified Clearing;;
26/10/2025;20:15 UTC;[Age of Empires II];T90 Titans League 5: Bronze League [T90 Titans League/5/Bronze League];Fortified Clearing [Fortified Clearing];1v1;Dobbs351 [Dobbs351] [Denmark] [Denmark] [Celts] [Celts];<;Wean Dinchester [Turks] [Turks] [Austria] [Austria] [Wean Dinchester];(G1) [Watch VOD] [Watch VOD];Celts;Turks;Turks;FALSE;Koreans;1;0;0%;0,00;Fortified Clearing;;
26/10/2025;17:00 UTC;[Age of Empires II];1v1 HunCup 2025: Swiss Stage [1v1 HunCup 2025/Swiss Stage];Fortified Clearing [Fortified Clearing];1v1;wawa90 [Wawa90 (page does not exist)] [Hungary] [Hungary] [Burgundians] [Burgundians];<;peppsi96 [Franks] [Franks] [Hungary] [Hungary] [Peppsi96 (page does not exist)];(G3) [Watch VOD] [Watch VOD];Burgundians;Franks;Franks;FALSE;Lithuanians;6;5;83%;69,71;Fortified Clearing;;
26/10/2025;16:00 UTC;[Age of Empires II];T90 Titans League 5: Bronze League [T90 Titans League/5/Bronze League];Fortified Clearing [Fortified Clearing];1v1;steak [Steak] [United Kingdom] [United Kingdom] [Portuguese] [Portuguese];<;Emu Warrior [Khitans] [Khitans] [United States] [United States] [Emu Warrior (page does not exist)];(G2) [Watch VOD] [Watch VOD];Portuguese;Khitans;Khitans;FALSE;Magyars;0;0;0%;0,00;Fortified Clearing;;
25/10/2025;10:05 UTC;[Age of Empires II];Torneo Nacional Espańol 2025 [Torneo Nacional Espańol/2025];Fortified Clearing [Fortified Clearing];1v1;Duke Thompson [Duke Thompson (page does not exist)] [Uruguay] [Uruguay] [Wei] [Wei];<;Poxo [Burgundians] [Burgundians] [Spain] [Spain] [Poxo];(G3) [Watch VOD] [Watch VOD];Wei;Burgundians;Burgundians;FALSE;Malay;20;10;50%;60,32;Fortified Clearing;;
19/10/2025;17:00 UTC;[Age of Empires II];1v1 HunCup 2025: Swiss Stage [1v1 HunCup 2025/Swiss Stage];Fortified Clearing [Fortified Clearing];1v1;szatyorfülü [Szatyorfülü (page does not exist)] [Hungary] [Hungary] [Malians] [Malians];<;Jugger [Romans] [Romans] [Hungary] [Hungary] [Jugger (Hungarian Player) (page does not exist)];(G1) [Watch VOD] [Watch VOD];Malians;Romans;Romans;FALSE;Malians;5;3;60%;58,99;Fortified Clearing;;
19/10/2025;14:00 UTC;[Age of Empires II];Torneo Nacional Espańol 2025 [Torneo Nacional Espańol/2025];Fortified Clearing [Fortified Clearing];1v1;Foskito [Foskito (page does not exist)] [Spain] [Spain] [Hindustanis] [Hindustanis];<;Bazing Hood [Burmese] [Burmese] [Spain] [Spain] [Bazing Hood (page does not exist)];(G3) [Watch VOD] [Watch VOD];Hindustanis;Burmese;Burmese;FALSE;Mapuche;0;0;0%;0,00;Fortified Clearing;;
16/10/2025;17:00 UTC;[Age of Empires II];1v1 HunCup 2025: Swiss Stage [1v1 HunCup 2025/Swiss Stage];Fortified Clearing [Fortified Clearing];1v1;behemoth [Behemoth (page does not exist)] [Hungary] [Hungary] [Mongols] [Mongols];<;3milio [Cumans] [Cumans] [Hungary] [Hungary] [3milio (page does not exist)];(G1) [Watch VOD] [Watch VOD];Mongols;Cumans;Cumans;FALSE;Mayans;1;0;0%;0,00;Fortified Clearing;;
09/10/2025;16:00 UTC;[Age of Empires II];Torneo Nacional Espańol 2025: Qualifier [Torneo Nacional Espańol/2025/Qualifier];Fortified Clearing [Fortified Clearing];1v1;Rumba [Rumba (page does not exist)] [Spain] [Spain] [Poles] [Poles];>;Odysseo [Burgundians] [Burgundians] [Spain] [Spain] [Odysseo (page does not exist)];(G2) [Watch VOD] [Watch VOD];Poles;Burgundians;Poles;FALSE;Mongols;4;1;25%;18,37;Fortified Clearing;;
05/10/2025;17:00 UTC;[Age of Empires II];1v1 HunCup 2025: Swiss Stage [1v1 HunCup 2025/Swiss Stage];Fortified Clearing [Fortified Clearing];1v1;krysuxie [Krysuxie (page does not exist)] [Hungary] [Hungary] [Burmese] [Burmese];<;Jugger [Vikings] [Vikings] [Hungary] [Hungary] [Jugger (Hungarian Player) (page does not exist)];(G1) [Watch VOD] [Watch VOD];Burmese;Vikings;Vikings;FALSE;Muisca;0;0;0%;0,00;Fortified Clearing;;
03/10/2025;17:00 UTC;[Age of Empires II];1v1 HunCup 2025: Swiss Stage [1v1 HunCup 2025/Swiss Stage];Fortified Clearing [Fortified Clearing];1v1;Azul Nagual [Azul Nagual (page does not exist)] [Hungary] [Hungary] [Spanish] [Spanish];>;Zrínyi Miklós [Ethiopians] [Ethiopians] [Hungary] [Hungary] [Zrínyi Miklós (page does not exist)];(G1) [Watch VOD] [Watch VOD];Spanish;Ethiopians;Spanish;FALSE;Persians;2;0;0%;0,00;Fortified Clearing;;
29/09/2025;16:00 UTC;[Age of Empires II];1v1 HunCup 2025: Swiss Stage [1v1 HunCup 2025/Swiss Stage];Fortified Clearing [Fortified Clearing];1v1;witcherkiller [Witcherkiller (page does not exist)] [Hungary] [Hungary] [Goths] [Goths];<;Misplaymaker [Cumans] [Cumans] [Hungary] [Hungary] [Misplaymaker (page does not exist)];(G1) [Watch VOD] [Watch VOD];Goths;Cumans;Cumans;FALSE;Poles;30;15;50%;61,94;Fortified Clearing;;
14/09/2025;17:00 UTC;[Age of Empires II];1v1 HunCup 2025: Swiss Stage [1v1 HunCup 2025/Swiss Stage];Fortified Clearing [Fortified Clearing];1v1;witcherkiller [Witcherkiller (page does not exist)] [Hungary] [Hungary] [Armenians] [Armenians];<;TheTivadar [Malians] [Malians] [Hungary] [Hungary] [TheTivadar (page does not exist)];(G2) [Watch VOD] [Watch VOD];Armenians;Malians;Malians;FALSE;Portuguese;17;5;29%;23,98;Fortified Clearing;;
06/09/2025;18:00 UTC;[Age of Empires II];1v1 HunCup 2025: Swiss Stage [1v1 HunCup 2025/Swiss Stage];Fortified Clearing [Fortified Clearing];1v1;SchleK [SchleK (page does not exist)] [Hungary] [Hungary] [Saracens] [Saracens];<;John [Lithuanians] [Lithuanians] [Hungary] [Hungary] [John];(G1) [Watch VOD] [Watch VOD];Saracens;Lithuanians;Lithuanians;FALSE;Puru;0;0;0%;0,00;Fortified Clearing;;
01/09/2025;17:00 UTC;[Age of Empires II];HunCup 2025 Showmatch #3 [1v1 HunCup 2025/Showmatch/3];Fortified Clearing [Fortified Clearing];1v1;Lui [Lui (page does not exist)] [Hungary] [Hungary] [Bohemians] [Bohemians];>;Apor [Huns] [Huns] [Romania] [Romania] [Apor (page does not exist)];(G1) [Watch VOD] [Watch VOD];Bohemians;Huns;Bohemians;FALSE;Romans;2;1;50%;52,96;Fortified Clearing;;
28/08/2025;17:25 UTC;[Age of Empires II];Midweek Madness August #3 [Midweek Madness/2025/August/3];Fortified Clearing [Fortified Clearing];1v1;TheViper [TheViper] [Norway] [Norway] [Poles] [Poles];>;Mihai06 [Cumans] [Cumans] [Romania] [Romania] [Mihai06];(G2) [Watch VOD] [Watch VOD];Poles;Cumans;Poles;FALSE;Saracens;5;3;60%;58,99;Fortified Clearing;;
28/08/2025;16:10 UTC;[Age of Empires II];Midweek Madness August #3 [Midweek Madness/2025/August/3];Fortified Clearing [Fortified Clearing];1v1;Kingstone [KingstoNe] [Mexico] [Mexico] [Lithuanians] [Lithuanians];<;Mihai06 [Bengalis] [Bengalis] [Romania] [Romania] [Mihai06];(G2) [Watch VOD] [Watch VOD];Lithuanians;Bengalis;Bengalis;FALSE;Shu;0;0;0%;0,00;Fortified Clearing;;
27/08/2025;18:00 UTC;[Age of Empires II];Midweek Madness August #3 [Midweek Madness/2025/August/3];Fortified Clearing [Fortified Clearing];1v1;FreakinAndy [FreakinAndy] [Austria] [Austria] [Wei] [Wei];<;TheViper [Poles] [Poles] [Norway] [Norway] [TheViper];(G3) [Watch VOD] [Watch VOD];Wei;Poles;Poles;FALSE;Sicilians;2;1;50%;52,96;Fortified Clearing;;
27/08/2025;16:40 UTC;[Age of Empires II];Midweek Madness August #3 [Midweek Madness/2025/August/3];Fortified Clearing [Fortified Clearing];1v1;Kingstone [KingstoNe] [Mexico] [Mexico] [Burgundians] [Burgundians];>;classicpro [Bengalis] [Bengalis] [Ukraine] [Ukraine] [Classicpro];(G3) [Watch VOD] [Watch VOD];Burgundians;Bengalis;Burgundians;FALSE;Slavs;3;1;33%;34,62;Fortified Clearing;;
26/08/2025;15:10 UTC;[Age of Empires II];Midweek Madness August #3 [Midweek Madness/2025/August/3];Fortified Clearing [Fortified Clearing];1v1;Thŕnh C? Qu?ng Tr? [Thŕnh C? Qu?ng Tr?] [Vietnam] [Vietnam] [Tatars] [Tatars];<;Terz [Poles] [Poles] [Germany] [Germany] [Terz];(G2) [Watch VOD] [Watch VOD];Tatars;Poles;Poles;FALSE;Spanish;10;7;70%;69,09;Fortified Clearing;;
26/08/2025;14:00 UTC;[Age of Empires II];Midweek Madness August #3 [Midweek Madness/2025/August/3];Fortified Clearing [Fortified Clearing];1v1;StonePleaseAoE [StonePleaseAoE] [Germany] [Germany] [Burgundians] [Burgundians];<;FreakinAndy [Bohemians] [Bohemians] [Austria] [Austria] [FreakinAndy];(G1) [Watch VOD] [Watch VOD];Burgundians;Bohemians;Bohemians;FALSE;Tatars;2;0;0%;0,00;Fortified Clearing;;
25/08/2025;16:40 UTC;[Age of Empires II];Midweek Madness August #3 [Midweek Madness/2025/August/3];Fortified Clearing [Fortified Clearing];1v1;Dark [Dark] [Russia] [Russia] [Burgundians] [Burgundians];<;Mihai06 [Poles] [Poles] [Romania] [Romania] [Mihai06];(G2) [Watch VOD] [Watch VOD];Burgundians;Poles;Poles;FALSE;Teutons;8;2;25%;17,36;Fortified Clearing;;
25/08/2025;14:15 UTC;[Age of Empires II];Midweek Madness August #3 [Midweek Madness/2025/August/3];Fortified Clearing [Fortified Clearing];1v1;Running [Running] [Germany] [Germany] [Poles] [Poles];<;ACCM [Hindustanis] [Hindustanis] [Vietnam] [Vietnam] [ACCM];(G2) [Watch VOD] [Watch VOD];Poles;Hindustanis;Hindustanis;FALSE;Tupi;0;0;0%;0,00;Fortified Clearing;;
15/06/2025;15:05 UTC;[Age of Empires II];Glitched Nordic Masters AoE [Glitched Nordic Masters AoE];Fortified Clearing [Fortified Clearing];1v1;Ganji [Ganji] [Sweden] [Sweden] [Teutons] [Teutons];<;Valas [Cumans] [Cumans] [Finland] [Finland] [Valas];(G4) [Watch VOD] [Watch VOD];Teutons;Cumans;Cumans;FALSE;Turks;36;18;50%;62,69;Fortified Clearing;;
01/03/2025;18:40 UTC;[Age of Empires II];T90 Titans League 4: Platinum League [T90 Titans League/4/Platinum League];Fortified Clearing [Fortified Clearing];1v1;Nicov [Nicov] [Argentina] [Argentina] [Burgundians] [Burgundians];<;Hera [Portuguese] [Portuguese] [Canada] [Canada] [Hera];(G2) [Watch VOD] [Watch VOD];Burgundians;Portuguese;Portuguese;FALSE;Vietnamese;5;3;60%;58,99;Fortified Clearing;;
28/02/2025;16:00 UTC;[Age of Empires II];T90 Titans League 4: Platinum League [T90 Titans League/4/Platinum League];Fortified Clearing [Fortified Clearing];1v1;Sitaux [Sitaux] [France] [France] [Burgundians] [Burgundians];>;Liereyy [Khmer] [Khmer] [Austria] [Austria] [Liereyy];(G3) [Watch VOD] [Watch VOD];Burgundians;Khmer;Burgundians;FALSE;Vikings;1;1;100%;56,32;Fortified Clearing;;
25/02/2025;16:00 UTC;[Age of Empires II];T90 Titans League 4: Platinum League [T90 Titans League/4/Platinum League];Fortified Clearing [Fortified Clearing];1v1;Nicov [Nicov] [Argentina] [Argentina] [Hindustanis] [Hindustanis];>;MbL [Bengalis] [Bengalis] [Norway] [Norway] [MbL];(G3) [Watch VOD] [Watch VOD];Hindustanis;Bengalis;Hindustanis;FALSE;Wei;3;0;0%;0,00;Fortified Clearing;;
24/02/2025;19:00 UTC;[Age of Empires II];T90 Titans League 4: Platinum League [T90 Titans League/4/Platinum League];Fortified Clearing [Fortified Clearing];1v1;Dark [Dark] [Russia] [Russia] [Bengalis] [Bengalis];<;Hearttt [Burgundians] [Burgundians] [Peru] [Peru] [Hearttt];(G2) [Watch VOD] [Watch VOD];Bengalis;Burgundians;Burgundians;FALSE;Wu;0;0;0%;0,00;Fortified Clearing;;
24/02/2025;16:00 UTC;[Age of Empires II];T90 Titans League 4: Platinum League [T90 Titans League/4/Platinum League];Fortified Clearing [Fortified Clearing];1v1;Valas [Valas] [Finland] [Finland] [Burgundians] [Burgundians];>;Daniel [Bengalis] [Bengalis] [United States] [United States] [Daniel];(G3) [Watch VOD] [Watch VOD];Burgundians;Bengalis;Burgundians;FALSE;;;;;;Fortified Clearing;;
23/02/2025;20:00 UTC;[Age of Empires II];T90 Titans League 4: Platinum League [T90 Titans League/4/Platinum League];Fortified Clearing [Fortified Clearing];1v1;Margougou [Margougou] [France] [France] [Portuguese] [Portuguese];<;DauT [Bengalis] [Bengalis] [Serbia] [Serbia] [DauT];(G3) [Watch VOD] [Watch VOD];Portuguese;Bengalis;Bengalis;FALSE;;;;;;Fortified Clearing;;
22/02/2025;19:35 UTC;[Age of Empires II];T90 Titans League 4: Platinum League [T90 Titans League/4/Platinum League];Fortified Clearing [Fortified Clearing];1v1;ACCM [ACCM] [Vietnam] [Vietnam] [Bengalis] [Bengalis];<;TaToH [Khmer] [Khmer] [Spain] [Spain] [TaToH];(G1) [Watch VOD] [Watch VOD];Bengalis;Khmer;Khmer;FALSE;;;;;;Fortified Clearing;;
22/02/2025;18:00 UTC;[Age of Empires II];T90 Titans League 4: Platinum League [T90 Titans League/4/Platinum League];Fortified Clearing [Fortified Clearing];1v1;Nicov [Nicov] [Argentina] [Argentina] [Bohemians] [Bohemians];<;Sitaux [Burgundians] [Burgundians] [France] [France] [Sitaux];(G2) [Watch VOD] [Watch VOD];Bohemians;Burgundians;Burgundians;FALSE;;;;;;Fortified Clearing;;
21/02/2025;18:00 UTC;[Age of Empires II];T90 Titans League 4: Platinum League [T90 Titans League/4/Platinum League];Fortified Clearing [Fortified Clearing];1v1;Barles [Barles] [Poland] [Poland] [Bohemians] [Bohemians];<;Hera [Burgundians] [Burgundians] [Canada] [Canada] [Hera];(G1) [Watch VOD] [Watch VOD];Bohemians;Burgundians;Burgundians;FALSE;;;;;;Fortified Clearing;;
19/02/2025;16:00 UTC;[Age of Empires II];T90 Titans League 4: Platinum League [T90 Titans League/4/Platinum League];Fortified Clearing [Fortified Clearing];1v1;Nicov [Nicov] [Argentina] [Argentina] [Khmer] [Khmer];>;Barles [Burgundians] [Burgundians] [Poland] [Poland] [Barles];(G2) [Watch VOD] [Watch VOD];Khmer;Burgundians;Khmer;FALSE;;;;;;Fortified Clearing;;
17/02/2025;20:00 UTC;[Age of Empires II];T90 Titans League 4: Platinum League [T90 Titans League/4/Platinum League];Fortified Clearing [Fortified Clearing];1v1;Hearttt [Hearttt] [Peru] [Peru] [Portuguese] [Portuguese];<;Valas [Turks] [Turks] [Finland] [Finland] [Valas];(G2) [Watch VOD] [Watch VOD];Portuguese;Turks;Turks;FALSE;;;;;;Fortified Clearing;;
07/02/2025;19:35 UTC;[Age of Empires II];T90 Titans League 4: Gold League [T90 Titans League/4/Gold League];Fortified Clearing [Fortified Clearing];1v1;Lucho [Lucho] [Argentina] [Argentina] [Hindustanis] [Hindustanis];>;slam [Bohemians] [Bohemians] [Canada] [Canada] [Slam];(G2) [Watch VOD] [Watch VOD];Hindustanis;Bohemians;Hindustanis;FALSE;;;;;;Fortified Clearing;;
06/02/2025;17:30 UTC;[Age of Empires II];T90 Titans League 4: Gold League [T90 Titans League/4/Gold League];Fortified Clearing [Fortified Clearing];1v1;Mihai06 [Mihai06] [Romania] [Romania] [Saracens] [Saracens];>;DracKeN [Burgundians] [Burgundians] [Czechia] [Czechia] [DracKeN];(G2) [Watch VOD] [Watch VOD];Saracens;Burgundians;Saracens;FALSE;;;;;;Fortified Clearing;;
05/02/2025;19:20 UTC;[Age of Empires II];T90 Titans League 4: Gold League [T90 Titans League/4/Gold League];Fortified Clearing [Fortified Clearing];1v1;LaN [LaN] [Spain] [Spain] [Bengalis] [Bengalis];<;Running [Burgundians] [Burgundians] [Germany] [Germany] [Running];(G3) [Watch VOD] [Watch VOD];Bengalis;Burgundians;Burgundians;FALSE;;;;;;Fortified Clearing;;
05/02/2025;16:00 UTC;[Age of Empires II];T90 Titans League 4: Gold League [T90 Titans League/4/Gold League];Fortified Clearing [Fortified Clearing];1v1;Target331 [Target331] [Germany] [Germany] [Portuguese] [Portuguese];<;KingstoNe [Malay] [Malay] [Mexico] [Mexico] [KingstoNe];(G2) [Watch VOD] [Watch VOD];Portuguese;Malay;Malay;FALSE;;;;;;Fortified Clearing;;
04/02/2025;19:00 UTC;[Age of Empires II];T90 Titans League 4: Gold League [T90 Titans League/4/Gold League];Fortified Clearing [Fortified Clearing];1v1;lyx [Lyx] [China] [China] [Khmer] [Khmer];<;Ganji [Cumans] [Cumans] [Sweden] [Sweden] [Ganji];(G3) [Watch VOD] [Watch VOD];Khmer;Cumans;Cumans;FALSE;;;;;;Fortified Clearing;;
02/02/2025;17:25 UTC;[Age of Empires II];T90 Titans League 4: Platinum League [T90 Titans League/4/Platinum League];Fortified Clearing [Fortified Clearing];1v1;MbL [MbL] [Norway] [Norway] [Bohemians] [Bohemians];>;ACCM [Khmer] [Khmer] [Vietnam] [Vietnam] [ACCM];(G2) [Watch VOD] [Watch VOD];Bohemians;Khmer;Bohemians;FALSE;;;;;;Fortified Clearing;;
02/02/2025;16:00 UTC;[Age of Empires II];T90 Titans League 4: Platinum League [T90 Titans League/4/Platinum League];Fortified Clearing [Fortified Clearing];1v1;Sitaux [Sitaux] [France] [France] [Cumans] [Cumans];>;Barles [Burgundians] [Burgundians] [Poland] [Poland] [Barles];(G2) [Watch VOD] [Watch VOD];Cumans;Burgundians;Cumans;FALSE;;;;;;Fortified Clearing;;
01/02/2025;20:00 UTC;[Age of Empires II];T90 Titans League 4: Platinum League [T90 Titans League/4/Platinum League];Fortified Clearing [Fortified Clearing];1v1;Vinchester [Vinchester] [Russia] [Russia] [Khmer] [Khmer];>;TaToH [Vietnamese] [Vietnamese] [Spain] [Spain] [TaToH];(G3) [Watch VOD] [Watch VOD];Khmer;Vietnamese;Khmer;FALSE;;;;;;Fortified Clearing;;
31/01/2025;17:40 UTC;[Age of Empires II];T90 Titans League 4: Platinum League [T90 Titans League/4/Platinum League];Fortified Clearing [Fortified Clearing];1v1;Dark [Dark] [Russia] [Russia] [Bengalis] [Bengalis];>;Daniel [Koreans] [Koreans] [United States] [United States] [Daniel];(G2) [Watch VOD] [Watch VOD];Bengalis;Koreans;Bengalis;FALSE;;;;;;Fortified Clearing;;
31/01/2025;16:00 UTC;[Age of Empires II];T90 Titans League 4: Platinum League [T90 Titans League/4/Platinum League];Fortified Clearing [Fortified Clearing];1v1;Valas [Valas] [Finland] [Finland] [Turks] [Turks];<;TheViper [Hindustanis] [Hindustanis] [Norway] [Norway] [TheViper];(G2) [Watch VOD] [Watch VOD];Turks;Hindustanis;Hindustanis;FALSE;;;;;;Fortified Clearing;;
28/01/2025;16:00 UTC;[Age of Empires II];T90 Titans League 4: Platinum League [T90 Titans League/4/Platinum League];Fortified Clearing [Fortified Clearing];1v1;Capoch [Capoch] [Argentina] [Argentina] [Byzantines] [Byzantines];<;TaToH [Hindustanis] [Hindustanis] [Spain] [Spain] [TaToH];(G3) [Watch VOD] [Watch VOD];Byzantines;Hindustanis;Hindustanis;FALSE;;;;;;Fortified Clearing;;
26/01/2025;17:00 UTC;[Age of Empires II];T90 Titans League 4: Platinum League [T90 Titans League/4/Platinum League];Fortified Clearing [Fortified Clearing];1v1;Dragonstar [The Dragonstar] [India] [India] [Burgundians] [Burgundians];<;Margougou [Malay] [Malay] [France] [France] [Margougou];(G3) [Watch VOD] [Watch VOD];Burgundians;Malay;Malay;FALSE;;;;;;Fortified Clearing;;
25/01/2025;16:30 UTC;[Age of Empires II];T90 Titans League 4: Platinum League [T90 Titans League/4/Platinum League];Fortified Clearing [Fortified Clearing];1v1;Dark [Dark] [Russia] [Russia] [Hindustanis] [Hindustanis];<;Valas [Burgundians] [Burgundians] [Finland] [Finland] [Valas];(G2) [Watch VOD] [Watch VOD];Hindustanis;Burgundians;Burgundians;FALSE;;;;;;Fortified Clearing;;
21/01/2025;15:00 UTC;[Age of Empires II];T90 Titans League 4: Gold League [T90 Titans League/4/Gold League];Fortified Clearing [Fortified Clearing];1v1;Lewis [Lewis] [United Kingdom] [United Kingdom] [Malay] [Malay];>;Ganji [Bohemians] [Bohemians] [Sweden] [Sweden] [Ganji];(G2) [Watch VOD] [Watch VOD];Malay;Bohemians;Malay;FALSE;;;;;;Fortified Clearing;;
20/01/2025;20:00 UTC;[Age of Empires II];T90 Titans League 4: Platinum League [T90 Titans League/4/Platinum League];Fortified Clearing [Fortified Clearing];1v1;classicpro [Classicpro] [Ukraine] [Ukraine] [Burgundians] [Burgundians];<;Barles [Bengalis] [Bengalis] [Poland] [Poland] [Barles];(G3) [Watch VOD] [Watch VOD];Burgundians;Bengalis;Bengalis;FALSE;;;;;;Fortified Clearing;;
20/01/2025;18:00 UTC;[Age of Empires II];T90 Titans League 4: Platinum League [T90 Titans League/4/Platinum League];Fortified Clearing [Fortified Clearing];1v1;MbL [MbL] [Norway] [Norway] [Khmer] [Khmer];<;TaToH [Burgundians] [Burgundians] [Spain] [Spain] [TaToH];(G2) [Watch VOD] [Watch VOD];Khmer;Burgundians;Burgundians;FALSE;;;;;;Fortified Clearing;;
19/01/2025;19:20 UTC;[Age of Empires II];T90 Titans League 4: Platinum League [T90 Titans League/4/Platinum League];Fortified Clearing [Fortified Clearing];1v1;Dragonstar [The Dragonstar] [India] [India] [Romans] [Romans];<;Yo [Bohemians] [Bohemians] [China] [China] [Yo];(G3) [Watch VOD] [Watch VOD];Romans;Bohemians;Bohemians;FALSE;;;;;;Fortified Clearing;;
19/01/2025;18:00 UTC;[Age of Empires II];T90 Titans League 4: Platinum League [T90 Titans League/4/Platinum League];Fortified Clearing [Fortified Clearing];1v1;Sitaux [Sitaux] [France] [France] [Burgundians] [Burgundians];>;Villese [Hindustanis] [Hindustanis] [Finland] [Finland] [Villese];(G2) [Watch VOD] [Watch VOD];Burgundians;Hindustanis;Burgundians;FALSE;;;;;;Fortified Clearing;;
18/01/2025;16:00 UTC;[Age of Empires II];T90 Titans League 4: Platinum League [T90 Titans League/4/Platinum League];Fortified Clearing [Fortified Clearing];1v1;Dark [Dark] [Russia] [Russia] [Celts] [Celts];>;TheViper [Cumans] [Cumans] [Norway] [Norway] [TheViper];(G1) [Watch VOD] [Watch VOD];Celts;Cumans;Celts;FALSE;;;;;;Fortified Clearing;;
14/01/2025;20:00 UTC;[Age of Empires II];T90 Titans League 4: Gold League [T90 Titans League/4/Gold League];Fortified Clearing [Fortified Clearing];1v1;StonePleaseAoE [StonePleaseAoE] [Germany] [Germany] [Khmer] [Khmer];<;Ganji [Burgundians] [Burgundians] [Sweden] [Sweden] [Ganji];(G3) [Watch VOD] [Watch VOD];Khmer;Burgundians;Burgundians;FALSE;;;;;;Fortified Clearing;;
12/01/2025;12:00 UTC;[Age of Empires II];T90 Titans League 4: Gold League [T90 Titans League/4/Gold League];Fortified Clearing [Fortified Clearing];1v1;z40 [Z40] [Taiwan] [Taiwan] [Burgundians] [Burgundians];<;Running [Cumans] [Cumans] [Germany] [Germany] [Running];(G3) [Watch VOD] [Watch VOD];Burgundians;Cumans;Cumans;FALSE;;;;;;Fortified Clearing;;
11/01/2025;13:30 UTC;[Age of Empires II];T90 Titans League 4: Gold League [T90 Titans League/4/Gold League];Fortified Clearing [Fortified Clearing];1v1;Ciskhan [Ciskhan] [France] [France] [Poles] [Poles];>;Running [Bohemians] [Bohemians] [Germany] [Germany] [Running];(G3) [Watch VOD] [Watch VOD];Poles;Bohemians;Poles;FALSE;;;;;;Fortified Clearing;;
09/01/2025;16:00 UTC;[Age of Empires II];T90 Titans League 4: Gold League [T90 Titans League/4/Gold League];Fortified Clearing [Fortified Clearing];1v1;Mihai06 [Mihai06] [Romania] [Romania] [Bengalis] [Bengalis];>;miguel [Poles] [Poles] [Brazil] [Brazil] [Miguel];(G2) [Watch VOD] [Watch VOD];Bengalis;Poles;Bengalis;FALSE;;;;;;Fortified Clearing;;
08/01/2025;19:00 UTC;[Age of Empires II];T90 Titans League 4: Gold League [T90 Titans League/4/Gold League];Fortified Clearing [Fortified Clearing];1v1;Overtaken [Overtaken] [Estonia] [Estonia] [Burgundians] [Burgundians];<;slam [Turks] [Turks] [Canada] [Canada] [Slam];(G2) [Watch VOD] [Watch VOD];Burgundians;Turks;Turks;FALSE;;;;;;Fortified Clearing;;
06/01/2025;19:00 UTC;[Age of Empires II];T90 Titans League 4: Gold League [T90 Titans League/4/Gold League];Fortified Clearing [Fortified Clearing];1v1;StonePleaseAoE [StonePleaseAoE] [Germany] [Germany] [Burgundians] [Burgundians];>;Kasva [Malay] [Malay] [Turkey] [Turkey] [Kasva];(G3) [Watch VOD] [Watch VOD];Burgundians;Malay;Burgundians;FALSE;;;;;;Fortified Clearing;;
06/01/2025;16:00 UTC;[Age of Empires II];T90 Titans League 4: Gold League [T90 Titans League/4/Gold League];Fortified Clearing [Fortified Clearing];1v1;wide [Wide] [Russia] [Russia] [Cumans] [Cumans];<;DracKeN [Malay] [Malay] [Czechia] [Czechia] [DracKeN];(G3) [Watch VOD] [Watch VOD];Cumans;Malay;Malay;FALSE;;;;;;Fortified Clearing;;
09/06/2024;15:00 UTC;[Age of Empires II];Warlords III [Warlords/3];Fortified Clearing [Fortified Clearing];1v1;TaToH [TaToH] [Spain] [Spain] [Gurjaras] [Gurjaras];<;Sebastian [Turks] [Turks] [Uruguay] [Uruguay] [Sebastian];(G2) [Watch VOD] [Watch VOD];Gurjaras;Turks;Turks;FALSE;;;;;;Fortified Clearing;;
06/06/2024;15:00 UTC;[Age of Empires II];Warlords III [Warlords/3];Fortified Clearing [Fortified Clearing];1v1;TheMbL [MbL] [Norway] [Norway] [Turks] [Turks];>;TaToH [Spanish] [Spanish] [Spain] [Spain] [TaToH];(G2) [Watch VOD] [Watch VOD];Turks;Spanish;Turks;FALSE;;;;;;Fortified Clearing;;
05/06/2024;19:20 UTC;[Age of Empires II];Warlords III [Warlords/3];Fortified Clearing [Fortified Clearing];1v1;Barles [Barles] [Poland] [Poland] [Spanish] [Spanish];<;DauT [Bengalis] [Bengalis] [Serbia] [Serbia] [DauT];(G5) [Watch VOD] [Watch VOD];Spanish;Bengalis;Bengalis;FALSE;;;;;;Fortified Clearing;;
13/05/2024;;[Age of Empires II];Hidden Cup Guerrero Edition [Hidden Cup Guerrero Edition];Fortified Clearing [Fortified Clearing];1v1;ReyO [ReyO] [Spain] [Spain] [Teutons] [Teutons];>;Tomate [Bohemians] [Bohemians] [Spain] [Spain] [Tomate];(G2) [Watch VOD] [Watch VOD];Teutons;Bohemians;Teutons;FALSE;;;;;;Fortified Clearing;;
13/05/2024;;[Age of Empires II];Hidden Cup Guerrero Edition [Hidden Cup Guerrero Edition];Fortified Clearing [Fortified Clearing];1v1;DM The Death [DM The Death (page does not exist)] [Spain] [Spain] [Burmese] [Burmese];<;Poxo [Portuguese] [Portuguese] [Spain] [Spain] [Poxo];(G2) [Watch VOD] [Watch VOD];Burmese;Portuguese;Portuguese;FALSE;;;;;;Fortified Clearing;;
08/05/2024;;[Age of Empires II];Hidden Cup Guerrero Edition [Hidden Cup Guerrero Edition];Fortified Clearing [Fortified Clearing];1v1;Yago [Yago (page does not exist)] [Spain] [Spain] [Spanish] [Spanish];>;M4rco [Malians] [Malians] [Spain] [Spain] [M4rco (page does not exist)];(G1) [Watch VOD] [Watch VOD];Spanish;Malians;Spanish;FALSE;;;;;;Fortified Clearing;;
06/05/2024;;[Age of Empires II];Hidden Cup Guerrero Edition [Hidden Cup Guerrero Edition];Fortified Clearing [Fortified Clearing];1v1;ReyO [ReyO] [Spain] [Spain] [Burgundians] [Burgundians];>;Gauss [Teutons] [Teutons] [Spain] [Spain] [Gauss (page does not exist)];(G1) [Watch VOD] [Watch VOD];Burgundians;Teutons;Burgundians;FALSE;;;;;;Fortified Clearing;;
02/05/2024;12:00 UTC;[Age of Empires II];Warlords III: Qualifier 1 [Warlords/3/Qualifier/1];Fortified Clearing [Fortified Clearing];1v1;Ciskhan [Ciskhan] [France] [France] [Bohemians] [Bohemians];<;Mihai06 [Turks] [Turks] [Romania] [Romania] [Mihai06];(G2) [Watch VOD] [Watch VOD];Bohemians;Turks;Turks;FALSE;;;;;;Fortified Clearing;;
14/04/2024;17:00 UTC;[Age of Empires II];Warlords III: Showmatch - DauT vs MbL [Warlords/3/Showmatch/1];Fortified Clearing [Fortified Clearing];1v1;MbL [MbL] [Norway] [Norway] [Byzantines] [Byzantines];>;DauT [Turks] [Turks] [Serbia] [Serbia] [DauT];(G7) [Watch VOD] [Watch VOD];Byzantines;Turks;Byzantines;FALSE;;;;;;Fortified Clearing;;
13/01/2024;19:40 UTC;[Age of Empires II];Nili's Apartment Cup 5 [Nili's Apartment Cup/5];Fortified Clearing [Fortified Clearing];1v1;TheViper [TheViper] [Norway] [Norway] [Berbers] [Berbers];<;Hera [Bohemians] [Bohemians] [Canada] [Canada] [Hera];(G1) [Watch VOD] [Watch VOD];Berbers;Bohemians;Bohemians;FALSE;;;;;;Fortified Clearing;;
12/01/2024;19:10 UTC;[Age of Empires II];Nili's Apartment Cup 5 [Nili's Apartment Cup/5];Fortified Clearing [Fortified Clearing];1v1;DauT [DauT] [Serbia] [Serbia] [Burmese] [Burmese];<;TheViper [Cumans] [Cumans] [Norway] [Norway] [TheViper];(G5) [Watch VOD] [Watch VOD];Burmese;Cumans;Cumans;FALSE;;;;;;Fortified Clearing;;
11/01/2024;16:00 UTC;[Age of Empires II];Nili's Apartment Cup 5 [Nili's Apartment Cup/5];Fortified Clearing [Fortified Clearing];1v1;ACCM [ACCM] [Vietnam] [Vietnam] [Hindustanis] [Hindustanis];>;Yo [Poles] [Poles] [China] [China] [Yo];(G2) [Watch VOD] [Watch VOD];Hindustanis;Poles;Hindustanis;FALSE;;;;;;Fortified Clearing;;
09/01/2024;13:25 UTC;[Age of Empires II];Nili's Apartment Cup 5 [Nili's Apartment Cup/5];Fortified Clearing [Fortified Clearing];1v1;ACCM [ACCM] [Vietnam] [Vietnam] [Aztecs] [Aztecs];<;TheViper [Hindustanis] [Hindustanis] [Norway] [Norway] [TheViper];(G1) [Watch VOD] [Watch VOD];Aztecs;Hindustanis;Hindustanis;FALSE;;;;;;Fortified Clearing;;
08/01/2024;14:00 UTC;[Age of Empires II];Nili's Apartment Cup 5 [Nili's Apartment Cup/5];Fortified Clearing [Fortified Clearing];1v1;TaToH [TaToH] [Spain] [Spain] [Malay] [Malay];<;Yo [Portuguese] [Portuguese] [China] [China] [Yo];(G3) [Watch VOD] [Watch VOD];Malay;Portuguese;Portuguese;FALSE;;;;;;Fortified Clearing;;
07/01/2024;21:50 UTC;[Age of Empires II];Nili's Apartment Cup 5 [Nili's Apartment Cup/5];Fortified Clearing [Fortified Clearing];1v1;DauT [DauT] [Serbia] [Serbia] [Malay] [Malay];<;Hera [Cumans] [Cumans] [Canada] [Canada] [Hera];(G4) [Watch VOD] [Watch VOD];Malay;Cumans;Cumans;FALSE;;;;;;Fortified Clearing;;
07/01/2024;18:30 UTC;[Age of Empires II];Nili's Apartment Cup 5 [Nili's Apartment Cup/5];Fortified Clearing [Fortified Clearing];1v1;TaToH [TaToH] [Spain] [Spain] [Burgundians] [Burgundians];>;TheViper [Hindustanis] [Hindustanis] [Norway] [Norway] [TheViper];(G2) [Watch VOD] [Watch VOD];Burgundians;Hindustanis;Burgundians;FALSE;;;;;;Fortified Clearing;;
06/01/2024;20:15 UTC;[Age of Empires II];Nili's Apartment Cup 5 [Nili's Apartment Cup/5];Fortified Clearing [Fortified Clearing];1v1;Hearttt [Hearttt] [Peru] [Peru] [Hindustanis] [Hindustanis];<;TheViper [Burgundians] [Burgundians] [Norway] [Norway] [TheViper];(G3) [Watch VOD] [Watch VOD];Hindustanis;Burgundians;Burgundians;FALSE;;;;;;Fortified Clearing;;
17/12/2023;19:30 UTC;[Age of Empires II];Nili's Apartment Cup 5: Qualifier 2 [Nili's Apartment Cup/5/Qualifier/2];Fortified Clearing [Fortified Clearing];1v1;Nicov [Nicov] [Argentina] [Argentina] [Malay] [Malay];>;DauT [Georgians] [Georgians] [Serbia] [Serbia] [DauT];(G4) [Watch VOD] [Watch VOD];Malay;Georgians;Malay;FALSE;;;;;;Fortified Clearing;;
13/12/2023;18:00 UTC;[Age of Empires II];Nili's Apartment Cup 5: Qualifier 2 [Nili's Apartment Cup/5/Qualifier/2];Fortified Clearing [Fortified Clearing];1v1;El_Matador [El Matador] [Germany] [Germany] [Britons] [Britons];<;Capoch [Burgundians] [Burgundians] [Argentina] [Argentina] [Capoch];(G4) [Watch VOD] [Watch VOD];Britons;Burgundians;Burgundians;FALSE;;;;;;Fortified Clearing;;
13/12/2023;15:00 UTC;[Age of Empires II];Nili's Apartment Cup 5: Qualifier 2 [Nili's Apartment Cup/5/Qualifier/2];Fortified Clearing [Fortified Clearing];1v1;Blackheart [Blackheart] [Germany] [Germany] [Malay] [Malay];<;DauT [Poles] [Poles] [Serbia] [Serbia] [DauT];(G2) [Watch VOD] [Watch VOD];Malay;Poles;Poles;FALSE;;;;;;Fortified Clearing;;
13/12/2023;13:00 UTC;[Age of Empires II];Nili's Apartment Cup 5: Qualifier 2 [Nili's Apartment Cup/5/Qualifier/2];Fortified Clearing [Fortified Clearing];1v1;Sora Kuma [Sora Kuma] [Taiwan] [Taiwan] [Malay] [Malay];>;F1Re [Gurjaras] [Gurjaras] [Brazil] [Brazil] [F1Re];(G3) [Watch VOD] [Watch VOD];Malay;Gurjaras;Malay;FALSE;;;;;;Fortified Clearing;;
09/12/2023;12:00 UTC;[Age of Empires II];Nili's Apartment Cup 5: Qualifier 1 [Nili's Apartment Cup/5/Qualifier/1];Fortified Clearing [Fortified Clearing];1v1;Ganji [Ganji] [Sweden] [Sweden] [Malay] [Malay];>;JorDan_AoE [Bengalis] [Bengalis] [Germany] [Germany] [JorDan AoE];(G2) [Watch VOD] [Watch VOD];Malay;Bengalis;Malay;FALSE;;;;;;Fortified Clearing;;
07/12/2023;19:00 UTC;[Age of Empires II];Nili's Apartment Cup 5: Qualifier 1 [Nili's Apartment Cup/5/Qualifier/1];Fortified Clearing [Fortified Clearing];1v1;miguel [Miguel] [Brazil] [Brazil] [Khmer] [Khmer];<;Ganji [Portuguese] [Portuguese] [Sweden] [Sweden] [Ganji];(G4) [Watch VOD] [Watch VOD];Khmer;Portuguese;Portuguese;FALSE;;;;;;Fortified Clearing;;
05/12/2023;21:00 UTC;[Age of Empires II];Nili's Apartment Cup 5: Qualifier 1 [Nili's Apartment Cup/5/Qualifier/1];Fortified Clearing [Fortified Clearing];1v1;El_Matador [El Matador] [Germany] [Germany] [Teutons] [Teutons];<;MbL40C [Vietnamese] [Vietnamese] [Norway] [Norway] [MbL];(G2) [Watch VOD] [Watch VOD];Teutons;Vietnamese;Vietnamese;FALSE;;;;;;Fortified Clearing;;
05/12/2023;15:00 UTC;[Age of Empires II];Nili's Apartment Cup 5: Qualifier 1 [Nili's Apartment Cup/5/Qualifier/1];Fortified Clearing [Fortified Clearing];1v1;Sora Kuma [Sora Kuma] [Taiwan] [Taiwan] [Poles] [Poles];<;Capoch [Malay] [Malay] [Argentina] [Argentina] [Capoch];(G2) [Watch VOD] [Watch VOD];Poles;Malay;Malay;FALSE;;;;;;Fortified Clearing;;
03/12/2023;18:00 UTC;[Age of Empires II];GB Hidden Cup 2 [GB Hidden Cup/2];Fortified Clearing [Fortified Clearing];1v1;darvoi [Darvoi] [United Kingdom] [United Kingdom] [Turks] [Turks];<;Hallis [Bohemians] [Bohemians] [United Kingdom] [United Kingdom] [Hallis];(G4) [Watch VOD] [Watch VOD];Turks;Bohemians;Bohemians;FALSE;;;;;;Fortified Clearing;;
30/11/2023;18:30 UTC;[Age of Empires II];GB Hidden Cup 2 [GB Hidden Cup/2];Fortified Clearing [Fortified Clearing];1v1;Ted [Ted (page does not exist)] [United Kingdom] [United Kingdom] [Turks] [Turks];<;darvoi [Burgundians] [Burgundians] [United Kingdom] [United Kingdom] [Darvoi];(G4) [Watch VOD] [Watch VOD];Turks;Burgundians;Burgundians;FALSE;;;;;;Fortified Clearing;;
22/11/2023;18:00 UTC;[Age of Empires II];GB Hidden Cup 2 [GB Hidden Cup/2];Fortified Clearing [Fortified Clearing];1v1;King_Boo [King Boo] [United Kingdom] [United Kingdom] [Poles] [Poles];<;steak [Burgundians] [Burgundians] [United Kingdom] [United Kingdom] [Steak];(G1) [Watch VOD] [Watch VOD];Poles;Burgundians;Burgundians;FALSE;;;;;;Fortified Clearing;;
19/11/2023;19:00 UTC;[Age of Empires II];GB Hidden Cup 2 [GB Hidden Cup/2];Fortified Clearing [Fortified Clearing];1v1;Ted [Ted (page does not exist)] [United Kingdom] [United Kingdom] [Spanish] [Spanish];>;Breakfast [Cumans] [Cumans] [United Kingdom] [United Kingdom] [Breakfast (page does not exist)];(G3) [Watch VOD] [Watch VOD];Spanish;Cumans;Spanish;FALSE;;;;;;Fortified Clearing;;
16/11/2023;19:00 UTC;[Age of Empires II];GB Hidden Cup 2 [GB Hidden Cup/2];Fortified Clearing [Fortified Clearing];1v1;King_Boo [King Boo] [United Kingdom] [United Kingdom] [Bohemians] [Bohemians];>;Aten [Teutons] [Teutons] [United Kingdom] [United Kingdom] [Aten (page does not exist)];(G1) [Watch VOD] [Watch VOD];Bohemians;Teutons;Bohemians;FALSE;;;;;;Fortified Clearing;;
12/11/2023;20:00 UTC;[Age of Empires II];Liga Fortaleza [Liga Fortaleza];Fortified Clearing [Fortified Clearing];1v1;LobodeLaNieve [LobodeLaNieve] [Mexico] [Mexico] [Hindustanis] [Hindustanis];<;dogao [Turks] [Turks] [Brazil] [Brazil] [Dogao];(G4) [Watch VOD] [Watch VOD];Hindustanis;Turks;Turks;FALSE;;;;;;Fortified Clearing;;
29/10/2023;18:20 UTC;[Age of Empires II];Inversus Cup [Inversus Cup];Fortified Clearing [Fortified Clearing];1v1;classicpro [Classicpro] [Ukraine] [Ukraine] [Cumans] [Cumans];>;Dark [Persians] [Persians] [Russia] [Russia] [Dark];(G2) [Watch VOD] [Watch VOD];Cumans;Persians;Cumans;FALSE;;;;;;Fortified Clearing;;
26/07/2023;19:30 UTC;[Age of Empires II];T90 Titans League 2: Silver League [T90 Titans League/2/Silver League];Fortified Clearing [Fortified Clearing];1v1;gkt_cloud [Cloud (Taiwanese player)] [Taiwan] [Taiwan] [Britons] [Britons];>;F1Re [Gurjaras] [Gurjaras] [Brazil] [Brazil] [F1Re];(G3) [Watch VOD] [Watch VOD];Britons;Gurjaras;Britons;FALSE;;;;;;Fortified Clearing;;
25/07/2023;20:00 UTC;[Age of Empires II];T90 Titans League 2: Silver League [T90 Titans League/2/Silver League];Fortified Clearing [Fortified Clearing];1v1;Ozone [Ozone] [Colombia] [Colombia] [Bengalis] [Bengalis];<;Kasva [Aztecs] [Aztecs] [Turkey] [Turkey] [Kasva];(G4) [Watch VOD] [Watch VOD];Bengalis;Aztecs;Aztecs;FALSE;;;;;;Fortified Clearing;;
19/07/2023;19:00 UTC;[Age of Empires II];T90 Titans League 2: Silver League [T90 Titans League/2/Silver League];Fortified Clearing [Fortified Clearing];1v1;Blackheart [Blackheart] [Germany] [Germany] [Portuguese] [Portuguese];<;F1Re [Gurjaras] [Gurjaras] [Brazil] [Brazil] [F1Re];(G3) [Watch VOD] [Watch VOD];Portuguese;Gurjaras;Gurjaras;FALSE;;;;;;Fortified Clearing;;
17/07/2023;18:00 UTC;[Age of Empires II];T90 Titans League 2: Silver League [T90 Titans League/2/Silver League];Fortified Clearing [Fortified Clearing];1v1;Tomate [Tomate] [Spain] [Spain] [Bohemians] [Bohemians];>;DreamCl [Bengalis] [Bengalis] [Chile] [Chile] [DreamCl];(G2) [Watch VOD] [Watch VOD];Bohemians;Bengalis;Bohemians;FALSE;;;;;;Fortified Clearing;;
12/07/2023;16:00 UTC;[Age of Empires II];T90 Titans League 2: Silver League [T90 Titans League/2/Silver League];Fortified Clearing [Fortified Clearing];1v1;CHELOOO [CHELOOO] [Argentina] [Argentina] [Bengalis] [Bengalis];>;T90Official [Turks] [Turks] [United States] [United States] [T90Official];(G3) [Watch VOD] [Watch VOD];Bengalis;Turks;Bengalis;FALSE;;;;;;Fortified Clearing;;
18/03/2023;16:30 UTC;[Age of Empires II];Nili's Apartment Cup 4 [Nili's Apartment Cup/4];Fortified Clearing [Fortified Clearing];1v1;TheViper [TheViper] [Norway] [Norway] [Bengalis] [Bengalis];<;Liereyy [Burgundians] [Burgundians] [Austria] [Austria] [Liereyy];(G7) [Watch VOD] [Watch VOD];Bengalis;Burgundians;Burgundians;FALSE;;;;;;Fortified Clearing;;
17/03/2023;19:00 UTC;[Age of Empires II];Nili's Apartment Cup 4 [Nili's Apartment Cup/4];Fortified Clearing [Fortified Clearing];1v1;TheViper [TheViper] [Norway] [Norway] [Aztecs] [Aztecs];>;Villese [Burmese] [Burmese] [Finland] [Finland] [Villese];(G6) [Watch VOD] [Watch VOD];Aztecs;Burmese;Aztecs;FALSE;;;;;;Fortified Clearing;;
15/03/2023;21:10 UTC;[Age of Empires II];Nili's Apartment Cup 4 [Nili's Apartment Cup/4];Fortified Clearing [Fortified Clearing];1v1;Liereyy [Liereyy] [Austria] [Austria] [Burmese] [Burmese];>;TheViper [Turks] [Turks] [Norway] [Norway] [TheViper];(G2) [Watch VOD] [Watch VOD];Burmese;Turks;Burmese;FALSE;;;;;;Fortified Clearing;;
12/03/2023;17:10 UTC;[Age of Empires II];Nili's Apartment Cup 4 [Nili's Apartment Cup/4];Fortified Clearing [Fortified Clearing];1v1;Villese [Villese] [Finland] [Finland] [Aztecs] [Aztecs];>;Hera [Khmer] [Khmer] [Canada] [Canada] [Hera];(G3) [Watch VOD] [Watch VOD];Aztecs;Khmer;Aztecs;FALSE;;;;;;Fortified Clearing;;
12/03/2023;13:30 UTC;[Age of Empires II];Nili's Apartment Cup 4 [Nili's Apartment Cup/4];Fortified Clearing [Fortified Clearing];1v1;ACCM [ACCM] [Vietnam] [Vietnam] [Turks] [Turks];<;Nicov [Burmese] [Burmese] [Argentina] [Argentina] [Nicov];(G1) [Watch VOD] [Watch VOD];Turks;Burmese;Burmese;FALSE;;;;;;Fortified Clearing;;
11/03/2023;18:10 UTC;[Age of Empires II];Nili's Apartment Cup 4 [Nili's Apartment Cup/4];Fortified Clearing [Fortified Clearing];1v1;Villese [Villese] [Finland] [Finland] [Burgundians] [Burgundians];>;TheViper [Bengalis] [Bengalis] [Norway] [Norway] [TheViper];(G3) [Watch VOD] [Watch VOD];Burgundians;Bengalis;Burgundians;FALSE;;;;;;Fortified Clearing;;
11/03/2023;16:00 UTC;[Age of Empires II];Nili's Apartment Cup 4 [Nili's Apartment Cup/4];Fortified Clearing [Fortified Clearing];1v1;ACCM [ACCM] [Vietnam] [Vietnam] [Cumans] [Cumans];>;Hera [Turks] [Turks] [Canada] [Canada] [Hera];(G2) [Watch VOD] [Watch VOD];Cumans;Turks;Cumans;FALSE;;;;;;Fortified Clearing;;
11/03/2023;13:30 UTC;[Age of Empires II];Nili's Apartment Cup 4 [Nili's Apartment Cup/4];Fortified Clearing [Fortified Clearing];1v1;Vinchester [Vinchester] [Russia] [Russia] [Poles] [Poles];<;TaToH [Saracens] [Saracens] [Spain] [Spain] [TaToH];(G5) [Watch VOD] [Watch VOD];Poles;Saracens;Saracens;FALSE;;;;;;Fortified Clearing;;
19/02/2023;18:05 UTC;[Age of Empires II];Nili's Apartment Cup IV: Qualifier 1 [Nili's Apartment Cup/4/Qualifier/1];Fortified Clearing [Fortified Clearing];1v1;DauT [DauT] [Serbia] [Serbia] [Bengalis] [Bengalis];<;Villese [Turks] [Turks] [Finland] [Finland] [Villese];(G7) [Watch VOD] [Watch VOD];Bengalis;Turks;Turks;FALSE;;;;;;Fortified Clearing;;
19/02/2023;15:30 UTC;[Age of Empires II];Nili's Apartment Cup IV: Qualifier 1 [Nili's Apartment Cup/4/Qualifier/1];Fortified Clearing [Fortified Clearing];1v1;JorDan_AoE [JorDan AoE] [Germany] [Germany] [Portuguese] [Portuguese];<;Yo [Bengalis] [Bengalis] [China] [China] [Yo];(G4) [Watch VOD] [Watch VOD];Portuguese;Bengalis;Bengalis;FALSE;;;;;;Fortified Clearing;;
11/02/2023;19:30 UTC;[Age of Empires II];T90 Titans League 2: Platinum League [T90 Titans League/2/Platinum League];Fortified Clearing [Fortified Clearing];1v1;TheViper [TheViper] [Norway] [Norway] [Bohemians] [Bohemians];>;TaToH [Gurjaras] [Gurjaras] [Spain] [Spain] [TaToH];(G5) [Watch VOD] [Watch VOD];Bohemians;Gurjaras;Bohemians;FALSE;;;;;;Fortified Clearing;;
10/02/2023;18:40 UTC;[Age of Empires II];T90 Titans League 2: Platinum League [T90 Titans League/2/Platinum League];Fortified Clearing [Fortified Clearing];1v1;Villese [Villese] [Finland] [Finland] [Italians] [Italians];<;Hera [Turks] [Turks] [Canada] [Canada] [Hera];(G2) [Watch VOD] [Watch VOD];Italians;Turks;Turks;FALSE;;;;;;Fortified Clearing;;
10/02/2023;16:00 UTC;[Age of Empires II];T90 Titans League 2: Platinum League [T90 Titans League/2/Platinum League];Fortified Clearing [Fortified Clearing];1v1;Liereyy [Liereyy] [Austria] [Austria] [Burmese] [Burmese];>;ACCM [Turks] [Turks] [Vietnam] [Vietnam] [ACCM];(G5) [Watch VOD] [Watch VOD];Burmese;Turks;Burmese;FALSE;;;;;;Fortified Clearing;;
08/02/2023;19:00 UTC;[Age of Empires II];T90 Titans League 2: Platinum League [T90 Titans League/2/Platinum League];Fortified Clearing [Fortified Clearing];1v1;TaToH [TaToH] [Spain] [Spain] [Bohemians] [Bohemians];>;DauT [Portuguese] [Portuguese] [Serbia] [Serbia] [DauT];(G4) [Watch VOD] [Watch VOD];Bohemians;Portuguese;Bohemians;FALSE;;;;;;Fortified Clearing;;
06/02/2023;18:45 UTC;[Age of Empires II];T90 Titans League 2: Gold League [T90 Titans League/2/Gold League];Fortified Clearing [Fortified Clearing];1v1;Mihai06 [Mihai06] [Romania] [Romania] [Turks] [Turks];<;Daniel [Bengalis] [Bengalis] [United States] [United States] [Daniel];(G2) [Watch VOD] [Watch VOD];Turks;Bengalis;Bengalis;FALSE;;;;;;Fortified Clearing;;
05/02/2023;20:30 UTC;[Age of Empires II];T90 Titans League 2: Platinum League [T90 Titans League/2/Platinum League];Fortified Clearing [Fortified Clearing];1v1;Sitaux [Sitaux] [France] [France] [Turks] [Turks];<;TaToH [Poles] [Poles] [Spain] [Spain] [TaToH];(G3) [Watch VOD] [Watch VOD];Turks;Poles;Poles;FALSE;;;;;;Fortified Clearing;;
02/02/2023;16:00 UTC;[Age of Empires II];T90 Titans League 2: Platinum League [T90 Titans League/2/Platinum League];Fortified Clearing [Fortified Clearing];1v1;Dark [Dark] [Russia] [Russia] [Hindustanis] [Hindustanis];>;BacT [Britons] [Britons] [Vietnam] [Vietnam] [BacT];(G2) [Watch VOD] [Watch VOD];Hindustanis;Britons;Hindustanis;FALSE;;;;;;Fortified Clearing;;
01/02/2023;16:00 UTC;[Age of Empires II];T90 Titans League 2: Platinum League [T90 Titans League/2/Platinum League];Fortified Clearing [Fortified Clearing];1v1;DracKeN [DracKeN] [Czechia] [Czechia] [Burgundians] [Burgundians];>;BacT [Poles] [Poles] [Vietnam] [Vietnam] [BacT];(G2) [Watch VOD] [Watch VOD];Burgundians;Poles;Burgundians;FALSE;;;;;;Fortified Clearing;;
31/01/2023;18:00 UTC;[Age of Empires II];T90 Titans League 2: Platinum League [T90 Titans League/2/Platinum League];Fortified Clearing [Fortified Clearing];1v1;Ganji [Ganji] [Sweden] [Sweden] [Poles] [Poles];<;miguel [Bohemians] [Bohemians] [Brazil] [Brazil] [Miguel];(G2) [Watch VOD] [Watch VOD];Poles;Bohemians;Bohemians;FALSE;;;;;;Fortified Clearing;;
26/01/2023;21:20 UTC;[Age of Empires II];T90 Titans League 2: Platinum League [T90 Titans League/2/Platinum League];Fortified Clearing [Fortified Clearing];1v1;Ganji [Ganji] [Sweden] [Sweden] [Burgundians] [Burgundians];>;Capoch [Hindustanis] [Hindustanis] [Argentina] [Argentina] [Capoch];(G3) [Watch VOD] [Watch VOD];Burgundians;Hindustanis;Burgundians;FALSE;;;;;;Fortified Clearing;;
26/01/2023;18:00 UTC;[Age of Empires II];T90 Titans League 2: Platinum League [T90 Titans League/2/Platinum League];Fortified Clearing [Fortified Clearing];1v1;Capoch [Capoch] [Argentina] [Argentina] [Turks] [Turks];<;JorDan_AoE [Bohemians] [Bohemians] [Germany] [Germany] [JorDan AoE];(G3) [Watch VOD] [Watch VOD];Turks;Bohemians;Bohemians;FALSE;;;;;;Fortified Clearing;;
21/01/2023;16:00 UTC;[Age of Empires II];T90 Titans League 2: Platinum League [T90 Titans League/2/Platinum League];Fortified Clearing [Fortified Clearing];1v1;TaToH [TaToH] [Spain] [Spain] [Bohemians] [Bohemians];<;Villese [Burgundians] [Burgundians] [Finland] [Finland] [Villese];(G1) [Watch VOD] [Watch VOD];Bohemians;Burgundians;Burgundians;FALSE;;;;;;Fortified Clearing;;
18/01/2023;19:00 UTC;[Age of Empires II];T90 Titans League 2: Gold League [T90 Titans League/2/Gold League];Fortified Clearing [Fortified Clearing];1v1;Somero [Somero] [Czechia] [Czechia] [Gurjaras] [Gurjaras];<;F1Re [Britons] [Britons] [Brazil] [Brazil] [F1Re];(G2) [Watch VOD] [Watch VOD];Gurjaras;Britons;Britons;FALSE;;;;;;Fortified Clearing;;
14/01/2023;21:00 UTC;[Age of Empires II];T90 Titans League 2: Platinum League [T90 Titans League/2/Platinum League];Fortified Clearing [Fortified Clearing];1v1;Valas [Valas] [Finland] [Finland] [Italians] [Italians];<;ACCM [Bohemians] [Bohemians] [Vietnam] [Vietnam] [ACCM];(G2) [Watch VOD] [Watch VOD];Italians;Bohemians;Bohemians;FALSE;;;;;;Fortified Clearing;;
09/01/2023;18:00 UTC;[Age of Empires II];T90 Titans League 2: Platinum League [T90 Titans League/2/Platinum League];Fortified Clearing [Fortified Clearing];1v1;Sitaux [Sitaux] [France] [France] [Gurjaras] [Gurjaras];<;TheViper [Poles] [Poles] [Norway] [Norway] [TheViper];(G3) [Watch VOD] [Watch VOD];Gurjaras;Poles;Poles;FALSE;;;;;;Fortified Clearing;;
05/01/2023;18:00 UTC;[Age of Empires II];T90 Titans League 2: Platinum League [T90 Titans League/2/Platinum League];Fortified Clearing [Fortified Clearing];1v1;DracKeN [DracKeN] [Czechia] [Czechia] [Britons] [Britons];>;Yo [Turks] [Turks] [China] [China] [Yo];(G2) [Watch VOD] [Watch VOD];Britons;Turks;Britons;FALSE;;;;;;Fortified Clearing;;
01/01/2023;18:00 UTC;[Age of Empires II];T90 Titans League: Silver League [T90 Titans League/1/Silver League];Fortified Clearing [Fortified Clearing];1v1;Gabi [Gabi] [Brazil] [Brazil] [Spanish] [Spanish];<;Whocl [Turks] [Turks] [Chile] [Chile] [DreamCl];(G2) [Watch VOD] [Watch VOD];Spanish;Turks;Turks;FALSE;;;;;;Fortified Clearing;;
31/12/2022;20:15 UTC;[Age of Empires II];T90 Titans League: Silver League [T90 Titans League/1/Silver League];Fortified Clearing [Fortified Clearing];1v1;Jibatong [Jibatong] [China] [China] [Poles] [Poles];>;Hearttt [Burgundians] [Burgundians] [Peru] [Peru] [Hearttt];(G3) [Watch VOD] [Watch VOD];Poles;Burgundians;Poles;FALSE;;;;;;Fortified Clearing;;
30/12/2022;19:40 UTC;[Age of Empires II];T90 Titans League: Silver League [T90 Titans League/1/Silver League];Fortified Clearing [Fortified Clearing];1v1;Thŕnh C? Qu?ng Tr? [Thŕnh C? Qu?ng Tr?] [Vietnam] [Vietnam] [Berbers] [Berbers];<;Somero [Malay] [Malay] [Czechia] [Czechia] [Somero];(G5) [Watch VOD] [Watch VOD];Berbers;Malay;Malay;FALSE;;;;;;Fortified Clearing;;
18/12/2022;19:00 UTC;[Age of Empires II];T90 Titans League: Silver League [T90 Titans League/1/Silver League];Fortified Clearing [Fortified Clearing];1v1;Ozone [Ozone] [Colombia] [Colombia] [Britons] [Britons];<;lyx [Burgundians] [Burgundians] [China] [China] [Lyx];(G2) [Watch VOD] [Watch VOD];Britons;Burgundians;Burgundians;FALSE;;;;;;Fortified Clearing;;
18/12/2022;18:00 UTC;[Age of Empires II];T90 Titans League: Silver League [T90 Titans League/1/Silver League];Fortified Clearing [Fortified Clearing];1v1;Dratek [Dratek] [Czechia] [Czechia] [Portuguese] [Portuguese];<;Hearttt [Burgundians] [Burgundians] [Peru] [Peru] [Hearttt];(G3) [Watch VOD] [Watch VOD];Portuguese;Burgundians;Burgundians;FALSE;;;;;;Fortified Clearing;;
18/12/2022;13:00 UTC;[Age of Empires II];T90 Titans League: Silver League [T90 Titans League/1/Silver League];Fortified Clearing [Fortified Clearing];1v1;dave_hun [Dave hun] [Hungary] [Hungary] [Bohemians] [Bohemians];<;Jibatong [Spanish] [Spanish] [China] [China] [Jibatong];(G2) [Watch VOD] [Watch VOD];Bohemians;Spanish;Spanish;FALSE;;;;;;Fortified Clearing;;
17/12/2022;15:00 UTC;[Age of Empires II];T90 Titans League: Silver League [T90 Titans League/1/Silver League];Fortified Clearing [Fortified Clearing];1v1;Argh [Argh] [Poland] [Poland] [Teutons] [Teutons];<;Somero [Bohemians] [Bohemians] [Czechia] [Czechia] [Somero];(G5) [Watch VOD] [Watch VOD];Teutons;Bohemians;Bohemians;FALSE;;;;;;Fortified Clearing;;
17/12/2022;15:00 UTC;[Age of Empires II];T90 Titans League: Silver League [T90 Titans League/1/Silver League];Fortified Clearing [Fortified Clearing];1v1;Blackheart [Blackheart] [Germany] [Germany] [Bohemians] [Bohemians];<;Thŕnh C? Qu?ng Tr? [Malians] [Malians] [Vietnam] [Vietnam] [Thŕnh C? Qu?ng Tr?];(G4) [Watch VOD] [Watch VOD];Bohemians;Malians;Malians;FALSE;;;;;;Fortified Clearing;;
17/12/2022;14:00 UTC;[Age of Empires II];T90 Titans League: Silver League [T90 Titans League/1/Silver League];Fortified Clearing [Fortified Clearing];1v1;Shades [Shades] [Italy] [Italy] [Malay] [Malay];<;Bad Koala [Cumans] [Cumans] [China] [China] [Bad Koala];(G2) [Watch VOD] [Watch VOD];Malay;Cumans;Cumans;FALSE;;;;;;Fortified Clearing;;
15/12/2022;17:00 UTC;[Age of Empires II];T90 Titans League: Silver League [T90 Titans League/1/Silver League];Fortified Clearing [Fortified Clearing];1v1;D3rp [D3rp] [Netherlands] [Netherlands] [Turks] [Turks];>;StrayDog [Portuguese] [Portuguese] [China] [China] [StrayDog];(G2) [Watch VOD] [Watch VOD];Turks;Portuguese;Turks;FALSE;;;;;;Fortified Clearing;;
15/12/2022;14:00 UTC;[Age of Empires II];T90 Titans League: Silver League [T90 Titans League/1/Silver League];Fortified Clearing [Fortified Clearing];1v1;Nahuel05_ [Nahuel05] [Argentina] [Argentina] [Bohemians] [Bohemians];<;HOANG [Lithuanians] [Lithuanians] [Vietnam] [Vietnam] [Hoang];(G1) [Watch VOD] [Watch VOD];Bohemians;Lithuanians;Lithuanians;FALSE;;;;;;Fortified Clearing;;
14/12/2022;16:00 UTC;[Age of Empires II];T90 Titans League: Silver League [T90 Titans League/1/Silver League];Fortified Clearing [Fortified Clearing];1v1;Andre_2i [Andre 2i (page does not exist)] [Romania] [Romania] [Teutons] [Teutons];<;PhilippHJS [Burgundians] [Burgundians] [Germany] [Germany] [PhilippHJS];(G2) [Watch VOD] [Watch VOD];Teutons;Burgundians;Burgundians;FALSE;;;;;;Fortified Clearing;;
12/12/2022;18:00 UTC;[Age of Empires II];T90 Titans League: Silver League [T90 Titans League/1/Silver League];Fortified Clearing [Fortified Clearing];1v1;Levi [Pela] [Argentina] [Argentina] [Spanish] [Spanish];>;JonSlow [Turks] [Turks] [Israel] [Israel] [JonSlow];(G2) [Watch VOD] [Watch VOD];Spanish;Turks;Spanish;FALSE;;;;;;Fortified Clearing;;
11/12/2022;16:00 UTC;[Age of Empires II];T90 Titans League: Silver League [T90 Titans League/1/Silver League];Fortified Clearing [Fortified Clearing];1v1;Kongen [Kongensgade] [Denmark] [Denmark] [Poles] [Poles];<;RmcooTheHater [Gurjaras] [Gurjaras] [Lithuania] [Lithuania] [Rmcoo];(G2) [Watch VOD] [Watch VOD];Poles;Gurjaras;Gurjaras;FALSE;;;;;;Fortified Clearing;;
11/12/2022;08:00 UTC;[Age of Empires II];T90 Titans League: Silver League [T90 Titans League/1/Silver League];Fortified Clearing [Fortified Clearing];1v1;MrPlanner [MrPlanner] [Slovenia] [Slovenia] [Bohemians] [Bohemians];<;HOANG [Lithuanians] [Lithuanians] [Vietnam] [Vietnam] [Hoang];(G3) [Watch VOD] [Watch VOD];Bohemians;Lithuanians;Lithuanians;FALSE;;;;;;Fortified Clearing;;
24/09/2022;16:00 UTC;[Age of Empires II];Wallhalla [Wallhalla];Fortified Clearing [Fortified Clearing];1v1;Running [Running] [Germany] [Germany] [Mongols] [Mongols];<;Yo [Saracens] [Saracens] [China] [China] [Yo];(G5) [Watch VOD] [Watch VOD];Mongols;Saracens;Saracens;FALSE;;;;;;Fortified Clearing;;
23/09/2022;18:00 UTC;[Age of Empires II];Wallhalla [Wallhalla];Fortified Clearing [Fortified Clearing];1v1;Yo [Yo] [China] [China] [Bulgarians] [Bulgarians];>;Valas [Italians] [Italians] [Finland] [Finland] [Valas];(G4) [Watch VOD] [Watch VOD];Bulgarians;Italians;Bulgarians;FALSE;;;;;;Fortified Clearing;;
23/09/2022;14:00 UTC;[Age of Empires II];Wallhalla [Wallhalla];Fortified Clearing [Fortified Clearing];1v1;Running [Running] [Germany] [Germany] [Bohemians] [Bohemians];<;TaToH [Italians] [Italians] [Spain] [Spain] [TaToH];(G1) [Watch VOD] [Watch VOD];Bohemians;Italians;Italians;FALSE;;;;;;Fortified Clearing;;
12/09/2022;14:00 UTC;[Age of Empires II];Wallhalla [Wallhalla];Fortified Clearing [Fortified Clearing];1v1;ACCM [ACCM] [Vietnam] [Vietnam] [Bohemians] [Bohemians];>;Valas [Malay] [Malay] [Finland] [Finland] [Valas];(G1) [Watch VOD] [Watch VOD];Bohemians;Malay;Bohemians;FALSE;;;;;;Fortified Clearing;;
09/09/2022;16:00 UTC;[Age of Empires II];Wallhalla [Wallhalla];Fortified Clearing [Fortified Clearing];1v1;Villese [Villese] [Finland] [Finland] [Poles] [Poles];<;Ganji [Burgundians] [Burgundians] [Sweden] [Sweden] [Ganji];(G1) [Watch VOD] [Watch VOD];Poles;Burgundians;Burgundians;FALSE;;;;;;Fortified Clearing;;
09/09/2022;15:00 UTC;[Age of Empires II];Wallhalla [Wallhalla];Fortified Clearing [Fortified Clearing];1v1;ACCM [ACCM] [Vietnam] [Vietnam] [Poles] [Poles];>;The_Dragonstar [Bohemians] [Bohemians] [India] [India] [The Dragonstar];(G1) [Watch VOD] [Watch VOD];Poles;Bohemians;Poles;FALSE;;;;;;Fortified Clearing;;
08/09/2022;19:30 UTC;[Age of Empires II];Wallhalla [Wallhalla];Fortified Clearing [Fortified Clearing];1v1;FreakinAndy [FreakinAndy] [Austria] [Austria] [Malay] [Malay];<;TaToH [Italians] [Italians] [Spain] [Spain] [TaToH];(G4) [Watch VOD] [Watch VOD];Malay;Italians;Italians;FALSE;;;;;;Fortified Clearing;;
18/08/2022;20:40 UTC;[Age of Empires II];Wallhalla: Qualifier [Wallhalla/Qualifier];Fortified Clearing [Fortified Clearing];1v1;Uzzi [Uzzi] [Mexico] [Mexico] [Burgundians] [Burgundians];<;FreakinAndy [Turks] [Turks] [Austria] [Austria] [FreakinAndy];(G1) [Watch VOD] [Watch VOD];Burgundians;Turks;Turks;FALSE;;;;;;Fortified Clearing;;
13/08/2022;17:20 UTC;[Age of Empires II];T90 Titans League: Gold League [T90 Titans League/1/Gold League];Fortified Clearing [Fortified Clearing];1v1;Sebastian2002 [Sebastian] [Uruguay] [Uruguay] [Turks] [Turks];<;Ganji [Burgundians] [Burgundians] [Sweden] [Sweden] [Ganji];(G5) [Watch VOD] [Watch VOD];Turks;Burgundians;Burgundians;FALSE;;;;;;Fortified Clearing;;
13/08/2022;15:25 UTC;[Age of Empires II];T90 Titans League: Gold League [T90 Titans League/1/Gold League];Fortified Clearing [Fortified Clearing];1v1;KingstoNe [KingstoNe] [Mexico] [Mexico] [Bohemians] [Bohemians];>;DracKeN [Britons] [Britons] [Czechia] [Czechia] [DracKeN];(G3) [Watch VOD] [Watch VOD];Bohemians;Britons;Bohemians;FALSE;;;;;;Fortified Clearing;;
13/08/2022;13:00 UTC;[Age of Empires II];T90 Titans League: Gold League [T90 Titans League/1/Gold League];Fortified Clearing [Fortified Clearing];1v1;Running [Running] [Germany] [Germany] [Britons] [Britons];>;Valas [Italians] [Italians] [Finland] [Finland] [Valas];(G3) [Watch VOD] [Watch VOD];Britons;Italians;Britons;FALSE;;;;;;Fortified Clearing;;
11/08/2022;17:50 UTC;[Age of Empires II];T90 Titans League: Gold League [T90 Titans League/1/Gold League];Fortified Clearing [Fortified Clearing];1v1;Dark [Dark] [Russia] [Russia] [Spanish] [Spanish];>;F1Re [Turks] [Turks] [Brazil] [Brazil] [F1Re];(G5) [Watch VOD] [Watch VOD];Spanish;Turks;Spanish;FALSE;;;;;;Fortified Clearing;;
07/08/2022;13:00 UTC;[Age of Empires II];T90 Titans League: Platinum League [T90 Titans League/1/Platinum League];Fortified Clearing [Fortified Clearing];1v1;Villese [Villese] [Finland] [Finland] [Poles] [Poles];>;TheViper [Sicilians] [Sicilians] [Norway] [Norway] [TheViper];(G3) [Watch VOD] [Watch VOD];Poles;Sicilians;Poles;FALSE;;;;;;Fortified Clearing;;
06/08/2022;14:40 UTC;[Age of Empires II];T90 Titans League: Platinum League [T90 Titans League/1/Platinum League];Fortified Clearing [Fortified Clearing];1v1;Villese [Villese] [Finland] [Finland] [Turks] [Turks];>;MbL [Bohemians] [Bohemians] [Norway] [Norway] [MbL];(G2) [Watch VOD] [Watch VOD];Turks;Bohemians;Turks;FALSE;;;;;;Fortified Clearing;;
05/08/2022;19:10 UTC;[Age of Empires II];T90 Titans League: Platinum League [T90 Titans League/1/Platinum League];Fortified Clearing [Fortified Clearing];1v1;TaToH [TaToH] [Spain] [Spain] [Cumans] [Cumans];>;JorDan_AoE [Mayans] [Mayans] [Germany] [Germany] [JorDan AoE];(G1) [Watch VOD] [Watch VOD];Cumans;Mayans;Cumans;FALSE;;;;;;Fortified Clearing;;
29/07/2022;17:00 UTC;[Age of Empires II];T90 Titans League: Platinum League [T90 Titans League/1/Platinum League];Fortified Clearing [Fortified Clearing];1v1;miguel [Miguel] [Brazil] [Brazil] [Burgundians] [Burgundians];<;JorDan_AoE [Hindustanis] [Hindustanis] [Germany] [Germany] [JorDan AoE];(G1) [Watch VOD] [Watch VOD];Burgundians;Hindustanis;Hindustanis;FALSE;;;;;;Fortified Clearing;;
28/07/2022;14:00 UTC;[Age of Empires II];T90 Titans League: Platinum League [T90 Titans League/1/Platinum League];Fortified Clearing [Fortified Clearing];1v1;ACCM [ACCM] [Vietnam] [Vietnam] [Bohemians] [Bohemians];<;TaToH [Burgundians] [Burgundians] [Spain] [Spain] [TaToH];(G1) [Watch VOD] [Watch VOD];Bohemians;Burgundians;Burgundians;FALSE;;;;;;Fortified Clearing;;
27/07/2022;17:45 UTC;[Age of Empires II];T90 Titans League: Platinum League [T90 Titans League/1/Platinum League];Fortified Clearing [Fortified Clearing];1v1;Nicov [Nicov] [Argentina] [Argentina] [Bohemians] [Bohemians];<;ACCM [Burgundians] [Burgundians] [Vietnam] [Vietnam] [ACCM];(G2) [Watch VOD] [Watch VOD];Bohemians;Burgundians;Burgundians;FALSE;;;;;;Fortified Clearing;;
19/07/2022;16:00 UTC;[Age of Empires II];T90 Titans League: Platinum League [T90 Titans League/1/Platinum League];Fortified Clearing [Fortified Clearing];1v1;bruh [BruH] [Brazil] [Brazil] [Poles] [Poles];<;Barles [Gurjaras] [Gurjaras] [Poland] [Poland] [Barles];(G2) [Watch VOD] [Watch VOD];Poles;Gurjaras;Gurjaras;FALSE;;;;;;Fortified Clearing;;
19/07/2022;14:30 UTC;[Age of Empires II];T90 Titans League: Platinum League [T90 Titans League/1/Platinum League];Fortified Clearing [Fortified Clearing];1v1;classicpro [Classicpro] [Ukraine] [Ukraine] [Cumans] [Cumans];<;DauT [Burgundians] [Burgundians] [Serbia] [Serbia] [DauT];(G3) [Watch VOD] [Watch VOD];Cumans;Burgundians;Burgundians;FALSE;;;;;;Fortified Clearing;;
18/07/2022;13:00 UTC;[Age of Empires II];T90 Titans League: Platinum League [T90 Titans League/1/Platinum League];Fortified Clearing [Fortified Clearing];1v1;DauT [DauT] [Serbia] [Serbia] [Gurjaras] [Gurjaras];<;TheViper [Bohemians] [Bohemians] [Norway] [Norway] [TheViper];(G2) [Watch VOD] [Watch VOD];Gurjaras;Bohemians;Bohemians;FALSE;;;;;;Fortified Clearing;;
14/07/2022;16:00 UTC;[Age of Empires II];T90 Titans League: Platinum League [T90 Titans League/1/Platinum League];Fortified Clearing [Fortified Clearing];1v1;Hera [Hera] [Canada] [Canada] [Aztecs] [Aztecs];<;Villese [Burgundians] [Burgundians] [Finland] [Finland] [Villese];(G2) [Watch VOD] [Watch VOD];Aztecs;Burgundians;Burgundians;FALSE;;;;;;Fortified Clearing;;
12/07/2022;18:00 UTC;[Age of Empires II];T90 Titans League: Platinum League [T90 Titans League/1/Platinum League];Fortified Clearing [Fortified Clearing];1v1;miguel [Miguel] [Brazil] [Brazil] [Poles] [Poles];<;DauT [Burgundians] [Burgundians] [Serbia] [Serbia] [DauT];(G3) [Watch VOD] [Watch VOD];Poles;Burgundians;Burgundians;FALSE;;;;;;Fortified Clearing;;
11/07/2022;14:00 UTC;[Age of Empires II];T90 Titans League: Platinum League [T90 Titans League/1/Platinum League];Fortified Clearing [Fortified Clearing];1v1;saymyname [Saymyname] [Vietnam] [Vietnam] [Berbers] [Berbers];<;DauT [Gurjaras] [Gurjaras] [Serbia] [Serbia] [DauT];(G2) [Watch VOD] [Watch VOD];Berbers;Gurjaras;Gurjaras;FALSE;;;;;;Fortified Clearing;;
07/07/2022;14:30 UTC;[Age of Empires II];T90 Titans League: Platinum League [T90 Titans League/1/Platinum League];Fortified Clearing [Fortified Clearing];1v1;BadBoy [BadBoy] [Vietnam] [Vietnam] [Britons] [Britons];<;ACCM [Vietnamese] [Vietnamese] [Vietnam] [Vietnam] [ACCM];(G3) [Watch VOD] [Watch VOD];Britons;Vietnamese;Vietnamese;FALSE;;;;;;Fortified Clearing;;
07/07/2022;13:00 UTC;[Age of Empires II];T90 Titans League: Platinum League [T90 Titans League/1/Platinum League];Fortified Clearing [Fortified Clearing];1v1;JorDan_AoE [JorDan AoE] [Germany] [Germany] [Poles] [Poles];<;TheViper [Britons] [Britons] [Norway] [Norway] [TheViper];(G1) [Watch VOD] [Watch VOD];Poles;Britons;Britons;FALSE;;;;;;Fortified Clearing;;
30/06/2022;19:00 UTC;[Age of Empires II];T90 Titans League: Platinum League [T90 Titans League/1/Platinum League];Fortified Clearing [Fortified Clearing];1v1;slam [Slam] [Canada] [Canada] [Burgundians] [Burgundians];<;Liereyy [Khmer] [Khmer] [Austria] [Austria] [Liereyy];(G1) [Watch VOD] [Watch VOD];Burgundians;Khmer;Khmer;FALSE;;;;;;Fortified Clearing;;
30/06/2022;16:00 UTC;[Age of Empires II];T90 Titans League: Gold League [T90 Titans League/1/Gold League];Fortified Clearing [Fortified Clearing];1v1;Sobek [Sobek] [Chile] [Chile] [Burgundians] [Burgundians];<;Modri [Poles] [Poles] [Slovenia] [Slovenia] [Modri];(G2) [Watch VOD] [Watch VOD];Burgundians;Poles;Poles;FALSE;;;;;;Fortified Clearing;;
30/06/2022;15:00 UTC;[Age of Empires II];T90 Titans League: Platinum League [T90 Titans League/1/Platinum League];Fortified Clearing [Fortified Clearing];1v1;MbL [MbL] [Norway] [Norway] [Burgundians] [Burgundians];>;ACCM [Mongols] [Mongols] [Vietnam] [Vietnam] [ACCM];(G1) [Watch VOD] [Watch VOD];Burgundians;Mongols;Burgundians;FALSE;;;;;;Fortified Clearing;;
30/06/2022;13:00 UTC;[Age of Empires II];T90 Titans League: Platinum League [T90 Titans League/1/Platinum League];Fortified Clearing [Fortified Clearing];1v1;bruh [BruH] [Brazil] [Brazil] [Poles] [Poles];>;Yo [Burgundians] [Burgundians] [China] [China] [Yo];(G2) [Watch VOD] [Watch VOD];Poles;Burgundians;Poles;FALSE;;;;;;Fortified Clearing;;
29/06/2022;18:15 UTC;[Age of Empires II];T90 Titans League: Gold League [T90 Titans League/1/Gold League];Fortified Clearing [Fortified Clearing];1v1;Nili [Nili] [Germany] [Germany] [Turks] [Turks];>;DracKeN [Burgundians] [Burgundians] [Czechia] [Czechia] [DracKeN];(G3) [Watch VOD] [Watch VOD];Turks;Burgundians;Turks;FALSE;;;;;;Fortified Clearing;;
21/05/2022;18:20 UTC;[Age of Empires II];The Resurgence [The Resurgence];Fortified Clearing [Fortified Clearing];1v1;JorDan_AoE [JorDan AoE] [Germany] [Germany] [Burgundians] [Burgundians];>;Villese [Bohemians] [Bohemians] [Finland] [Finland] [Villese];(G5) [Watch VOD] [Watch VOD];Burgundians;Bohemians;Burgundians;FALSE;;;;;;Fortified Clearing;;
21/05/2022;14:00 UTC;[Age of Empires II];The Resurgence [The Resurgence];Fortified Clearing [Fortified Clearing];1v1;ACCM [ACCM] [Vietnam] [Vietnam] [Turks] [Turks];<;Yo [Bohemians] [Bohemians] [China] [China] [Yo];(G5) [Watch VOD] [Watch VOD];Turks;Bohemians;Bohemians;FALSE;;;;;;Fortified Clearing;;
20/05/2022;20:50 UTC;[Age of Empires II];The Resurgence [The Resurgence];Fortified Clearing [Fortified Clearing];1v1;Vinchester [Vinchester] [Russia] [Russia] [Malay] [Malay];<;JorDan_AoE [Turks] [Turks] [Germany] [Germany] [JorDan AoE];(G4) [Watch VOD] [Watch VOD];Malay;Turks;Turks;FALSE;;;;;;Fortified Clearing;;
15/05/2022;21:30 UTC;[Age of Empires II];The Resurgence [The Resurgence];Fortified Clearing [Fortified Clearing];1v1;Nicov [Nicov] [Argentina] [Argentina] [Slavs] [Slavs];<;ACCM [Sicilians] [Sicilians] [Vietnam] [Vietnam] [ACCM];(G5) [Watch VOD] [Watch VOD];Slavs;Sicilians;Sicilians;FALSE;;;;;;Fortified Clearing;;
15/05/2022;14:00 UTC;[Age of Empires II];The Resurgence [The Resurgence];Fortified Clearing [Fortified Clearing];1v1;miguel [Miguel] [Brazil] [Brazil] [Bohemians] [Bohemians];>;Dark [Tatars] [Tatars] [Russia] [Russia] [Dark];(G2) [Watch VOD] [Watch VOD];Bohemians;Tatars;Bohemians;FALSE;;;;;;Fortified Clearing;;
13/05/2022;16:00 UTC;[Age of Empires II];The Resurgence [The Resurgence];Fortified Clearing [Fortified Clearing];1v1;DauT [DauT] [Serbia] [Serbia] [Teutons] [Teutons];>;Vinchester [Vietnamese] [Vietnamese] [Russia] [Russia] [Vinchester];(G3) [Watch VOD] [Watch VOD];Teutons;Vietnamese;Teutons;FALSE;;;;;;Fortified Clearing;;
13/05/2022;14:00 UTC;[Age of Empires II];The Resurgence [The Resurgence];Fortified Clearing [Fortified Clearing];1v1;Dark [Dark] [Russia] [Russia] [Ethiopians] [Ethiopians];<;Yo [Khmer] [Khmer] [China] [China] [Yo];(G3) [Watch VOD] [Watch VOD];Ethiopians;Khmer;Khmer;FALSE;;;;;;Fortified Clearing;;
07/05/2022;19:50 UTC;[Age of Empires II];The Resurgence [The Resurgence];Fortified Clearing [Fortified Clearing];1v1;Sitaux [Sitaux] [France] [France] [Hindustanis] [Hindustanis];<;DauT [Bohemians] [Bohemians] [Serbia] [Serbia] [DauT];(G3) [Watch VOD] [Watch VOD];Hindustanis;Bohemians;Bohemians;FALSE;;;;;;Fortified Clearing;;
30/04/2022;15:30 UTC;[Age of Empires II];The Resurgence: Qualifier [The Resurgence/Qualifier];Fortified Clearing [Fortified Clearing];1v1;repard [Repard] [Russia] [Russia] [Slavs] [Slavs];>;JorDan_AoE [Bohemians] [Bohemians] [Germany] [Germany] [JorDan AoE];(G3) [Watch VOD] [Watch VOD];Slavs;Bohemians;Slavs;FALSE;;;;;;Fortified Clearing;;
;;;;;;;;;;;;;;;;;;;Fortified Clearing;;
;;;;;;;;;;;;;;;;;;;;;
;;;;;;;;;;;;;;;;;;;;;
;;;;;;;;;;;;;;;;;;;;;
;;;;;;;;;;;;;;;;;;;;;
;;;;;;;;;;;;;;;;;;;;;
;;;;;;;;;;;;;;;;;;;;;
;;;;;;;;;;;;;;;;;;;;;
;;;;;;;;;;;;;;;;;;;;;
;;;;;;;;;;;;;;;;;;;;;
;;;;;;;;;;;;;;;;;;;;;
;;;;;;;;;;;;;;;;;;;;;
;;;;;;;;;;;;;;;;;;;;;
;;;;;;;;;;;;;;;;;;;;;
;;;;;;;;;;;;;;;;;;;;;
;;;;;;;;;;;;;;;;;;;;;
;;;;;;;;;;;;;;;;;;;;;
;;;;;;;;;;;;;;;;;;;;;
;;;;;;;;;;;;;;;;;;;;;
;;;;;;;;;;;;;;;;;;;;;
;;;;;;;;;;;;;;;;;;;;;
;;;;;;;;;;;;;;;;;;;;;
;;;;;;;;;;;;;;;;;;;;;
;;;;;;;;;;;;;;;;;;;;;
;;;;;;;;;;;;;;;;;;;;;
;;;;;;;;;;;;;;;;;;;;;
;;;;;;;;;;;;;;;;;;;;;
;;;;;;;;;;;;;;;;;;;;;
;;;;;;;;;;;;;;;;;;;;;
;;;;;;;;;;;;;;;;;;;;;
;;;;;;;;;;;;;;;;;;;;;
;;;;;;;;;;;;;;;;;;;;;
;;;;;;;;;;;;;;;;;;;;;
;;;;;;;;;;;;;;;;;;;;;
;;;;;;;;;;;;;;;;;;;;;
;;;;;;;;;;;;;;;;;;;;;
;;;;;;;;;;;;;;;;;;;;;
;;;;;;;;;;;;;;;;;;;;;
;;;;;;;;;;;;;;;;;;;;;
;;;;;;;;;;;;;;;;;;;;;
;;;;;;;;;;;;;;;;;;;;;
;;;;;;;;;;;;;;;;;;;;;
;;;;;;;;;;;;;;;;;;;;;
;;;;;;;;;;;;;;;;;;;;;
;;;;;;;;;;;;;;;;;;;;;
;;;;;;;;;;;;;;;;;;;;;
;;;;;;;;;;;;;;;;;;;;;
;;;;;;;;;;;;;;;;;;;;;
;;;;;;;;;;;;;;;;;;;;;
;;;;;;;;;;;;;;;;;;;;;
;;;;;;;;;;;;;;;;;;;;;
;;;;;;;;;;;;;;;;;;;;;
;;;;;;;;;;;;;;;;;;;;;
;;;;;;;;;;;;;;;;;;;;;
;;;;;;;;;;;;;;;;;;;;;
;;;;;;;;;;;;;;;;;;;;;
;;;;;;;;;;;;;;;;;;;;;
;;;;;;;;;;;;;;;;;;;;;
;;;;;;;;;;;;;;;;;;;;;
;;;;;;;;;;;;;;;;;;;;;
;;;;;;;;;;;;;;;;;;;;;
;;;;;;;;;;;;;;;;;;;;;
;;;;;;;;;;;;;;;;;;;;;
;;;;;;;;;;;;;;;;;;;;;
;;;;;;;;;;;;;;;;;;;;;
;;;;;;;;;;;;;;;;;;;;;
;;;;;;;;;;;;;;;;;;;;;
;;;;;;;;;;;;;;;;;;;;;
;;;;;;;;;;;;;;;;;;;;;
;;;;;;;;;;;;;;;;;;;;;
;;;;;;;;;;;;;;;;;;;;;
;;;;;;;;;;;;;;;;;;;;;
;;;;;;;;;;;;;;;;;;;;;
;;;;;;;;;;;;;;;;;;;;;
;;;;;;;;;;;;;;;;;;;;;
;;;;;;;;;;;;;;;;;;;;;
;;;;;;;;;;;;;;;;;;;;;
;;;;;;;;;;;;;;;;;;;;;
;;;;;;;;;;;;;;;;;;;;;
;;;;;;;;;;;;;;;;;;;;;
;;;;;;;;;;;;;;;;;;;;;
;;;;;;;;;;;;;;;;;;;;;
;;;;;;;;;;;;;;;;;;;;;
;;;;;;;;;;;;;;;;;;;;;
;;;;;;;;;;;;;;;;;;;;;
;;;;;;;;;;;;;;;;;;;;;
;;;;;;;;;;;;;;;;;;;;;
;;;;;;;;;;;;;;;;;;;;;
;;;;;;;;;;;;;;;;;;;;;
;;;;;;;;;;;;;;;;;;;;;
;;;;;;;;;;;;;;;;;;;;;
;;;;;;;;;;;;;;;;;;;;;
;;;;;;;;;;;;;;;;;;;;;
;;;;;;;;;;;;;;;;;;;;;
;;;;;;;;;;;;;;;;;;;;;
;;;;;;;;;;;;;;;;;;;;;
;;;;;;;;;;;;;;;;;;;;;
;;;;;;;;;;;;;;;;;;;;;
;;;;;;;;;;;;;;;;;;;;;
;;;;;;;;;;;;;;;;;;;;;
;;;;;;;;;;;;;;;;;;;;;
;;;;;;;;;;;;;;;;;;;;;
;;;;;;;;;;;;;;;;;;;;;
;;;;;;;;;;;;;;;;;;;;;
;;;;;;;;;;;;;;;;;;;;;
;;;;;;;;;;;;;;;;;;;;;
;;;;;;;;;;;;;;;;;;;;;
;;;;;;;;;;;;;;;;;;;;;
;;;;;;;;;;;;;;;;;;;;;
;;;;;;;;;;;;;;;;;;;;;
;;;;;;;;;;;;;;;;;;;;;
;;;;;;;;;;;;;;;;;;;;;
;;;;;;;;;;;;;;;;;;;;;
;;;;;;;;;;;;;;;;;;;;;
;;;;;;;;;;;;;;;;;;;;;
;;;;;;;;;;;;;;;;;;;;;
;;;;;;;;;;;;;;;;;;;;;
;;;;;;;;;;;;;;;;;;;;;
;;;;;;;;;;;;;;;;;;;;;
;;;;;;;;;;;;;;;;;;;;;
;;;;;;;;;;;;;;;;;;;;;
;;;;;;;;;;;;;;;;;;;;;
;;;;;;;;;;;;;;;;;;;;;
;;;;;;;;;;;;;;;;;;;;;
;;;;;;;;;;;;;;;;;;;;;
;;;;;;;;;;;;;;;;;;;;;
;;;;;;;;;;;;;;;;;;;;;
;;;;;;;;;;;;;;;;;;;;;
;;;;;;;;;;;;;;;;;;;;;
;;;;;;;;;;;;;;;;;;;;;
;;;;;;;;;;;;;;;;;;;;;
;;;;;;;;;;;;;;;;;;;;;
;;;;;;;;;;;;;;;;;;;;;
;;;;;;;;;;;;;;;;;;;;;
;;;;;;;;;;;;;;;;;;;;;
;;;;;;;;;;;;;;;;;;;;;
;;;;;;;;;;;;;;;;;;;;;
;;;;;;;;;;;;;;;;;;;;;
;;;;;;;;;;;;;;;;;;;;;
;;;;;;;;;;;;;;;;;;;;;
;;;;;;;;;;;;;;;;;;;;;
;;;;;;;;;;;;;;;;;;;;;
;;;;;;;;;;;;;;;;;;;;;
;;;;;;;;;;;;;;;;;;;;;
;;;;;;;;;;;;;;;;;;;;;
;;;;;;;;;;;;;;;;;;;;;
;;;;;;;;;;;;;;;;;;;;;
;;;;;;;;;;;;;;;;;;;;;
;;;;;;;;;;;;;;;;;;;;;
;;;;;;;;;;;;;;;;;;;;;
;;;;;;;;;;;;;;;;;;;;;
;;;;;;;;;;;;;;;;;;;;;
;;;;;;;;;;;;;;;;;;;;;
;;;;;;;;;;;;;;;;;;;;;
;;;;;;;;;;;;;;;;;;;;;
;;;;;;;;;;;;;;;;;;;;;
;;;;;;;;;;;;;;;;;;;;;
;;;;;;;;;;;;;;;;;;;;;
;;;;;;;;;;;;;;;;;;;;;
;;;;;;;;;;;;;;;;;;;;;
;;;;;;;;;;;;;;;;;;;;;
;;;;;;;;;;;;;;;;;;;;;
;;;;;;;;;;;;;;;;;;;;;
;;;;;;;;;;;;;;;;;;;;;
;;;;;;;;;;;;;;;;;;;;;
;;;;;;;;;;;;;;;;;;;;;
;;;;;;;;;;;;;;;;;;;;;
;;;;;;;;;;;;;;;;;;;;;
;;;;;;;;;;;;;;;;;;;;;
;;;;;;;;;;;;;;;;;;;;;
;;;;;;;;;;;;;;;;;;;;;
;;;;;;;;;;;;;;;;;;;;;
;;;;;;;;;;;;;;;;;;;;;
;;;;;;;;;;;;;;;;;;;;;
;;;;;;;;;;;;;;;;;;;;;
;;;;;;;;;;;;;;;;;;;;;
;;;;;;;;;;;;;;;;;;;;;
;;;;;;;;;;;;;;;;;;;;;
;;;;;;;;;;;;;;;;;;;;;
;;;;;;;;;;;;;;;;;;;;;
;;;;;;;;;;;;;;;;;;;;;
;;;;;;;;;;;;;;;;;;;;;
;;;;;;;;;;;;;;;;;;;;;
;;;;;;;;;;;;;;;;;;;;;
;;;;;;;;;;;;;;;;;;;;;
;;;;;;;;;;;;;;;;;;;;;
;;;;;;;;;;;;;;;;;;;;;
;;;;;;;;;;;;;;;;;;;;;
;;;;;;;;;;;;;;;;;;;;;
;;;;;;;;;;;;;;;;;;;;;
;;;;;;;;;;;;;;;;;;;;;
;;;;;;;;;;;;;;;;;;;;;
;;;;;;;;;;;;;;;;;;;;;
;;;;;;;;;;;;;;;;;;;;;
;;;;;;;;;;;;;;;;;;;;;
;;;;;;;;;;;;;;;;;;;;;
;;;;;;;;;;;;;;;;;;;;;
;;;;;;;;;;;;;;;;;;;;;
;;;;;;;;;;;;;;;;;;;;;
;;;;;;;;;;;;;;;;;;;;;
;;;;;;;;;;;;;;;;;;;;;
;;;;;;;;;;;;;;;;;;;;;
;;;;;;;;;;;;;;;;;;;;;
;;;;;;;;;;;;;;;;;;;;;
;;;;;;;;;;;;;;;;;;;;;
;;;;;;;;;;;;;;;;;;;;;
;;;;;;;;;;;;;;;;;;;;;
;;;;;;;;;;;;;;;;;;;;;
;;;;;;;;;;;;;;;;;;;;;
;;;;;;;;;;;;;;;;;;;;;
;;;;;;;;;;;;;;;;;;;;;
;;;;;;;;;;;;;;;;;;;;;
;;;;;;;;;;;;;;;;;;;;;
;;;;;;;;;;;;;;;;;;;;;
;;;;;;;;;;;;;;;;;;;;;
;;;;;;;;;;;;;;;;;;;;;
;;;;;;;;;;;;;;;;;;;;;
;;;;;;;;;;;;;;;;;;;;;
;;;;;;;;;;;;;;;;;;;;;
;;;;;;;;;;;;;;;;;;;;;
;;;;;;;;;;;;;;;;;;;;;
;;;;;;;;;;;;;;;;;;;;;
;;;;;;;;;;;;;;;;;;;;;
;;;;;;;;;;;;;;;;;;;;;
;;;;;;;;;;;;;;;;;;;;;
;;;;;;;;;;;;;;;;;;;;;
;;;;;;;;;;;;;;;;;;;;;
;;;;;;;;;;;;;;;;;;;;;
;;;;;;;;;;;;;;;;;;;;;
;;;;;;;;;;;;;;;;;;;;;
;;;;;;;;;;;;;;;;;;;;;
;;;;;;;;;;;;;;;;;;;;;
;;;;;;;;;;;;;;;;;;;;;
;;;;;;;;;;;;;;;;;;;;;
;;;;;;;;;;;;;;;;;;;;;
;;;;;;;;;;;;;;;;;;;;;
;;;;;;;;;;;;;;;;;;;;;
;;;;;;;;;;;;;;;;;;;;;
;;;;;;;;;;;;;;;;;;;;;
;;;;;;;;;;;;;;;;;;;;;
;;;;;;;;;;;;;;;;;;;;;
;;;;;;;;;;;;;;;;;;;;;
;;;;;;;;;;;;;;;;;;;;;
;;;;;;;;;;;;;;;;;;;;;
;;;;;;;;;;;;;;;;;;;;;
;;;;;;;;;;;;;;;;;;;;;
;;;;;;;;;;;;;;;;;;;;;
;;;;;;;;;;;;;;;;;;;;;
;;;;;;;;;;;;;;;;;;;;;
;;;;;;;;;;;;;;;;;;;;;
;;;;;;;;;;;;;;;;;;;;;
;;;;;;;;;;;;;;;;;;;;;
;;;;;;;;;;;;;;;;;;;;;
;;;;;;;;;;;;;;;;;;;;;
;;;;;;;;;;;;;;;;;;;;;
;;;;;;;;;;;;;;;;;;;;;
;;;;;;;;;;;;;;;;;;;;;
;;;;;;;;;;;;;;;;;;;;;
;;;;;;;;;;;;;;;;;;;;;
