Date;Time;G;Tournament;Map;Mode;Opponent;;Vs. Opponent;VOD;Civ1;Civ2;Win;Mirror;Civ List;Picks;Wins;Win Rate;CDPS Score;Islands;Total matches;184
30/11/2025;15:00 UTC;[Age of Empires II];Thalassocracy 2 [Thalassocracy/2];Islands [Islands];1v1;Hearttt [Hearttt] [Peru] [Peru] [Shu] [Shu];<;Hera [Vikings] [Vikings] [Canada] [Canada] [Hera];(G1) [Watch VOD] [Watch VOD];Shu;Vikings;Vikings;FALSE;Armenians;7;6;86%;74,35;Islands;;
29/11/2025;17:30 UTC;[Age of Empires II];Thalassocracy 2 [Thalassocracy/2];Islands [Islands];1v1;Hearttt [Hearttt] [Peru] [Peru] [Malay] [Malay];>;Liereyy [Koreans] [Koreans] [Austria] [Austria] [Liereyy];(G1) [Watch VOD] [Watch VOD];Malay;Koreans;Malay;FALSE;Aztecs;2;1;50%;53,20;Islands;;
27/11/2025;17:40 UTC;[Age of Empires II];Thalassocracy 2 [Thalassocracy/2];Islands [Islands];1v1;TaToH [TaToH] [Spain] [Spain] [Italians] [Italians];>;TheViper [Khitans] [Khitans] [Norway] [Norway] [TheViper];(G4) [Watch VOD] [Watch VOD];Italians;Khitans;Italians;FALSE;Bengalis;1;1;100%;56,97;Islands;;
18/11/2025;18:00 UTC;[Age of Empires II];Thalassocracy 2 [Thalassocracy/2];Islands [Islands];1v1;StonePleaseAoE [StonePleaseAoE] [Germany] [Germany] [Vikings] [Vikings];<;TaToH [Berbers] [Berbers] [Spain] [Spain] [TaToH];(G4) [Watch VOD] [Watch VOD];Vikings;Berbers;Berbers;FALSE;Berbers;10;7;70%;70,19;Islands;;
18/11/2025;16:30 UTC;[Age of Empires II];Thalassocracy 2 [Thalassocracy/2];Islands [Islands];1v1;Sora Kuma [Sora Kuma] [Taiwan] [Taiwan] [Koreans] [Koreans];>;Dark [Saracens] [Saracens] [Russia] [Russia] [Dark];(G4) [Watch VOD] [Watch VOD];Koreans;Saracens;Koreans;FALSE;Bohemians;0;0;0%;0,00;Islands;;
18/11/2025;14:00 UTC;[Age of Empires II];Thalassocracy 2 [Thalassocracy/2];Islands [Islands];1v1;Lewis [Lewis] [United Kingdom] [United Kingdom] [Berbers] [Berbers];<;Nicov [Wu] [Wu] [Argentina] [Argentina] [Nicov];(G2) [Watch VOD] [Watch VOD];Berbers;Wu;Wu;FALSE;Britons;3;1;33%;34,55;Islands;;
12/11/2025;18:30 UTC;[Age of Empires II];Thalassocracy 2: Round of 128 & Round of 64 [Thalassocracy/2/Ro128 & Ro64];Islands [Islands];1v1;Uzzi [Uzzi] [Mexico] [Mexico] [Vikings] [Vikings];<;Villese [Italians] [Italians] [Finland] [Finland] [Villese];(G1) [Watch VOD] [Watch VOD];Vikings;Italians;Italians;FALSE;Bulgarians;0;0;0%;0,00;Islands;;
12/11/2025;18:00 UTC;[Age of Empires II];Thalassocracy 2: Round of 128 & Round of 64 [Thalassocracy/2/Ro128 & Ro64];Islands [Islands];1v1;Rodrixs [Rodrixs] [Argentina] [Argentina] [Wu] [Wu];<;Yo [Portuguese] [Portuguese] [China] [China] [Yo];(G1) [Watch VOD] [Watch VOD];Wu;Portuguese;Portuguese;FALSE;Burgundians;1;1;100%;56,97;Islands;;
09/11/2025;18:05 UTC;[Age of Empires II];MEGA LAN 2025: Mexico City [MEGA LAN 2025/Mexico City];Islands [Islands];1v1;Kingstone [KingstoNe] [Mexico] [Mexico] [Saracens] [Saracens];<;dogao [Armenians] [Armenians] [Brazil] [Brazil] [Dogao];(G2) [Watch VOD] [Watch VOD];Saracens;Armenians;Armenians;FALSE;Burmese;0;0;0%;0,00;Islands;;
08/11/2025;20:45 UTC;[Age of Empires II];MEGA LAN 2025: Mexico City [MEGA LAN 2025/Mexico City];Islands [Islands];1v1;IamAlextremo [IamAlextremo] [Mexico] [Mexico] [Italians] [Italians];<;dogao [Shu] [Shu] [Brazil] [Brazil] [Dogao];(G2) [Watch VOD] [Watch VOD];Italians;Shu;Shu;FALSE;Byzantines;7;3;43%;53,31;Islands;;
08/11/2025;17:00 UTC;[Age of Empires II];Thalassocracy 2: Round of 128 & Round of 64 [Thalassocracy/2/Ro128 & Ro64];Islands [Islands];1v1;TheKroks [TheKroks (page does not exist)] [Poland] [Poland] [Vikings] [Vikings];>;miguel [Dravidians] [Dravidians] [Brazil] [Brazil] [Miguel];(G2) [Watch VOD] [Watch VOD];Vikings;Dravidians;Vikings;FALSE;Celts;2;0;0%;0,00;Islands;;
06/11/2025;17:00 UTC;[Age of Empires II];Thalassocracy 2: Round of 128 & Round of 64 [Thalassocracy/2/Ro128 & Ro64];Islands [Islands];1v1;MTExplore [MTExplore (page does not exist)] [Netherlands] [Netherlands] [Koreans] [Koreans];<;Hearttt [Vikings] [Vikings] [Peru] [Peru] [Hearttt];(G1) [Watch VOD] [Watch VOD];Koreans;Vikings;Vikings;FALSE;Chinese;1;0;0%;0,00;Islands;;
05/11/2025;16:00 UTC;[Age of Empires II];Thalassocracy 2: Round of 128 & Round of 64 [Thalassocracy/2/Ro128 & Ro64];Islands [Islands];1v1;Nojo [Nojo (page does not exist)] [United States] [United States] [Persians] [Persians];<;Villese [Vikings] [Vikings] [Finland] [Finland] [Villese];(G2) [Watch VOD] [Watch VOD];Persians;Vikings;Vikings;FALSE;Cumans;1;0;0%;0,00;Islands;;
12/07/2025;13:00 UTC;[Age of Empires II];AoC Classic 2025 [AoC Classic 2025];Islands [Islands];1v1;chart [Chart] [Japan] [Japan] [Persians] [Persians];<;TaToH [Koreans] [Koreans] [Spain] [Spain] [TaToH];(G3) [Watch VOD] [Watch VOD];Persians;Koreans;Koreans;FALSE;Dravidians;19;7;37%;42,25;Islands;;
11/07/2025;13:00 UTC;[Age of Empires II];AoC Classic 2025 [AoC Classic 2025];Islands [Islands];1v1;Margougou [Margougou] [France] [France] [Dravidians] [Dravidians];<;Chart [Romans] [Romans] [Japan] [Japan] [Chart];(G4) [Watch VOD] [Watch VOD];Dravidians;Romans;Romans;FALSE;Ethiopians;0;0;0%;0,00;Islands;;
13/05/2025;21:00 UTC;[Age of Empires II];Hidden Cup Italia 2 [Hidden Cup Italia/2];Islands [Islands];1v1;Eadkhan [Eadkhan (page does not exist)] [Italy] [Italy] [Malay] [Malay];<;Killer Storm [Japanese] [Japanese] [Italy] [Italy] [Killer Storm (page does not exist)];(G2) [Watch VOD] [Watch VOD];Malay;Japanese;Japanese;FALSE;Franks;1;0;0%;0,00;Islands;;
13/05/2025;14:00 UTC;[Age of Empires II];Great British Discord Community Cup 2025 [Great British Discord Community Cup/2025];Islands [Islands];1v1;Emu Warrior [Emu Warrior (page does not exist)] [United States] [United States] [Italians] [Italians];<;dave_hun [Armenians] [Armenians] [Hungary] [Hungary] [Dave hun];(G1) [Watch VOD] [Watch VOD];Italians;Armenians;Armenians;FALSE;Georgians;0;0;0%;0,00;Islands;;
11/12/2024;21:30 UTC;[Age of Empires II];Liga Espańola AoE2 T9: Paladin Division [Liga Espańola AoE2/9];Islands [Islands];1v1;PoXoLo [PoXoLo] [Spain] [Spain] [Dravidians] [Dravidians];>;Moneimon [Vikings] [Vikings] [Spain] [Spain] [Moneimon];(G5) [Watch VOD] [Watch VOD];Dravidians;Vikings;Dravidians;FALSE;Goths;0;0;0%;0,00;Islands;;
08/12/2024;22:10 UTC;[Age of Empires II];Liga Espańola AoE2 T9: Paladin Division [Liga Espańola AoE2/9];Islands [Islands];1v1;ReyO [ReyO] [Spain] [Spain] [Dravidians] [Dravidians];<;Pume [Malay] [Malay] [Spain] [Spain] [Pume];(G1) [Watch VOD] [Watch VOD];Dravidians;Malay;Malay;FALSE;Gurjaras;0;0;0%;0,00;Islands;;
09/10/2024;;[Age of Empires II];Liga Espańola AoE2 T9: Paladin Division [Liga Espańola AoE2/9];Islands [Islands];1v1;PoXoLo [PoXoLo] [Spain] [Spain] [Armenians] [Armenians];>;m0re [Persians] [Persians] [Spain] [Spain] [M0re];(G3) [Watch VOD] [Watch VOD];Armenians;Persians;Armenians;FALSE;Hindustanis;0;0;0%;0,00;Islands;;
02/03/2024;19:15 UTC;[Age of Empires II];Hidden Cup V [Hidden Cup/5];Islands [Islands];1v1;Liereyy [Liereyy] [Austria] [Austria] [Italians] [Italians];>;TheViper [Dravidians] [Dravidians] [Norway] [Norway] [TheViper];(G3) [Watch VOD] [Watch VOD];Italians;Dravidians;Italians;FALSE;Huns;4;1;25%;18,23;Islands;;
02/03/2024;15:40 UTC;[Age of Empires II];Hidden Cup V [Hidden Cup/5];Islands [Islands];1v1;ACCM [ACCM] [Vietnam] [Vietnam] [Dravidians] [Dravidians];>;Hera [Vikings] [Vikings] [Canada] [Canada] [Hera];(G4) [Watch VOD] [Watch VOD];Dravidians;Vikings;Dravidians;FALSE;Incas;1;0;0%;0,00;Islands;;
01/03/2024;19:55 UTC;[Age of Empires II];Hidden Cup V [Hidden Cup/5];Islands [Islands];1v1;Liereyy [Liereyy] [Austria] [Austria] [Vikings] [Vikings];>;Sitaux [Koreans] [Koreans] [France] [France] [Sitaux];(G5) [Watch VOD] [Watch VOD];Vikings;Koreans;Vikings;FALSE;Italians;100;57;57%;76,08;Islands;;
01/03/2024;15:35 UTC;[Age of Empires II];Hidden Cup V [Hidden Cup/5];Islands [Islands];1v1;TheViper [TheViper] [Norway] [Norway] [Vikings] [Vikings];>;DauT [Aztecs] [Aztecs] [Serbia] [Serbia] [DauT];(G1) [Watch VOD] [Watch VOD];Vikings;Aztecs;Vikings;FALSE;Japanese;30;16;53%;65,56;Islands;;
28/02/2024;19:20 UTC;[Age of Empires II];Hidden Cup V [Hidden Cup/5];Islands [Islands];1v1;Ganji [Ganji] [Sweden] [Sweden] [Portuguese] [Portuguese];<;Liereyy [Italians] [Italians] [Austria] [Austria] [Liereyy];(G5) [Watch VOD] [Watch VOD];Portuguese;Italians;Italians;FALSE;Jurchens;0;0;0%;0,00;Islands;;
28/02/2024;15:40 UTC;[Age of Empires II];Hidden Cup V [Hidden Cup/5];Islands [Islands];1v1;Sitaux [Sitaux] [France] [France] [Armenians] [Armenians];>;Sebastian2002 [Armenians] [Armenians] [Uruguay] [Uruguay] [Sebastian];(G6) [Watch VOD] [Watch VOD];Armenians;Armenians;Armenians;TRUE;Khitans;1;0;0%;0,00;Islands;;
27/02/2024;20:00 UTC;[Age of Empires II];Hidden Cup V [Hidden Cup/5];Islands [Islands];1v1;Mr_Yo [Yo] [China] [China] [Italians] [Italians];<;TheViper [Bengalis] [Bengalis] [Norway] [Norway] [TheViper];(G1) [Watch VOD] [Watch VOD];Italians;Bengalis;Bengalis;FALSE;Khmer;0;0;0%;0,00;Islands;;
17/02/2024;17:10 UTC;[Age of Empires II];Hidden Cup V - Showmatch 1 [Hidden Cup/5/Show Matches/1];Islands [Islands];1v1;Daniel [Daniel] [United States] [United States] [Dravidians] [Dravidians];>;Margougou [Armenians] [Armenians] [France] [France] [Margougou];(G2) [Watch VOD] [Watch VOD];Dravidians;Armenians;Dravidians;FALSE;Koreans;14;3;21%;11,16;Islands;;
11/02/2024;16:45 UTC;[Age of Empires II];Hidden Cup V: Qualifier [Hidden Cup/5/Qualifier];Islands [Islands];1v1;Mihai06 [Mihai06] [Romania] [Romania] [Italians] [Italians];>;Sobek [Vikings] [Vikings] [Chile] [Chile] [Sobek];(G4) [Watch VOD] [Watch VOD];Italians;Vikings;Italians;FALSE;Lithuanians;2;2;100%;62,69;Islands;;
10/02/2024;19:25 UTC;[Age of Empires II];Hidden Cup V: Qualifier [Hidden Cup/5/Qualifier];Islands [Islands];1v1;Babaorum [Babaorum] [France] [France] [Italians] [Italians];<;Sebastian2002 [Armenians] [Armenians] [Uruguay] [Uruguay] [Sebastian];(G4) [Watch VOD] [Watch VOD];Italians;Armenians;Armenians;FALSE;Magyars;0;0;0%;0,00;Islands;;
10/02/2024;16:15 UTC;[Age of Empires II];Hidden Cup V: Qualifier [Hidden Cup/5/Qualifier];Islands [Islands];1v1;st4rk [St4rk] [Brazil] [Brazil] [Vikings] [Vikings];>;Barles [Dravidians] [Dravidians] [Poland] [Poland] [Barles];(G3) [Watch VOD] [Watch VOD];Vikings;Dravidians;Vikings;FALSE;Malay;15;5;33%;32,85;Islands;;
10/02/2024;14:10 UTC;[Age of Empires II];Hidden Cup V: Qualifier [Hidden Cup/5/Qualifier];Islands [Islands];1v1;Hearttt [Hearttt] [Peru] [Peru] [Italians] [Italians];<;TaToH [Vikings] [Vikings] [Spain] [Spain] [TaToH];(G4) [Watch VOD] [Watch VOD];Italians;Vikings;Vikings;FALSE;Malians;0;0;0%;0,00;Islands;;
09/02/2024;20:15 UTC;[Age of Empires II];Hidden Cup V: Qualifier [Hidden Cup/5/Qualifier];Islands [Islands];1v1;TheMbL [MbL] [Norway] [Norway] [Vikings] [Vikings];>;Ganji [Dravidians] [Dravidians] [Sweden] [Sweden] [Ganji];(G2) [Watch VOD] [Watch VOD];Vikings;Dravidians;Vikings;FALSE;Mapuche;0;0;0%;0,00;Islands;;
09/02/2024;17:40 UTC;[Age of Empires II];Hidden Cup V: Qualifier [Hidden Cup/5/Qualifier];Islands [Islands];1v1;Sobek [Sobek] [Chile] [Chile] [Italians] [Italians];<;Sitaux [Armenians] [Armenians] [France] [France] [Sitaux];(G3) [Watch VOD] [Watch VOD];Italians;Armenians;Armenians;FALSE;Mayans;2;0;0%;0,00;Islands;;
09/02/2024;14:10 UTC;[Age of Empires II];Hidden Cup V: Qualifier [Hidden Cup/5/Qualifier];Islands [Islands];1v1;Mihai06 [Mihai06] [Romania] [Romania] [Italians] [Italians];>;Vinchester [Vikings] [Vikings] [Russia] [Russia] [Vinchester];(G4) [Watch VOD] [Watch VOD];Italians;Vikings;Italians;FALSE;Mongols;2;0;0%;0,00;Islands;;
06/02/2024;14:00 UTC;[Age of Empires II];Hidden Cup V: Qualifier [Hidden Cup/5/Qualifier];Islands [Islands];1v1;Mihai06 [Mihai06] [Romania] [Romania] [Armenians] [Armenians];>;Margougou [Vikings] [Vikings] [France] [France] [Margougou];(G3) [Watch VOD] [Watch VOD];Armenians;Vikings;Armenians;FALSE;Muisca;0;0;0%;0,00;Islands;;
04/02/2024;17:00 UTC;[Age of Empires II];Hidden Cup V: Qualifier [Hidden Cup/5/Qualifier];Islands [Islands];1v1;Capoch [Capoch] [Argentina] [Argentina] [Vikings] [Vikings];>;TheMbL [Dravidians] [Dravidians] [Norway] [Norway] [MbL];(G1) [Watch VOD] [Watch VOD];Vikings;Dravidians;Vikings;FALSE;Persians;5;1;20%;10,98;Islands;;
31/01/2024;19:00 UTC;[Age of Empires II];Hidden Cup V: Qualifier [Hidden Cup/5/Qualifier];Islands [Islands];1v1;Ozone [Ozone] [Colombia] [Colombia] [Italians] [Italians];<;Ganji [Dravidians] [Dravidians] [Sweden] [Sweden] [Ganji];(G3) [Watch VOD] [Watch VOD];Italians;Dravidians;Dravidians;FALSE;Poles;0;0;0%;0,00;Islands;;
30/01/2024;20:30 UTC;[Age of Empires II];Hidden Cup V: Qualifier [Hidden Cup/5/Qualifier];Islands [Islands];1v1;DracKeN [DracKeN] [Czechia] [Czechia] [Dravidians] [Dravidians];<;F1Re [Italians] [Italians] [Brazil] [Brazil] [F1Re];(G2) [Watch VOD] [Watch VOD];Dravidians;Italians;Italians;FALSE;Portuguese;42;23;55%;68,75;Islands;;
30/01/2024;17:00 UTC;[Age of Empires II];Hidden Cup V: Qualifier [Hidden Cup/5/Qualifier];Islands [Islands];1v1;Andre_2i [Andre 2i (page does not exist)] [Romania] [Romania] [Portuguese] [Portuguese];<;dogao [Italians] [Italians] [Brazil] [Brazil] [Dogao];(G1) [Watch VOD] [Watch VOD];Portuguese;Italians;Italians;FALSE;Puru;0;0;0%;0,00;Islands;;
30/01/2024;15:30 UTC;[Age of Empires II];Hidden Cup V: Qualifier [Hidden Cup/5/Qualifier];Islands [Islands];1v1;Bad Koala [Bad Koala] [China] [China] [Portuguese] [Portuguese];<;FreakinAndy [Vikings] [Vikings] [Austria] [Austria] [FreakinAndy];(G1) [Watch VOD] [Watch VOD];Portuguese;Vikings;Vikings;FALSE;Romans;1;1;100%;56,97;Islands;;
27/01/2024;15:00 UTC;[Age of Empires II];Hidden Cup V: Qualifier [Hidden Cup/5/Qualifier];Islands [Islands];1v1;Overtaken [Overtaken] [Estonia] [Estonia] [Vikings] [Vikings];<;Mihai06 [Italians] [Italians] [Romania] [Romania] [Mihai06];(G2) [Watch VOD] [Watch VOD];Vikings;Italians;Italians;FALSE;Saracens;8;3;38%;44,49;Islands;;
26/01/2024;17:00 UTC;[Age of Empires II];Hidden Cup V: Qualifier [Hidden Cup/5/Qualifier];Islands [Islands];1v1;Dratek [Dratek] [Czechia] [Czechia] [Italians] [Italians];>;The_Dragonstar [Persians] [Persians] [India] [India] [The Dragonstar];(G2) [Watch VOD] [Watch VOD];Italians;Persians;Italians;FALSE;Shu;2;1;50%;53,20;Islands;;
24/01/2024;17:00 UTC;[Age of Empires II];Hidden Cup V: Qualifier [Hidden Cup/5/Qualifier];Islands [Islands];1v1;Kamigawa [Kamigawa] [Italy] [Italy] [Koreans] [Koreans];<;FreakinAndy [Portuguese] [Portuguese] [Austria] [Austria] [FreakinAndy];[Watch VOD] [Watch VOD];Koreans;Portuguese;Portuguese;FALSE;Sicilians;0;0;0%;0,00;Islands;;
28/11/2023;18:30 UTC;[Age of Empires II];GB Hidden Cup 2 [GB Hidden Cup/2];Islands [Islands];1v1;Hallis [Hallis] [United Kingdom] [United Kingdom] [Portuguese] [Portuguese];<;King_Boo [Vikings] [Vikings] [United Kingdom] [United Kingdom] [King Boo];(G6) [Watch VOD] [Watch VOD];Portuguese;Vikings;Vikings;FALSE;Slavs;0;0;0%;0,00;Islands;;
23/11/2023;18:00 UTC;[Age of Empires II];GB Hidden Cup 2 [GB Hidden Cup/2];Islands [Islands];1v1;dave_hun [Dave hun] [Hungary] [Hungary] [Dravidians] [Dravidians];<;Hallis [Vikings] [Vikings] [United Kingdom] [United Kingdom] [Hallis];(G1) [Watch VOD] [Watch VOD];Dravidians;Vikings;Vikings;FALSE;Spanish;0;0;0%;0,00;Islands;;
10/10/2023;15:00 UTC;[Age of Empires II];Clash of the Titans II: Promo Invitational [Clash of the Titans/2/Promo Invitational];Islands [Islands];1v1;Yo [Yo] [China] [China] [Spanish] [Spanish];>;TheViper [Spanish] [Spanish] [Norway] [Norway] [TheViper];(G4) [Watch VOD] [Watch VOD];Spanish;Spanish;Spanish;TRUE;Tatars;0;0;0%;0,00;Islands;;
25/06/2023;15:00 UTC;[Age of Empires II];TaToH vs TheViper [TaToH vs TheViper];Islands [Islands];1v1;TheViper [TheViper] [Norway] [Norway] [Portuguese] [Portuguese];>;TaToH [Italians] [Italians] [Spain] [Spain] [TaToH];(G7) [Watch VOD] [Watch VOD];Portuguese;Italians;Portuguese;FALSE;Teutons;1;1;100%;56,97;Islands;;
03/05/2023;17:00 UTC;[Age of Empires II];Tiny Maps Showmatch #1: JonSlow vs Rmcoo [JonSlow vs Rmcoo/1];Islands [Islands];1v1;Rmcoo [Rmcoo] [Lithuania] [Lithuania] [Portuguese] [Portuguese];>;JonSlow [Italians] [Italians] [Israel] [Israel] [JonSlow];[Watch VOD] [Watch VOD];Portuguese;Italians;Portuguese;FALSE;Tupi;0;0;0%;0,00;Islands;;
18/02/2023;19:00 UTC;[Age of Mythology];Fimbulwinter 3 [Fimbulwinter/3];Islands [Islands];1v1;Count_Von_Count [Count Von Count] [Netherlands] [Netherlands] [Thor] [Thor];<;ULysses [Loki] [Loki] [Chile] [Chile] [Ulysses];(G1) [Watch VOD] [Watch VOD];Thor;Loki;Loki;FALSE;Turks;1;0;0%;0,00;Islands;;
10/02/2023;18:20 UTC;[Age of Empires II];Sitaux vs Vinchester (2) [Sitaux vs Vinchester/2];Islands [Islands];1v1;Vinchester [Vinchester] [Russia] [Russia] [Vikings] [Vikings];>;Sitaux [Italians] [Italians] [France] [France] [Sitaux];(G3) [Watch VOD] [Watch VOD];Vikings;Italians;Vikings;FALSE;Vietnamese;1;0;0%;0,00;Islands;;
06/02/2023;;[Age of Mythology];Fimbulwinter 3 [Fimbulwinter/3];Islands [Islands];1v1;marc0s [M4rcos] [Peru] [Peru] [Loki] [Loki];<;Gaboo21 [Loki] [Loki] [Argentina] [Argentina] [Gaboo21];(G1) [Watch VOD] [Watch VOD];Loki;Loki;Loki;TRUE;Vikings;76;40;53%;69,37;Islands;;
19/12/2022;17:00 UTC;[Age of Empires II];HunLeague 22 [HunLeague 22];Islands [Islands];1v1;trombone [Trombone] [Hungary] [Hungary] [Portuguese] [Portuguese];>;dave_hun [Vikings] [Vikings] [Hungary] [Hungary] [Dave hun];(G5) [Watch VOD] [Watch VOD];Portuguese;Vikings;Portuguese;FALSE;Wei;0;0;0%;0,00;Islands;;
07/12/2022;18:00 UTC;[Age of Empires II];HunLeague 22 [HunLeague 22];Islands [Islands];1v1;rosso [Rosso (page does not exist)] [Hungary] [Hungary] [Italians] [Italians];<;dave_hun [Vikings] [Vikings] [Hungary] [Hungary] [Dave hun];(G2) [Watch VOD] [Watch VOD];Italians;Vikings;Vikings;FALSE;Wu;2;1;50%;53,20;Islands;;
04/12/2022;;[Age of Empires II];HunLeague 22 [HunLeague 22];Islands [Islands];1v1;kunyi [Kunyi] [Hungary] [Hungary] [Italians] [Italians];<;dave_hun [Vikings] [Vikings] [Hungary] [Hungary] [Dave hun];(G2) [Watch VOD] [Watch VOD];Italians;Vikings;Vikings;FALSE;;;;;;Islands;;
26/11/2022;19:30 UTC;[Age of Empires II];Warlords [Warlords/1];Islands [Islands];1v1;Liereyy [Liereyy] [Austria] [Austria] [Vikings] [Vikings];<;TheViper [Italians] [Italians] [Norway] [Norway] [TheViper];(G1) [Watch VOD] [Watch VOD];Vikings;Italians;Italians;FALSE;;;;;;Islands;;
19/11/2022;21:30 UTC;[Age of Empires II];Warlords [Warlords/1];Islands [Islands];1v1;Hera [Hera] [Canada] [Canada] [Vikings] [Vikings];>;TaToH [Italians] [Italians] [Spain] [Spain] [TaToH];(G3) [Watch VOD] [Watch VOD];Vikings;Italians;Vikings;FALSE;;;;;;Islands;;
13/11/2022;16:00 UTC;[Age of Empires II];Warlords [Warlords/1];Islands [Islands];1v1;Nicov [Nicov] [Argentina] [Argentina] [Dravidians] [Dravidians];>;Yo [Italians] [Italians] [China] [China] [Yo];(G5) [Watch VOD] [Watch VOD];Dravidians;Italians;Dravidians;FALSE;;;;;;Islands;;
12/11/2022;17:00 UTC;[Age of Empires II];HunLeague 22 [HunLeague 22];Islands [Islands];1v1;overkill [Overkill (page does not exist)] [Hungary] [Hungary] [Dravidians] [Dravidians];>;GyoreE [Portuguese] [Portuguese] [Hungary] [Hungary] [GyoreE (page does not exist)];(G2) [Watch VOD] [Watch VOD];Dravidians;Portuguese;Dravidians;FALSE;;;;;;Islands;;
11/11/2022;16:00 UTC;[Age of Empires II];Warlords [Warlords/1];Islands [Islands];1v1;Valas [Valas] [Finland] [Finland] [Italians] [Italians];<;Vinchester [Byzantines] [Byzantines] [Russia] [Russia] [Vinchester];(G5) [Watch VOD] [Watch VOD];Italians;Byzantines;Byzantines;FALSE;;;;;;Islands;;
05/11/2022;17:00 UTC;[Age of Empires II];Warlords: Qualifier [Warlords/1/Qualifier];Islands [Islands];1v1;Daniel [Daniel] [United States] [United States] [Dravidians] [Dravidians];>;miguel [Italians] [Italians] [Brazil] [Brazil] [Miguel];[Watch VOD] [Watch VOD];Dravidians;Italians;Dravidians;FALSE;;;;;;Islands;;
04/11/2022;16:00 UTC;[Age of Empires II];Free Money Friday 1: ACCM vs Sitaux [Free Money Friday/1];Islands [Islands];1v1;Sitaux [Sitaux] [France] [France] [Japanese] [Japanese];>;ACCM [Italians] [Italians] [Vietnam] [Vietnam] [ACCM];(G4) [Watch VOD] [Watch VOD];Japanese;Italians;Japanese;FALSE;;;;;;Islands;;
27/10/2022;;[Age of Empires II];Copa Invisivel bK [Copa Invisivel bK];Islands [Islands];1v1;Gabi [Gabi] [Brazil] [Brazil] [Byzantines] [Byzantines];>;JubileuAOE [Dravidians] [Dravidians] [Brazil] [Brazil] [JubileuAOE (page does not exist)];[Watch VOD] [Watch VOD];Byzantines;Dravidians;Byzantines;FALSE;;;;;;Islands;;
18/10/2022;;[Age of Empires II];Copa Invisivel bK [Copa Invisivel bK];Islands [Islands];1v1;Brother Leo [Leozim] [Brazil] [Brazil] [Huns] [Huns];<;PlaYBoY [Berbers] [Berbers] [Brazil] [Brazil] [PlaYBoY (page does not exist)];[Watch VOD] [Watch VOD];Huns;Berbers;Berbers;FALSE;;;;;;Islands;;
14/10/2022;17:00 UTC;[Age of Empires II];HunLeague 22 [HunLeague 22];Islands [Islands];1v1;Misplaymaker [Misplaymaker (page does not exist)] [Hungary] [Hungary] [Dravidians] [Dravidians];<;Blabla [Berbers] [Berbers] [Hungary] [Hungary] [Blabla (page does not exist)];(G2) [Watch VOD] [Watch VOD];Dravidians;Berbers;Berbers;FALSE;;;;;;Islands;;
08/10/2022;20:20 UTC;[Age of Empires II];HunLeague 22 [HunLeague 22];Islands [Islands];1v1;Rideg [Rideg] [Hungary] [Hungary] [Vikings] [Vikings];<;squeak [Saracens] [Saracens] [Slovakia] [Slovakia] [Squeak];(G3) [Watch VOD] [Watch VOD];Vikings;Saracens;Saracens;FALSE;;;;;;Islands;;
09/07/2022;14:00 UTC;[Age of Empires II];LAN Lubbers: Cup Bracket [LAN Lubbers];Islands [Islands];1v1;darvoi [Darvoi] [United Kingdom] [United Kingdom] [Dravidians] [Dravidians];<;King_Boo [Vikings] [Vikings] [United Kingdom] [United Kingdom] [King Boo];(G3) [Watch VOD] [Watch VOD];Dravidians;Vikings;Vikings;FALSE;;;;;;Islands;;
08/07/2022;21:00 UTC;[Age of Empires II];LAN Lubbers: Cup Bracket [LAN Lubbers];Islands [Islands];1v1;steak [Steak] [United Kingdom] [United Kingdom] [Malay] [Malay];<;darvoi [Vikings] [Vikings] [United Kingdom] [United Kingdom] [Darvoi];(G5) [Watch VOD] [Watch VOD];Malay;Vikings;Vikings;FALSE;;;;;;Islands;;
08/07/2022;18:00 UTC;[Age of Empires II];LAN Lubbers: Cup Bracket [LAN Lubbers];Islands [Islands];1v1;TheCapybara [Capy] [United Kingdom] [United Kingdom] [Italians] [Italians];<;King_Boo [Vikings] [Vikings] [United Kingdom] [United Kingdom] [King Boo];(G2) [Watch VOD] [Watch VOD];Italians;Vikings;Vikings;FALSE;;;;;;Islands;;
05/05/2022;02:00 UTC;[Age of Empires II];Argeking77 Cup [Argeking Cup/4];Islands [Islands];1v1;M4Te [M4Te] [Argentina] [Argentina] [Mongols] [Mongols];<;Twigg [Vikings] [Vikings] [Argentina] [Argentina] [Twigg];(G4) [Watch VOD] [Watch VOD];Mongols;Vikings;Vikings;FALSE;;;;;;Islands;;
27/04/2022;01:00 UTC;[Age of Empires II];Argeking77 Cup [Argeking Cup/4];Islands [Islands];1v1;Biry [Biry] [Argentina] [Argentina] [Vikings] [Vikings];<;Capoch [Italians] [Italians] [Argentina] [Argentina] [Capoch];(G4) [Watch VOD] [Watch VOD];Vikings;Italians;Italians;FALSE;;;;;;Islands;;
25/04/2022;02:00 UTC;[Age of Empires II];Argeking77 Cup [Argeking Cup/4];Islands [Islands];1v1;M4Te [M4Te] [Argentina] [Argentina] [Japanese] [Japanese];<;cHELOOO [Vikings] [Vikings] [Argentina] [Argentina] [CHELOOO];(G3) [Watch VOD] [Watch VOD];Japanese;Vikings;Vikings;FALSE;;;;;;Islands;;
22/04/2022;01:15 UTC;[Age of Empires II];Argeking77 Cup [Argeking Cup/4];Islands [Islands];1v1;Eskabe [Eskabe] [Argentina] [Argentina] [Japanese] [Japanese];<;Twigg [Portuguese] [Portuguese] [Argentina] [Argentina] [Twigg];(G2) [Watch VOD] [Watch VOD];Japanese;Portuguese;Portuguese;FALSE;;;;;;Islands;;
19/04/2022;16:20 UTC;[Age of Empires II];Round Robin Showmatch [Round Robin Showmatch];Islands [Islands];1v1;Yo [Yo] [China] [China] [Portuguese] [Portuguese];>;JorDan_AoE [Portuguese] [Portuguese] [Germany] [Germany] [JorDan AoE];(G4) [Watch VOD] [Watch VOD];Portuguese;Portuguese;Portuguese;TRUE;;;;;;Islands;;
18/04/2022;17:00 UTC;[Age of Empires II];Torneo Nacional Espańol 2021 [Torneo Nacional Espańol/2021];Islands [Islands];1v1;ReyO [ReyO] [Spain] [Spain] [Byzantines] [Byzantines];<;Poxo [Malay] [Malay] [Spain] [Spain] [Poxo];(G1) [Watch VOD] [Watch VOD];Byzantines;Malay;Malay;FALSE;;;;;;Islands;;
13/04/2022;01:30 UTC;[Age of Empires II];Argeking77 Cup [Argeking Cup/4];Islands [Islands];1v1;Tatengue_ [Tatengue] [Argentina] [Argentina] [Italians] [Italians];<;VarVarus [Japanese] [Japanese] [Argentina] [Argentina] [VarVarus];(G2) [Watch VOD] [Watch VOD];Italians;Japanese;Japanese;FALSE;;;;;;Islands;;
09/04/2022;19:00 UTC;[Age of Empires II];USA Cup 3: Show Match #2 [USA Cup/3/Show Match/2];Islands [Islands];1v1;Inc [Inc] [United States] [United States] [Italians] [Italians];>;Adam [Japanese] [Japanese] [United States] [United States] [Adam (Mexican player)];(G2) [Watch VOD] [Watch VOD];Italians;Japanese;Italians;FALSE;;;;;;Islands;;
09/04/2022;15:00 UTC;[Age of Empires II];Metsä Cup [Metsä Cup];Islands [Islands];1v1;ptee [Ptee (page does not exist)] [Finland] [Finland] [Japanese] [Japanese];<;Vasemmasti [Italians] [Italians] [Finland] [Finland] [Vasemmasti (page does not exist)];(G1) [Watch VOD] [Watch VOD];Japanese;Italians;Italians;FALSE;;;;;;Islands;;
06/04/2022;22:00 UTC;[Age of Empires II];Torneo Nacional Espańol 2021 [Torneo Nacional Espańol/2021];Islands [Islands];1v1;__I_s_I__ [I s I (page does not exist)] [Spain] [Spain] [Mayans] [Mayans];<;C3mbrich [Burgundians] [Burgundians] [Spain] [Spain] [C3mbrich];(G2) [Watch VOD] [Watch VOD];Mayans;Burgundians;Burgundians;FALSE;;;;;;Islands;;
05/04/2022;17:00 UTC;[Age of Empires II];Argeking77 Cup [Argeking Cup/4];Islands [Islands];1v1;Aramis [Aramis] [Argentina] [Argentina] [Malay] [Malay];<;Twigg [Japanese] [Japanese] [Argentina] [Argentina] [Twigg];(G2) [Watch VOD] [Watch VOD];Malay;Japanese;Japanese;FALSE;;;;;;Islands;;
03/04/2022;18:30 UTC;[Age of Empires II];Deep Waters Pro League: Season 2 [Deep Waters Gaming/Pro League/2];Islands [Islands];1v1;Nicov [Nicov] [Argentina] [Argentina] [Vikings] [Vikings];<;TaToH [Italians] [Italians] [Spain] [Spain] [TaToH];[Watch VOD] [Watch VOD];Vikings;Italians;Italians;FALSE;;;;;;Islands;;
03/04/2022;15:00 UTC;[Age of Empires II];Deep Waters Pro League: Season 2 [Deep Waters Gaming/Pro League/2];Islands [Islands];1v1;Nicov [Nicov] [Argentina] [Argentina] [Vikings] [Vikings];>;ACCM [Italians] [Italians] [Vietnam] [Vietnam] [ACCM];(G5) [Watch VOD] [Watch VOD];Vikings;Italians;Vikings;FALSE;;;;;;Islands;;
31/03/2022;19:00 UTC;[Age of Empires II];Deep Waters Pro League: Season 2 [Deep Waters Gaming/Pro League/2];Islands [Islands];1v1;Nicov [Nicov] [Argentina] [Argentina] [Portuguese] [Portuguese];>;dogao [Vikings] [Vikings] [Brazil] [Brazil] [Dogao];(G3) [Watch VOD] [Watch VOD];Portuguese;Vikings;Portuguese;FALSE;;;;;;Islands;;
29/03/2022;02:00 UTC;[Age of Empires II];Argeking77 Cup [Argeking Cup/4];Islands [Islands];1v1;Nobu [Nobu] [Argentina] [Argentina] [Italians] [Italians];<;M4Te [Portuguese] [Portuguese] [Argentina] [Argentina] [M4Te];(G2) [Watch VOD] [Watch VOD];Italians;Portuguese;Portuguese;FALSE;;;;;;Islands;;
21/03/2022;22:00 UTC;[Age of Empires II];Argeking77 Cup [Argeking Cup/4];Islands [Islands];1v1;Redlash [Redlash] [Argentina] [Argentina] [Vikings] [Vikings];<;Carbo [Italians] [Italians] [Argentina] [Argentina] [Carbo];(G2) [Watch VOD] [Watch VOD];Vikings;Italians;Italians;FALSE;;;;;;Islands;;
19/03/2022;01:30 UTC;[Age of Empires II];Argeking77 Cup [Argeking Cup/4];Islands [Islands];1v1;Nahuel05_ [Nahuel05] [Argentina] [Argentina] [Byzantines] [Byzantines];<;Aramis [Japanese] [Japanese] [Argentina] [Argentina] [Aramis];[Watch VOD] [Watch VOD];Byzantines;Japanese;Japanese;FALSE;;;;;;Islands;;
15/03/2022;12:30 UTC;[Age of Empires II];Deep Waters Pro League: Season 2 [Deep Waters Gaming/Pro League/2];Islands [Islands];1v1;bruh [BruH] [Brazil] [Brazil] [Italians] [Italians];<;BacT [Italians] [Italians] [Vietnam] [Vietnam] [BacT];(G3) [Watch VOD] [Watch VOD];Italians;Italians;Italians;TRUE;;;;;;Islands;;
07/03/2022;14:00 UTC;[Age of Empires II];Deep Waters Pro League: Season 2 [Deep Waters Gaming/Pro League/2];Islands [Islands];1v1;TaToH [TaToH] [Spain] [Spain] [Vikings] [Vikings];>;Dark [Italians] [Italians] [Russia] [Russia] [Dark];(G3) [Watch VOD] [Watch VOD];Vikings;Italians;Vikings;FALSE;;;;;;Islands;;
20/02/2022;15:00 UTC;[Age of Empires II];HunLeague: Gold [HunLeague: Gold];Islands [Islands];1v1;__John__ [John] [Hungary] [Hungary] [Britons] [Britons];<;trombone [Italians] [Italians] [Hungary] [Hungary] [Trombone];(G2) [Watch VOD] [Watch VOD];Britons;Italians;Italians;FALSE;;;;;;Islands;;
04/02/2022;17:00 UTC;[Age of Empires II];Deep Waters Pro League: Season 2 [Deep Waters Gaming/Pro League/2];Islands [Islands];1v1;The_Dragonstar [The Dragonstar] [India] [India] [Japanese] [Japanese];<;TheViper [Lithuanians] [Lithuanians] [Norway] [Norway] [TheViper];(G2) [Watch VOD] [Watch VOD];Japanese;Lithuanians;Lithuanians;FALSE;;;;;;Islands;;
29/01/2022;19:30 UTC;[Age of Empires II];8 Mercenaries [8 Mercenaries];Islands [Islands];1v1;Margougou [Margougou] [France] [France] [Italians] [Italians];>;ACCM [Vikings] [Vikings] [Vietnam] [Vietnam] [ACCM];(G3) [Watch VOD] [Watch VOD];Italians;Vikings;Italians;FALSE;;;;;;Islands;;
08/01/2022;18:00 UTC;[Age of Empires II];Civbuilder Showmatch [Civbuilder Showmatch/1];Islands [Islands];1v1;Modri [Modri] [Slovenia] [Slovenia] [Unknown] [Unknown];<;Hallis [Unknown] [Unknown] [United Kingdom] [United Kingdom] [Hallis];(G3) [Watch VOD] [Watch VOD];Unknown;Unknown;Unknown;TRUE;;;;;;Islands;;
12/12/2021;15:00 UTC;[Age of Empires II];Argentina Game Show 2021 [Argentina Game Show 2021];Islands [Islands];1v1;Capoch [Capoch] [Argentina] [Argentina] [Aztecs] [Aztecs];>;Pela [Vikings] [Vikings] [Argentina] [Argentina] [Pela];(G3) [Watch VOD] [Watch VOD];Aztecs;Vikings;Aztecs;FALSE;;;;;;Islands;;
11/12/2021;22:40 UTC;[Age of Empires II];Argentina Game Show 2021 [Argentina Game Show 2021];Islands [Islands];1v1;Monoz [Monoz] [Argentina] [Argentina] [Japanese] [Japanese];<;Capoch [Italians] [Italians] [Argentina] [Argentina] [Capoch];(G2) [Watch VOD] [Watch VOD];Japanese;Italians;Italians;FALSE;;;;;;Islands;;
25/07/2021;21:00 UTC;[Age of Empires II];Visible Cup 4 [Visible Cup/4];Islands [Islands];1v1;Capoch [Capoch] [Argentina] [Argentina] [Italians] [Italians];>;miguel [Portuguese] [Portuguese] [Brazil] [Brazil] [Miguel];(G4) [Watch VOD] [Watch VOD];Italians;Portuguese;Italians;FALSE;;;;;;Islands;;
25/07/2021;19:10 UTC;[Age of Empires II];The Open Classic [The Open Classic];Islands [Islands];1v1;Liereyy [Liereyy] [Austria] [Austria] [Italians] [Italians];<;Yo [Portuguese] [Portuguese] [China] [China] [Yo];(G6) [Watch VOD] [Watch VOD];Italians;Portuguese;Portuguese;FALSE;;;;;;Islands;;
25/07/2021;15:00 UTC;[Age of Empires II];Visible Cup 4 [Visible Cup/4];Islands [Islands];1v1;Sora Kuma [Sora Kuma] [Taiwan] [Taiwan] [Portuguese] [Portuguese];<;Kasva [Vikings] [Vikings] [Turkey] [Turkey] [Kasva];(G3) [Watch VOD] [Watch VOD];Portuguese;Vikings;Vikings;FALSE;;;;;;Islands;;
24/07/2021;18:30 UTC;[Age of Empires II];The Open Classic [The Open Classic];Islands [Islands];1v1;DauT [DauT] [Serbia] [Serbia] [Portuguese] [Portuguese];>;Liereyy [Italians] [Italians] [Austria] [Austria] [Liereyy];(G3) [Watch VOD] [Watch VOD];Portuguese;Italians;Portuguese;FALSE;;;;;;Islands;;
24/07/2021;17:50 UTC;[Age of Empires II];The Open Classic [The Open Classic];Islands [Islands];1v1;TheViper [TheViper] [Norway] [Norway] [Italians] [Italians];<;Yo [Portuguese] [Portuguese] [China] [China] [Yo];(G5) [Watch VOD] [Watch VOD];Italians;Portuguese;Portuguese;FALSE;;;;;;Islands;;
24/07/2021;14:00 UTC;[Age of Empires II];The Open Classic [The Open Classic];Islands [Islands];1v1;Vodka_L_ [Vodka L] [Italy] [Italy] [Vikings] [Vikings];<;Capoch [Italians] [Italians] [Argentina] [Argentina] [Capoch];(G4) [Watch VOD] [Watch VOD];Vikings;Italians;Italians;FALSE;;;;;;Islands;;
24/07/2021;13:00 UTC;[Age of Empires II];The Open Classic [The Open Classic];Islands [Islands];1v1;TheViper [TheViper] [Norway] [Norway] [Vikings] [Vikings];>;BacT [Japanese] [Japanese] [Vietnam] [Vietnam] [BacT];(G4) [Watch VOD] [Watch VOD];Vikings;Japanese;Vikings;FALSE;;;;;;Islands;;
24/07/2021;13:00 UTC;[Age of Empires II];The Open Classic [The Open Classic];Islands [Islands];1v1;Liereyy [Liereyy] [Austria] [Austria] [Italians] [Italians];>;ACCM [Vikings] [Vikings] [Vietnam] [Vietnam] [ACCM];(G4) [Watch VOD] [Watch VOD];Italians;Vikings;Italians;FALSE;;;;;;Islands;;
24/07/2021;13:00 UTC;[Age of Empires II];The Open Classic [The Open Classic];Islands [Islands];1v1;Nicov [Nicov] [Argentina] [Argentina] [Italians] [Italians];>;PROject_Belgium [Portuguese] [Portuguese] [Belgium] [Belgium] [PROject Belgium];(G4) [Watch VOD] [Watch VOD];Italians;Portuguese;Italians;FALSE;;;;;;Islands;;
24/07/2021;13:00 UTC;[Age of Empires II];The Open Classic [The Open Classic];Islands [Islands];1v1;TaToH [TaToH] [Spain] [Spain] [Italians] [Italians];>;TheMbL [Celts] [Celts] [Norway] [Norway] [MbL];(G2) [Watch VOD] [Watch VOD];Italians;Celts;Italians;FALSE;;;;;;Islands;;
23/07/2021;16:00 UTC;[Age of Empires II];The Open Classic [The Open Classic];Islands [Islands];1v1;Running [Running] [Germany] [Germany] [Italians] [Italians];<;JorDan_AoE [Portuguese] [Portuguese] [Germany] [Germany] [JorDan AoE];(G3) [Watch VOD] [Watch VOD];Italians;Portuguese;Portuguese;FALSE;;;;;;Islands;;
23/07/2021;16:00 UTC;[Age of Empires II];The Open Classic [The Open Classic];Islands [Islands];1v1;LaaaaaN [LaN] [Spain] [Spain] [Vikings] [Vikings];<;Yo [Portuguese] [Portuguese] [China] [China] [Yo];(G2) [Watch VOD] [Watch VOD];Vikings;Portuguese;Portuguese;FALSE;;;;;;Islands;;
23/07/2021;16:00 UTC;[Age of Empires II];The Open Classic [The Open Classic];Islands [Islands];1v1;Vivi [Vivi] [China] [China] [Vikings] [Vikings];>;Vinchester [Italians] [Italians] [Russia] [Russia] [Vinchester];(G2) [Watch VOD] [Watch VOD];Vikings;Italians;Vikings;FALSE;;;;;;Islands;;
04/07/2021;13:00 UTC;[Age of Empires II];VNS Master Cup 2021 [VNS Master Cup/2021];Islands [Islands];1v1;BacT [BacT] [Vietnam] [Vietnam] [Japanese] [Japanese];>;ACCM [Portuguese] [Portuguese] [Vietnam] [Vietnam] [ACCM];(G2) [Watch VOD] [Watch VOD];Japanese;Portuguese;Japanese;FALSE;;;;;;Islands;;
29/06/2021;13:00 UTC;[Age of Empires II];VNS Master Cup 2021 [VNS Master Cup/2021];Islands [Islands];1v1;ACCM [ACCM] [Vietnam] [Vietnam] [Italians] [Italians];>;BacT [Portuguese] [Portuguese] [Vietnam] [Vietnam] [BacT];(G4) [Watch VOD] [Watch VOD];Italians;Portuguese;Italians;FALSE;;;;;;Islands;;
22/06/2021;13:00 UTC;[Age of Empires II];VNS Master Cup 2021 [VNS Master Cup/2021];Islands [Islands];1v1;saymyname [Saymyname] [Vietnam] [Vietnam] [Italians] [Italians];>;BadBoy [Vikings] [Vikings] [Vietnam] [Vietnam] [BadBoy];(G3) [Watch VOD] [Watch VOD];Italians;Vikings;Italians;FALSE;;;;;;Islands;;
14/06/2021;13:00 UTC;[Age of Empires II];VNS Master Cup 2021 [VNS Master Cup/2021];Islands [Islands];1v1;saymyname [Saymyname] [Vietnam] [Vietnam] [Berbers] [Berbers];<;BacT [Italians] [Italians] [Vietnam] [Vietnam] [BacT];(G3) [Watch VOD] [Watch VOD];Berbers;Italians;Italians;FALSE;;;;;;Islands;;
13/06/2021;17:00 UTC;[Age of Empires II];Moscow Cybersport 3: Final [Moscow Cybersport/3];Islands [Islands];1v1;Dark [Dark] [Russia] [Russia] [Italians] [Italians];<;Vinchester [Italians] [Italians] [Russia] [Russia] [Vinchester];(G4) [Watch VOD] [Watch VOD];Italians;Italians;Italians;TRUE;;;;;;Islands;;
08/06/2021;13:00 UTC;[Age of Empires II];VNS Master Cup 2021 [VNS Master Cup/2021];Islands [Islands];1v1;SongSong [SongSong] [Vietnam] [Vietnam] [Britons] [Britons];<;saymyname [Italians] [Italians] [Vietnam] [Vietnam] [Saymyname];(G4) [Watch VOD] [Watch VOD];Britons;Italians;Italians;FALSE;;;;;;Islands;;
06/06/2021;16:45 UTC;[Age of Empires II];AOEliga: Season #3 - 1st Division [AOEliga/3];Islands [Islands];1v1;Yezris [Yezris] [Czechia] [Czechia] [Portuguese] [Portuguese];>;Skull [Italians] [Italians] [Czechia] [Czechia] [Skull];(G4) [Watch VOD] [Watch VOD];Portuguese;Italians;Portuguese;FALSE;;;;;;Islands;;
06/06/2021;14:00 UTC;[Age of Empires II];AOEliga: Season #3 - 1st Division [AOEliga/3];Islands [Islands];1v1;Yezris [Yezris] [Czechia] [Czechia] [Portuguese] [Portuguese];>;Dratek [Italians] [Italians] [Czechia] [Czechia] [Dratek];(G3) [Watch VOD] [Watch VOD];Portuguese;Italians;Portuguese;FALSE;;;;;;Islands;;
06/06/2021;12:00 UTC;[Age of Empires II];AOEliga: Season #3 - 1st Division [AOEliga/3];Islands [Islands];1v1;Somero [Somero] [Czechia] [Czechia] [Portuguese] [Portuguese];>;Skull [Italians] [Italians] [Czechia] [Czechia] [Skull];(G2) [Watch VOD] [Watch VOD];Portuguese;Italians;Portuguese;FALSE;;;;;;Islands;;
16/05/2021;14:00 UTC;[Age of Empires II];Kasva vs PROject Belgium [Kasva vs PROject Belgium];Islands [Islands];1v1;PROject_Belgium [PROject Belgium] [Belgium] [Belgium] [Indians] [Indians];>;Kasva [Japanese] [Japanese] [Turkey] [Turkey] [Kasva];(G3) [Watch VOD] [Watch VOD];Indians;Japanese;Indians;FALSE;;;;;;Islands;;
15/05/2021;09:00 UTC;[Age of Empires II];Helichaos Showmatch - BacT vs Villese [BacT vs Villese];Islands [Islands];1v1;Villese [Villese] [Finland] [Finland] [Britons] [Britons];>;BacT [Vikings] [Vikings] [Vietnam] [Vietnam] [BacT];[Watch VOD] [Watch VOD];Britons;Vikings;Britons;FALSE;;;;;;Islands;;
07/05/2021;14:00 UTC;[Age of Empires II];Akkal Showmatch - Hallis vs Nili [Hallis vs Nili];Islands [Islands];1v1;Nili [Nili] [Germany] [Germany] [Italians] [Italians];>;Hallis [Japanese] [Japanese] [United Kingdom] [United Kingdom] [Hallis];(G2) [Watch VOD] [Watch VOD];Italians;Japanese;Italians;FALSE;;;;;;Islands;;
29/04/2021;15:45 UTC;[Age of Empires II];Deep Waters Pro-League: Season 1 [Deep Waters Gaming/Pro League];Islands [Islands];1v1;BruH [BruH] [Brazil] [Brazil] [Italians] [Italians];>;TaToH [Japanese] [Japanese] [Spain] [Spain] [TaToH];[Watch VOD] [Watch VOD];Italians;Japanese;Italians;FALSE;;;;;;Islands;;
29/04/2021;13:00 UTC;[Age of Empires II];DauT vs JorDan_AoE [DauT vs JorDan AoE];Islands [Islands];1v1;JorDan_AoE [JorDan AoE] [Germany] [Germany] [Italians] [Italians];<;DauT [Portuguese] [Portuguese] [Serbia] [Serbia] [DauT];[Watch VOD] [Watch VOD];Italians;Portuguese;Portuguese;FALSE;;;;;;Islands;;
13/04/2021;14:00 UTC;[Age of Empires II];Deep Waters Pro-League: Season 1 [Deep Waters Gaming/Pro League];Islands [Islands];1v1;ACCM [ACCM] [Vietnam] [Vietnam] [Vikings] [Vikings];>;Vivi [Italians] [Italians] [China] [China] [Vivi];[Watch VOD] [Watch VOD];Vikings;Italians;Vikings;FALSE;;;;;;Islands;;
12/04/2021;17:00 UTC;[Age of Empires II];Deep Waters Pro-League: Season 1 [Deep Waters Gaming/Pro League];Islands [Islands];1v1;TaToH [TaToH] [Spain] [Spain] [Italians] [Italians];>;miguel [Japanese] [Japanese] [Brazil] [Brazil] [Miguel];[Watch VOD] [Watch VOD];Italians;Japanese;Italians;FALSE;;;;;;Islands;;
12/04/2021;02:00 UTC;[Age of Empires II];Deep Waters Pro-League: Season 1 [Deep Waters Gaming/Pro League];Islands [Islands];1v1;BacT [BacT] [Vietnam] [Vietnam] [Italians] [Italians];>;Capoch [Italians] [Italians] [Argentina] [Argentina] [Capoch];[Watch VOD] [Watch VOD];Italians;Italians;Italians;TRUE;;;;;;Islands;;
10/04/2021;20:55 UTC;[Age of Empires II];ObaTheGreatt Showmatch - bruh vs GoKu [Bruh vs GoKu];Islands [Islands];1v1;GoKu [GoKu] [Brazil] [Brazil] [Italians] [Italians];>;bruh [Vikings] [Vikings] [Brazil] [Brazil] [BruH];(G2) [Watch VOD] [Watch VOD];Italians;Vikings;Italians;FALSE;;;;;;Islands;;
05/04/2021;16:00 UTC;[Age of Empires II];Deep Waters Pro-League: Season 1 [Deep Waters Gaming/Pro League];Islands [Islands];1v1;Vodka_L_ [Vodka L] [Italy] [Italy] [Portuguese] [Portuguese];<;The Dragonstar [Italians] [Italians] [India] [India] [The Dragonstar];[Watch VOD] [Watch VOD];Portuguese;Italians;Italians;FALSE;;;;;;Islands;;
04/04/2021;12:00 UTC;[Age of Empires II];Shadow Gauntlet: Nili vs Zuppi [Nili vs Zuppi];Islands [Islands];1v1;Zuppi [Zuppi] [Finland] [Finland] [Portuguese] [Portuguese];>;Nili [Koreans] [Koreans] [Germany] [Germany] [Nili];(G3) [Watch VOD] [Watch VOD];Portuguese;Koreans;Portuguese;FALSE;;;;;;Islands;;
03/04/2021;07:30 UTC;[Age of Empires II];grathwrang Showmatch - BacT vs slam [Grathwrang/Showmatch/BacT vs slam];Islands [Islands];1v1;slam [Slam] [Canada] [Canada] [Italians] [Italians];>;BacT [Italians] [Italians] [Vietnam] [Vietnam] [BacT];(G2) [Watch VOD] [Watch VOD];Italians;Italians;Italians;TRUE;;;;;;Islands;;
21/03/2021;20:30 UTC;[Age of Empires II];Hidden Cup IV [Hidden Cup/4];Islands [Islands];1v1;Hera [Hera] [Canada] [Canada] [Vietnamese] [Vietnamese];<;JorDan_AoE [Portuguese] [Portuguese] [Germany] [Germany] [JorDan AoE];(G2) [Watch VOD] [Watch VOD];Vietnamese;Portuguese;Portuguese;FALSE;;;;;;Islands;;
20/03/2021;18:55 UTC;[Age of Empires II];Hidden Cup IV [Hidden Cup/4];Islands [Islands];1v1;BacT [BacT] [Vietnam] [Vietnam] [Portuguese] [Portuguese];<;TheViper [Italians] [Italians] [Norway] [Norway] [TheViper];(G2) [Watch VOD] [Watch VOD];Portuguese;Italians;Italians;FALSE;;;;;;Islands;;
20/03/2021;14:00 UTC;[Age of Empires II];Hidden Cup IV [Hidden Cup/4];Islands [Islands];1v1;JorDan_AoE [JorDan AoE] [Germany] [Germany] [Italians] [Italians];>;ACCM [Berbers] [Berbers] [Vietnam] [Vietnam] [ACCM];(G3) [Watch VOD] [Watch VOD];Italians;Berbers;Italians;FALSE;;;;;;Islands;;
19/03/2021;21:30 UTC;[Age of Empires II];Hidden Cup IV [Hidden Cup/4];Islands [Islands];1v1;Nicov [Nicov] [Argentina] [Argentina] [Saracens] [Saracens];<;Liereyy [Malay] [Malay] [Austria] [Austria] [Liereyy];(G4) [Watch VOD] [Watch VOD];Saracens;Malay;Malay;FALSE;;;;;;Islands;;
19/03/2021;18:30 UTC;[Age of Empires II];Hidden Cup IV [Hidden Cup/4];Islands [Islands];1v1;Hera [Hera] [Canada] [Canada] [Portuguese] [Portuguese];<;TaToH [Byzantines] [Byzantines] [Spain] [Spain] [TaToH];(G2) [Watch VOD] [Watch VOD];Portuguese;Byzantines;Byzantines;FALSE;;;;;;Islands;;
19/03/2021;15:50 UTC;[Age of Empires II];Hidden Cup IV [Hidden Cup/4];Islands [Islands];1v1;BacT [BacT] [Vietnam] [Vietnam] [Japanese] [Japanese];>;Vivi [Malay] [Malay] [China] [China] [Vivi];(G3) [Watch VOD] [Watch VOD];Japanese;Malay;Japanese;FALSE;;;;;;Islands;;
18/03/2021;18:40 UTC;[Age of Empires II];Hidden Cup IV [Hidden Cup/4];Islands [Islands];1v1;Mr_Yo [Yo] [China] [China] [Celts] [Celts];<;Vinchester [Italians] [Italians] [Russia] [Russia] [Vinchester];(G2) [Watch VOD] [Watch VOD];Celts;Italians;Italians;FALSE;;;;;;Islands;;
18/03/2021;16:30 UTC;[Age of Empires II];Hidden Cup IV [Hidden Cup/4];Islands [Islands];1v1;MbL [MbL] [Norway] [Norway] [Italians] [Italians];<;JorDan_AoE [Portuguese] [Portuguese] [Germany] [Germany] [JorDan AoE];(G3) [Watch VOD] [Watch VOD];Italians;Portuguese;Portuguese;FALSE;;;;;;Islands;;
07/03/2021;20:10 UTC;[Age of Empires II];Hidden Cup 4: Qualifier [Hidden Cup/4/Qualifier];Islands [Islands];1v1;Vinchester [Vinchester] [Russia] [Russia] [Italians] [Italians];>;slam [Portuguese] [Portuguese] [Canada] [Canada] [Slam];(G2) [Watch VOD] [Watch VOD];Italians;Portuguese;Italians;FALSE;;;;;;Islands;;
07/03/2021;14:00 UTC;[Age of Empires II];Hidden Cup 4: Qualifier [Hidden Cup/4/Qualifier];Islands [Islands];1v1;BadBoy [BadBoy] [Vietnam] [Vietnam] [Portuguese] [Portuguese];<;Vivi [Vikings] [Vikings] [China] [China] [Vivi];(G3) [Watch VOD] [Watch VOD];Portuguese;Vikings;Vikings;FALSE;;;;;;Islands;;
06/03/2021;21:30 UTC;[Age of Empires II];Hidden Cup 4: Qualifier [Hidden Cup/4/Qualifier];Islands [Islands];1v1;Daniel [Daniel] [United States] [United States] [Italians] [Italians];<;ACCM [Portuguese] [Portuguese] [Vietnam] [Vietnam] [ACCM];(G5) [Watch VOD] [Watch VOD];Italians;Portuguese;Portuguese;FALSE;;;;;;Islands;;
06/03/2021;17:35 UTC;[Age of Empires II];Hidden Cup 4: Qualifier [Hidden Cup/4/Qualifier];Islands [Islands];1v1;Barles [Barles] [Poland] [Poland] [Portuguese] [Portuguese];>;Hearttt [Italians] [Italians] [Peru] [Peru] [Hearttt];(G6) [Watch VOD] [Watch VOD];Portuguese;Italians;Portuguese;FALSE;;;;;;Islands;;
06/03/2021;14:00 UTC;[Age of Empires II];Hidden Cup 4: Qualifier [Hidden Cup/4/Qualifier];Islands [Islands];1v1;Dark [Dark] [Russia] [Russia] [Portuguese] [Portuguese];<;BacT [Vikings] [Vikings] [Vietnam] [Vietnam] [BacT];(G2) [Watch VOD] [Watch VOD];Portuguese;Vikings;Vikings;FALSE;;;;;;Islands;;
05/03/2021;18:30 UTC;[Age of Empires II];Hidden Cup 4: Qualifier [Hidden Cup/4/Qualifier];Islands [Islands];1v1;LaaaaaN [LaN] [Spain] [Spain] [Italians] [Italians];>;Villese [Portuguese] [Portuguese] [Finland] [Finland] [Villese];(G3) [Watch VOD] [Watch VOD];Italians;Portuguese;Italians;FALSE;;;;;;Islands;;
05/03/2021;15:00 UTC;[Age of Empires II];Hidden Cup 4: Qualifier [Hidden Cup/4/Qualifier];Islands [Islands];1v1;JorDan_AoE [JorDan AoE] [Germany] [Germany] [Portuguese] [Portuguese];>;TheMax [Italians] [Italians] [Finland] [Finland] [TheMax];(G2) [Watch VOD] [Watch VOD];Portuguese;Italians;Portuguese;FALSE;;;;;;Islands;;
28/02/2021;17:00 UTC;[Age of Empires II];Hidden Cup 4: Qualifier [Hidden Cup/4/Qualifier];Islands [Islands];1v1;Capoch [Capoch] [Argentina] [Argentina] [Koreans] [Koreans];<;JorDan_AoE [Berbers] [Berbers] [Germany] [Germany] [JorDan AoE];(G5) [Watch VOD] [Watch VOD];Koreans;Berbers;Berbers;FALSE;;;;;;Islands;;
27/02/2021;08:00 UTC;[Age of Empires II];Helichaos Showmatch - BacT vs Zuppi [BacT vs Zuppi];Islands [Islands];1v1;Zuppi [Zuppi] [Finland] [Finland] [Vikings] [Vikings];<;BacT [Italians] [Italians] [Vietnam] [Vietnam] [BacT];[Watch VOD] [Watch VOD];Vikings;Italians;Italians;FALSE;;;;;;Islands;;
21/02/2021;18:00 UTC;[Age of Empires II];Hidden Cup 4: Qualifier [Hidden Cup/4/Qualifier];Islands [Islands];1v1;Nili_AoE [Nili] [Germany] [Germany] [Italians] [Italians];>;Capoch [Koreans] [Koreans] [Argentina] [Argentina] [Capoch];(G2) [Watch VOD] [Watch VOD];Italians;Koreans;Italians;FALSE;;;;;;Islands;;
06/02/2021;;[Age of Empires II];AOEliga: Season #2 - 1st Division [AOEliga/2];Islands [Islands];1v1;Ondrej94 [Ondrej94] [Slovakia] [Slovakia] [Saracens] [Saracens];<;DracKeN [Vikings] [Vikings] [Czechia] [Czechia] [DracKeN];(G2) [Watch VOD] [Watch VOD];Saracens;Vikings;Vikings;FALSE;;;;;;Islands;;
13/12/2020;;[Age of Empires II];SalzZ Cup 2 [SalzZ Cup/2];Islands [Islands];1v1;Vinchester [Vinchester] [Russia] [Russia] [Italians] [Italians];>;repard [Byzantines] [Byzantines] [Russia] [Russia] [Repard];[Watch VOD] [Watch VOD];Italians;Byzantines;Italians;FALSE;;;;;;Islands;;
13/12/2020;;[Age of Empires II];SalzZ Cup 2 [SalzZ Cup/2];Islands [Islands];1v1;Vinchester [Vinchester] [Russia] [Russia] [Italians] [Italians];>;Dark [Portuguese] [Portuguese] [Russia] [Russia] [Dark];[Watch VOD] [Watch VOD];Italians;Portuguese;Italians;FALSE;;;;;;Islands;;
12/12/2020;;[Age of Empires II];SalzZ Cup 2 [SalzZ Cup/2];Islands [Islands];1v1;Dark [Dark] [Russia] [Russia] [Vikings] [Vikings];>;repard [Saracens] [Saracens] [Russia] [Russia] [Repard];[Watch VOD] [Watch VOD];Vikings;Saracens;Vikings;FALSE;;;;;;Islands;;
04/12/2020;;[Age of Empires II];SalzZ Cup 2 [SalzZ Cup/2];Islands [Islands];1v1;Good_Game [Good Game] [Russia] [Russia] [Chinese] [Chinese];<;Grinder [Italians] [Italians] [Russia] [Russia] [Grinder (page does not exist)];(G2) [Watch VOD] [Watch VOD];Chinese;Italians;Italians;FALSE;;;;;;Islands;;
03/12/2020;;[Age of Empires II];SalzZ Cup 2 [SalzZ Cup/2];Islands [Islands];1v1;Nevermore [Nevermore] [Russia] [Russia] [Mayans] [Mayans];<;OLADUSHEK [Berbers] [Berbers] [Belarus] [Belarus] [OLADUSHEK];(G2) [Watch VOD] [Watch VOD];Mayans;Berbers;Berbers;FALSE;;;;;;Islands;;
15/11/2020;17:00 UTC;[Age of Empires II];OGN_EMPIRES Showmatch - Hera vs TheViper [Hera vs TheViper/2];Islands [Islands];1v1;TheViper [TheViper] [Norway] [Norway] [Italians] [Italians];>;Hera [Italians] [Italians] [Canada] [Canada] [Hera];[Watch VOD] [Watch VOD];Italians;Italians;Italians;TRUE;;;;;;Islands;;
07/11/2020;22:30 UTC;[Age of Empires II];Tournament Champions League 2020 [Tournament Champions League/2020];Islands [Islands];1v1;TheViper [TheViper] [Norway] [Norway] [Italians] [Italians];>;Liereyy [Italians] [Italians] [Austria] [Austria] [Liereyy];(G2) [Watch VOD] [Watch VOD];Italians;Italians;Italians;TRUE;;;;;;Islands;;
07/11/2020;17:25 UTC;[Age of Empires II];Tournament Champions League 2020 [Tournament Champions League/2020];Islands [Islands];1v1;Liereyy [Liereyy] [Austria] [Austria] [Italians] [Italians];<;Hera [Vikings] [Vikings] [Canada] [Canada] [Hera];(G2) [Watch VOD] [Watch VOD];Italians;Vikings;Vikings;FALSE;;;;;;Islands;;
06/09/2020;;[Age of Empires II];SalzZ Cup 1 [SalzZ Cup/1];Islands [Islands];1v1;Dark [Dark] [Russia] [Russia] [Unknown] [Unknown];>;repard [Unknown] [Unknown] [Russia] [Russia] [Repard];[Watch VOD] [Watch VOD];Unknown;Unknown;Unknown;TRUE;;;;;;Islands;;
05/09/2020;;[Age of Empires II];SalzZ Cup 1 [SalzZ Cup/1];Islands [Islands];1v1;WaRRioR [WaRRioR] [Russia] [Russia] [Unknown] [Unknown];<;Dark [Unknown] [Unknown] [Russia] [Russia] [Dark];[Watch VOD] [Watch VOD];Unknown;Unknown;Unknown;TRUE;;;;;;Islands;;
04/09/2020;;[Age of Empires II];SalzZ Cup 1 [SalzZ Cup/1];Islands [Islands];1v1;repard [Repard] [Russia] [Russia] [Unknown] [Unknown];>;Dark [Unknown] [Unknown] [Russia] [Russia] [Dark];[Watch VOD] [Watch VOD];Unknown;Unknown;Unknown;TRUE;;;;;;Islands;;
12/07/2020;12:30 UTC;[Age of Empires II];Miguel vs Vinchester [Miguel vs Vinchester];Islands [Islands];1v1;Vinchester [Vinchester] [Russia] [Russia] [Berbers] [Berbers];>;Miguel [Vikings] [Vikings] [Brazil] [Brazil] [Miguel];(G3) [Watch VOD] [Watch VOD];Berbers;Vikings;Berbers;FALSE;;;;;;Islands;;
26/05/2020;13:00 UTC;[Age of Empires II];Bo7 Grandpa Cup Showmatch [Bo7 Grandpa Cup Showmatch - DauT vs cloud];Islands [Islands];1v1;cloud [Cloud (Taiwanese player)] [Taiwan] [Taiwan] [Vikings] [Vikings];<;DauT [Italians] [Italians] [Serbia] [Serbia] [DauT];(G4) [Watch VOD] [Watch VOD];Vikings;Italians;Italians;FALSE;;;;;;Islands;;
11/04/2020;12:00 UTC;[Age of Empires II];DauT vs TaToH [DauT vs TaToH/2];Islands [Islands];1v1;TaToH [TaToH] [Spain] [Spain] [Italians] [Italians];>;DauT [Italians] [Italians] [Serbia] [Serbia] [DauT];(G4) [Watch VOD] [Watch VOD];Italians;Italians;Italians;TRUE;;;;;;Islands;;
11/04/2020;;[Age of Empires II];Argeking 2020 Wololo Kingdom Cup [Argeking 2020 WK];Islands [Islands];1v1;Fedex [Fedex] [Argentina] [Argentina] [Italians] [Italians];<;Twigg [Italians] [Italians] [Argentina] [Argentina] [Twigg];(G5) [Watch VOD] [Watch VOD];Italians;Italians;Italians;TRUE;;;;;;Islands;;
07/04/2020;;[Age of Empires II];Argeking 2020 Wololo Kingdom Cup [Argeking 2020 WK];Islands [Islands];1v1;BL4CK [Bl4ck] [Argentina] [Argentina] [Vikings] [Vikings];>;Fedex [Koreans] [Koreans] [Argentina] [Argentina] [Fedex];(G3) [Watch VOD] [Watch VOD];Vikings;Koreans;Vikings;FALSE;;;;;;Islands;;
05/04/2020;;[Age of Empires II];Argeking 2020 Definitive Edition Cup [Argeking 2020 DE];Islands [Islands];1v1;Fedex [Fedex] [Argentina] [Argentina] [Italians] [Italians];>;Maxi [Italians] [Italians] [Argentina] [Argentina] [Maxi];(G4) [Watch VOD] [Watch VOD];Italians;Italians;Italians;TRUE;;;;;;Islands;;
22/03/2020;16:00 UTC;[Age of Empires II];Hidden Cup III [Hidden Cup/3];Islands [Islands];1v1;dogao [Dogao] [Brazil] [Brazil] [Italians] [Italians];>;TheViper [Italians] [Italians] [Norway] [Norway] [TheViper];(G2) [Watch VOD] [Watch VOD];Italians;Italians;Italians;TRUE;;;;;;Islands;;
21/03/2020;22:00 UTC;[Age of Empires II];Hidden Cup III [Hidden Cup/3];Islands [Islands];1v1;dogao [Dogao] [Brazil] [Brazil] [Italians] [Italians];>;MbL [Italians] [Italians] [Norway] [Norway] [MbL];(G2) [Watch VOD] [Watch VOD];Italians;Italians;Italians;TRUE;;;;;;Islands;;
21/03/2020;;[Age of Empires II];Argeking 2020 Definitive Edition Cup [Argeking 2020 DE];Islands [Islands];1v1;Maxi [Maxi] [Argentina] [Argentina] [Italians] [Italians];<;Nicov [Italians] [Italians] [Argentina] [Argentina] [Nicov];(G2) [Watch VOD] [Watch VOD];Italians;Italians;Italians;TRUE;;;;;;Islands;;
21/03/2020;;[Age of Empires II];Argeking 2020 Definitive Edition Cup [Argeking 2020 DE];Islands [Islands];1v1;Eagle [Eagle (Argentine player) (page does not exist)] [Argentina] [Argentina] [Italians] [Italians];<;Rodrigus [Italians] [Italians] [Argentina] [Argentina] [Rodrigus];(G2) [Watch VOD] [Watch VOD];Italians;Italians;Italians;TRUE;;;;;;Islands;;
19/03/2020;16:00 UTC;[Age of Empires II];Hidden Cup III [Hidden Cup/3];Islands [Islands];1v1;DauT [DauT] [Serbia] [Serbia] [Italians] [Italians];<;F1Re [Italians] [Italians] [Brazil] [Brazil] [F1Re];(G3) [Watch VOD] [Watch VOD];Italians;Italians;Italians;TRUE;;;;;;Islands;;
15/03/2020;20:00 UTC;[Age of Empires II];Hidden Cup 3 - Promo Showmatch - BacT vs TaToH [Hidden Cup/3/Show Match/BacT vs TaToH];Islands [Islands];1v1;TaToH [TaToH] [Spain] [Spain] [Italians] [Italians];>;BacT [Vikings] [Vikings] [Vietnam] [Vietnam] [BacT];(G5) [Watch VOD] [Watch VOD];Italians;Vikings;Italians;FALSE;;;;;;Islands;;
15/03/2020;17:00 UTC;[Age of Empires II];Hidden Cup 3 - Promo Showmatch - F1Re vs Hera [Hidden Cup/3/Show Match/Hera vs F1Re];Islands [Islands];1v1;Hera [Hera] [Canada] [Canada] [Vikings] [Vikings];>;F1Re [Vikings] [Vikings] [Brazil] [Brazil] [F1Re];(G3) [Watch VOD] [Watch VOD];Vikings;Vikings;Vikings;TRUE;;;;;;Islands;;
15/03/2020;;[Age of Empires II];Argeking 2020 Definitive Edition Cup [Argeking 2020 DE];Islands [Islands];1v1;Maxi [Maxi] [Argentina] [Argentina] [Italians] [Italians];>;Fedex [Italians] [Italians] [Argentina] [Argentina] [Fedex];(G3) [Watch VOD] [Watch VOD];Italians;Italians;Italians;TRUE;;;;;;Islands;;
13/03/2020;;[Age of Empires II];Argeking 2020 Definitive Edition Cup [Argeking 2020 DE];Islands [Islands];1v1;Rodrigus [Rodrigus] [Argentina] [Argentina] [Italians] [Italians];<;Nicov [Italians] [Italians] [Argentina] [Argentina] [Nicov];(G3) [Watch VOD] [Watch VOD];Italians;Italians;Italians;TRUE;;;;;;Islands;;
08/03/2020;13:30 UTC;[Age of Empires II];Empires Showdown: Invitational [Empires Showdown: Invitational];Islands [Islands];1v1;Nicov [Nicov] [Argentina] [Argentina] [Italians] [Italians];>;Hera [Italians] [Italians] [Canada] [Canada] [Hera];[Watch VOD] [Watch VOD];Italians;Italians;Italians;TRUE;;;;;;Islands;;
07/03/2020;16:30 UTC;[Age of Empires II];Empires Showdown: Invitational [Empires Showdown: Invitational];Islands [Islands];1v1;TaToH [TaToH] [Spain] [Spain] [Vikings] [Vikings];<;Hera [Vikings] [Vikings] [Canada] [Canada] [Hera];[Watch VOD] [Watch VOD];Vikings;Vikings;Vikings;TRUE;;;;;;Islands;;
02/03/2020;20:00 UTC;[Age of Empires II];Hidden Cup III: Qualifier [Hidden Cup/3/Qualifier];Islands [Islands];1v1;St4rk_ [St4rk] [Brazil] [Brazil] [Italians] [Italians];<;Nicov [Italians] [Italians] [Argentina] [Argentina] [Nicov];(G5) [Watch VOD] [Watch VOD];Italians;Italians;Italians;TRUE;;;;;;Islands;;
29/02/2020;;[Age of Empires II];Argeking 2020 Wololo Kingdom Cup [Argeking 2020 WK];Islands [Islands];1v1;Heisen [Heisen] [Argentina] [Argentina] [Italians] [Italians];<;Twigg [Italians] [Italians] [Argentina] [Argentina] [Twigg];(G2) [Watch VOD] [Watch VOD];Italians;Italians;Italians;TRUE;;;;;;Islands;;
29/02/2020;;[Age of Empires II];Argeking 2020 Definitive Edition Cup [Argeking 2020 DE];Islands [Islands];1v1;Igalima [Igalima (page does not exist)] [Argentina] [Argentina] [Turks] [Turks];<;Ivan [Italians] [Italians] [Argentina] [Argentina] [Ivanenko (page does not exist)];(G2) [Watch VOD] [Watch VOD];Turks;Italians;Italians;FALSE;;;;;;Islands;;
28/02/2020;20:00 UTC;[Age of Empires II];Hidden Cup III: Qualifier [Hidden Cup/3/Qualifier];Islands [Islands];1v1;Vinchester [Vinchester] [Russia] [Russia] [Italians] [Italians];<;LaaaaaN [Italians] [Italians] [Spain] [Spain] [LaN];(G4) [Watch VOD] [Watch VOD];Italians;Italians;Italians;TRUE;;;;;;Islands;;
23/02/2020;17:00 UTC;[Age of Empires II];Hidden Cup III: Qualifier [Hidden Cup/3/Qualifier];Islands [Islands];1v1;Noisick [Noisick] [Chile] [Chile] [Italians] [Italians];<;saymyname [Italians] [Italians] [Vietnam] [Vietnam] [Saymyname];(G4) [Watch VOD] [Watch VOD];Italians;Italians;Italians;TRUE;;;;;;Islands;;
23/02/2020;;[Age of Empires II];Argeking 2020 Definitive Edition Cup [Argeking 2020 DE];Islands [Islands];1v1;fer_lp [Fer lp (page does not exist)] [Argentina] [Argentina] [Italians] [Italians];<;Cambalache [Japanese] [Japanese] [Argentina] [Argentina] [Cambalache (page does not exist)];(G2) [Watch VOD] [Watch VOD];Italians;Japanese;Japanese;FALSE;;;;;;Islands;;
22/02/2020;17:00 UTC;[Age of Empires II];Hidden Cup III: Qualifier [Hidden Cup/3/Qualifier];Islands [Islands];1v1;Nili_AoE [Nili] [Germany] [Germany] [Italians] [Italians];<;K4SVA [Italians] [Italians] [Turkey] [Turkey] [Kasva];(G3) [Watch VOD] [Watch VOD];Italians;Italians;Italians;TRUE;;;;;;Islands;;
22/02/2020;;[Age of Empires II];Argeking 2020 Definitive Edition Cup [Argeking 2020 DE];Islands [Islands];1v1;Mastermind91 [Juan Perotti] [Argentina] [Argentina] [Italians] [Italians];<;Ivan [Vikings] [Vikings] [Argentina] [Argentina] [Ivanenko (page does not exist)];(G3) [Watch VOD] [Watch VOD];Italians;Vikings;Vikings;FALSE;;;;;;Islands;;
22/02/2020;;[Age of Empires II];Argeking 2020 Definitive Edition Cup [Argeking 2020 DE];Islands [Islands];1v1;Nico77 [Nico77 (page does not exist)] [Argentina] [Argentina] [Italians] [Italians];>;Custom [Italians] [Italians] [Argentina] [Argentina] [Custom (page does not exist)];(G2) [Watch VOD] [Watch VOD];Italians;Italians;Italians;TRUE;;;;;;Islands;;
21/02/2020;21:00 UTC;[Age of Empires II];Hidden Cup III: Qualifier [Hidden Cup/3/Qualifier];Islands [Islands];1v1;gkt_cloud [Cloud (Taiwanese player)] [Taiwan] [Taiwan] [Italians] [Italians];<;LaaaaaN [Italians] [Italians] [Spain] [Spain] [LaN];(G3) [Watch VOD] [Watch VOD];Italians;Italians;Italians;TRUE;;;;;;Islands;;
21/02/2020;19:00 UTC;[Age of Empires II];Hidden Cup III: Qualifier [Hidden Cup/3/Qualifier];Islands [Islands];1v1;Zuppi [Zuppi] [Finland] [Finland] [Japanese] [Japanese];<;Lyx [Vikings] [Vikings] [China] [China] [Lyx];(G2) [Watch VOD] [Watch VOD];Japanese;Vikings;Vikings;FALSE;;;;;;Islands;;
20/02/2020;19:00 UTC;[Age of Empires II];Hidden Cup III: Qualifier [Hidden Cup/3/Qualifier];Islands [Islands];1v1;AngelinaJolie [AngelinaJolie] [Netherlands] [Netherlands] [Italians] [Italians];<;Tim [Persians] [Persians] [China] [China] [Tim];(G3) [Watch VOD] [Watch VOD];Italians;Persians;Persians;FALSE;;;;;;Islands;;
16/02/2020;17:00 UTC;[Age of Empires II];Fair Civs Cup [Fair Civs Cup];Islands [Islands];1v1;Hera [Hera] [Canada] [Canada] [Japanese] [Japanese];<;TheViper [Malay] [Malay] [Norway] [Norway] [TheViper];(G3) [Watch VOD] [Watch VOD];Japanese;Malay;Malay;FALSE;;;;;;Islands;;
13/02/2020;17:00 UTC;[Age of Empires II];Bonjwa Fight Night Club [Bonjwa Fight Night Club];Islands [Islands];1v1;Nili_AoE [Nili] [Germany] [Germany] [Koreans] [Koreans];<;Nicov [Saracens] [Saracens] [Argentina] [Argentina] [Nicov];(G1) [Watch VOD] [Watch VOD];Koreans;Saracens;Saracens;FALSE;;;;;;Islands;;
12/02/2020;17:00 UTC;[Age of Empires II];Bonjwa Fight Night Club [Bonjwa Fight Night Club];Islands [Islands];1v1;TaToH [TaToH] [Spain] [Spain] [Byzantines] [Byzantines];<;Hera [Japanese] [Japanese] [Canada] [Canada] [Hera];(G3) [Watch VOD] [Watch VOD];Byzantines;Japanese;Japanese;FALSE;;;;;;Islands;;
12/02/2020;11:00 UTC;[Age of Empires II];Fair Civs Cup [Fair Civs Cup];Islands [Islands];1v1;MbL [MbL] [Norway] [Norway] [Franks] [Franks];<;TaToH [Teutons] [Teutons] [Spain] [Spain] [TaToH];(G2) [Watch VOD] [Watch VOD];Franks;Teutons;Teutons;FALSE;;;;;;Islands;;
11/02/2020;;[Age of Empires II];Argeking 2020 Definitive Edition Cup [Argeking 2020 DE];Islands [Islands];1v1;Exodo [Exodo (page does not exist)] [Argentina] [Argentina] [Italians] [Italians];>;Eagle [Italians] [Italians] [Argentina] [Argentina] [Eagle (Argentine player) (page does not exist)];[Watch VOD] [Watch VOD];Italians;Italians;Italians;TRUE;;;;;;Islands;;
06/02/2020;17:00 UTC;[Age of Empires II];Bonjwa Fight Night Club [Bonjwa Fight Night Club];Islands [Islands];1v1;DauT [DauT] [Serbia] [Serbia] [Portuguese] [Portuguese];<;Villese [Vikings] [Vikings] [Finland] [Finland] [Villese];(G1) [Watch VOD] [Watch VOD];Portuguese;Vikings;Vikings;FALSE;;;;;;Islands;;
05/02/2020;17:00 UTC;[Age of Empires II];Bonjwa Fight Night Club [Bonjwa Fight Night Club];Islands [Islands];1v1;LaaaaaN [LaN] [Spain] [Spain] [Malay] [Malay];<;TheViper [Saracens] [Saracens] [Norway] [Norway] [TheViper];(G1) [Watch VOD] [Watch VOD];Malay;Saracens;Saracens;FALSE;;;;;;Islands;;
03/02/2020;17:00 UTC;[Age of Empires II];Fair Civs Cup [Fair Civs Cup];Islands [Islands];1v1;DauT [DauT] [Serbia] [Serbia] [Vikings] [Vikings];<;TheViper [Japanese] [Japanese] [Norway] [Norway] [TheViper];(G2) [Watch VOD] [Watch VOD];Vikings;Japanese;Japanese;FALSE;;;;;;Islands;;
19/01/2020;14:00 UTC;[Age of Empires II];T90Official Showmatch - Mr_Yo vs Vivi [T90Official/Show Match/Mr Yo vs Vivi];Islands [Islands];1v1;Vivi [Vivi] [China] [China] [Italians] [Italians];<;Mr_Yo [Italians] [Italians] [China] [China] [Yo];(G6) [Watch VOD] [Watch VOD];Italians;Italians;Italians;TRUE;;;;;;Islands;;
12/01/2020;15:00 UTC;[Age of Empires II];Nili's Apartment Cup 3 [Nili's Apartment Cup/3];Islands [Islands];1v1;Hera [Hera] [Canada] [Canada] [Italians] [Italians];<;TheViper [Italians] [Italians] [Norway] [Norway] [TheViper];(G3) [Watch VOD] [Watch VOD];Italians;Italians;Italians;TRUE;;;;;;Islands;;
11/01/2020;16:00 UTC;[Age of Empires II];Nili's Apartment Cup 3 [Nili's Apartment Cup/3];Islands [Islands];1v1;Mr_Yo [Yo] [China] [China] [Italians] [Italians];<;TheViper [Italians] [Italians] [Norway] [Norway] [TheViper];(G2) [Watch VOD] [Watch VOD];Italians;Italians;Italians;TRUE;;;;;;Islands;;
11/01/2020;12:00 UTC;[Age of Empires II];Nili's Apartment Cup 3 [Nili's Apartment Cup/3];Islands [Islands];1v1;TaToH [TaToH] [Spain] [Spain] [Italians] [Italians];<;Hera [Italians] [Italians] [Canada] [Canada] [Hera];(G2) [Watch VOD] [Watch VOD];Italians;Italians;Italians;TRUE;;;;;;Islands;;
08/01/2020;20:30 UTC;[Age of Empires II];Nili's Apartment Cup 3 [Nili's Apartment Cup/3];Islands [Islands];1v1;TheMax [TheMax] [Finland] [Finland] [Incas] [Incas];<;Hera [Italians] [Italians] [Canada] [Canada] [Hera];(G2) [Watch VOD] [Watch VOD];Incas;Italians;Italians;FALSE;;;;;;Islands;;
08/01/2020;15:30 UTC;[Age of Empires II];Nili's Apartment Cup 3 [Nili's Apartment Cup/3];Islands [Islands];1v1;Villese [Villese] [Finland] [Finland] [Italians] [Italians];>;TaToH [Vikings] [Vikings] [Spain] [Spain] [TaToH];(G2) [Watch VOD] [Watch VOD];Italians;Vikings;Italians;FALSE;;;;;;Islands;;
07/01/2020;20:30 UTC;[Age of Empires II];Nili's Apartment Cup 3 [Nili's Apartment Cup/3];Islands [Islands];1v1;Hera [Hera] [Canada] [Canada] [Vikings] [Vikings];<;TaToH [Italians] [Italians] [Spain] [Spain] [TaToH];(G2) [Watch VOD] [Watch VOD];Vikings;Italians;Italians;FALSE;;;;;;Islands;;
06/01/2020;20:30 UTC;[Age of Empires II];Nili's Apartment Cup 3 [Nili's Apartment Cup/3];Islands [Islands];1v1;TaToH [TaToH] [Spain] [Spain] [Vikings] [Vikings];<;TheViper [Vikings] [Vikings] [Norway] [Norway] [TheViper];(G4) [Watch VOD] [Watch VOD];Vikings;Vikings;Vikings;TRUE;;;;;;Islands;;
06/01/2020;15:30 UTC;[Age of Empires II];Nili's Apartment Cup 3 [Nili's Apartment Cup/3];Islands [Islands];1v1;Hera [Hera] [Canada] [Canada] [Vikings] [Vikings];<;Mr_Yo [Italians] [Italians] [China] [China] [Yo];(G2) [Watch VOD] [Watch VOD];Vikings;Italians;Italians;FALSE;;;;;;Islands;;
05/01/2020;18:00 UTC;[Age of Empires II];Nili's Apartment Cup 3 [Nili's Apartment Cup/3];Islands [Islands];1v1;Liereyy [Liereyy] [Austria] [Austria] [Vikings] [Vikings];<;TheViper [Italians] [Italians] [Norway] [Norway] [TheViper];(G4) [Watch VOD] [Watch VOD];Vikings;Italians;Italians;FALSE;;;;;;Islands;;
05/01/2020;15:30 UTC;[Age of Empires II];Nili's Apartment Cup 3 [Nili's Apartment Cup/3];Islands [Islands];1v1;DauT [DauT] [Serbia] [Serbia] [Koreans] [Koreans];<;Mr_Yo [Italians] [Italians] [China] [China] [Yo];(G3) [Watch VOD] [Watch VOD];Koreans;Italians;Italians;FALSE;;;;;;Islands;;
05/01/2020;13:00 UTC;[Age of Empires II];Nili's Apartment Cup 3 [Nili's Apartment Cup/3];Islands [Islands];1v1;Villese [Villese] [Finland] [Finland] [Vikings] [Vikings];<;Hera [Vikings] [Vikings] [Canada] [Canada] [Hera];(G4) [Watch VOD] [Watch VOD];Vikings;Vikings;Vikings;TRUE;;;;;;Islands;;
04/01/2020;20:30 UTC;[Age of Empires II];Nili's Apartment Cup 3 [Nili's Apartment Cup/3];Islands [Islands];1v1;DauT [DauT] [Serbia] [Serbia] [Koreans] [Koreans];<;TaToH [Italians] [Italians] [Spain] [Spain] [TaToH];(G2) [Watch VOD] [Watch VOD];Koreans;Italians;Italians;FALSE;;;;;;Islands;;
04/01/2020;15:30 UTC;[Age of Empires II];Nili's Apartment Cup 3 [Nili's Apartment Cup/3];Islands [Islands];1v1;TheMax [TheMax] [Finland] [Finland] [Vikings] [Vikings];>;Mr_Yo [Italians] [Italians] [China] [China] [Yo];(G2) [Watch VOD] [Watch VOD];Vikings;Italians;Vikings;FALSE;;;;;;Islands;;
04/01/2020;13:00 UTC;[Age of Empires II];Nili's Apartment Cup 3 [Nili's Apartment Cup/3];Islands [Islands];1v1;Antagonist [LaN] [Spain] [Spain] [Japanese] [Japanese];<;Liereyy [Vikings] [Vikings] [Austria] [Austria] [Liereyy];(G2) [Watch VOD] [Watch VOD];Japanese;Vikings;Vikings;FALSE;;;;;;Islands;;
09/11/2019;18:00 UTC;[Age of Empires II];DauT vs TaToH [DauT vs TaToH/1];Islands [Islands];1v1;TaToH [TaToH] [Spain] [Spain] [Lithuanians] [Lithuanians];>;DauT [Cumans] [Cumans] [Serbia] [Serbia] [DauT];(G2) [Watch VOD] [Watch VOD];Lithuanians;Cumans;Lithuanians;FALSE;;;;;;Islands;;
07/09/2019;13:00 UTC;[Age of Empires II];T90Official Showmatch - Hera vs TheMax [T90Official/Show Match/Hera vs TheMax];Islands [Islands];1v1;TheMax [TheMax] [Finland] [Finland] [Vikings] [Vikings];>;Hera [Italians] [Italians] [Canada] [Canada] [Hera];(G4) [Watch VOD] [Watch VOD];Vikings;Italians;Vikings;FALSE;;;;;;Islands;;
11/08/2019;;[Age of Empires II];Who is #2? [Who is number 2];Islands [Islands];1v1;TaToH [TaToH] [Spain] [Spain] [Italians] [Italians];>;Mr Yo [Vikings] [Vikings] [China] [China] [Yo];(G6) [Watch VOD] [Watch VOD];Italians;Vikings;Italians;FALSE;;;;;;Islands;;
10/08/2019;;[Age of Empires II];Who is #2? [Who is number 2];Islands [Islands];1v1;Mr Yo [Yo] [China] [China] [Japanese] [Japanese];>;Liereyy [Malay] [Malay] [Austria] [Austria] [Liereyy];(G2) [Watch VOD] [Watch VOD];Japanese;Malay;Japanese;FALSE;;;;;;Islands;;
10/08/2019;;[Age of Empires II];Who is #2? [Who is number 2];Islands [Islands];1v1;TaToH [TaToH] [Spain] [Spain] [Japanese] [Japanese];>;MbL [Huns] [Huns] [Norway] [Norway] [MbL];(G2) [Watch VOD] [Watch VOD];Japanese;Huns;Japanese;FALSE;;;;;;Islands;;
09/08/2019;;[Age of Empires II];Who is #2? [Who is number 2];Islands [Islands];1v1;MbL [MbL] [Norway] [Norway] [Huns] [Huns];>;Mr Yo [Vikings] [Vikings] [China] [China] [Yo];(G3) [Watch VOD] [Watch VOD];Huns;Vikings;Huns;FALSE;;;;;;Islands;;
09/08/2019;;[Age of Empires II];Who is #2? [Who is number 2];Islands [Islands];1v1;TaToH [TaToH] [Spain] [Spain] [Vikings] [Vikings];<;Mr Yo [Japanese] [Japanese] [China] [China] [Yo];(G3) [Watch VOD] [Watch VOD];Vikings;Japanese;Japanese;FALSE;;;;;;Islands;;
13/04/2019;;[Age of Empires II];Argeking Cup III: Phase 2 [Argeking Cup/3/Phase 2];Islands [Islands];1v1;Aramis [Aramis] [Argentina] [Argentina] [Malay] [Malay];<;Twigg [Japanese] [Japanese] [Argentina] [Argentina] [Twigg];(G5) [Watch VOD] [Watch VOD];Malay;Japanese;Japanese;FALSE;;;;;;Islands;;
25/03/2019;;[Age of Empires II];Argeking Cup III: Phase 2 [Argeking Cup/3/Phase 2];Islands [Islands];1v1;Aramis [Aramis] [Argentina] [Argentina] [Malay] [Malay];<;Nicov [Japanese] [Japanese] [Argentina] [Argentina] [Nicov];(G4) [Watch VOD] [Watch VOD];Malay;Japanese;Japanese;FALSE;;;;;;Islands;;
02/03/2019;;[Age of Empires II];Argeking Cup III: Phase 1 [Argeking Cup/3/Phase 1];Islands [Islands];1v1;Riverplation [Nacho AoE] [Argentina] [Argentina] [Mongols] [Mongols];<;Lotario [Japanese] [Japanese] [Argentina] [Argentina] [Lotario (page does not exist)];(G4) [Watch VOD] [Watch VOD];Mongols;Japanese;Japanese;FALSE;;;;;;Islands;;
03/01/2019;;[Age of Empires II];Mr_Yo vs Vivi [Mr Yo vs Vivi/3];Islands [Islands];1v1;Vivi [Vivi] [China] [China] [Huns] [Huns];<;Mr_Yo [Italians] [Italians] [China] [China] [Yo];(G5) [Watch VOD] [Watch VOD];Huns;Italians;Italians;FALSE;;;;;;Islands;;
07/12/2018;;[Age of Empires II];Mr_Yo vs Vivi [Mr Yo vs Vivi/2];Islands [Islands];1v1;Vivi [Vivi] [China] [China] [Malay] [Malay];<;Mr_Yo [Italians] [Italians] [China] [China] [Yo];[Watch VOD] [Watch VOD];Malay;Italians;Italians;FALSE;;;;;;Islands;;
06/06/2018;12:00 UTC;[Age of Empires II];Paladin's 1v1 Cup [Paladin's 1v1 Cup];Islands [Islands];1v1;Nicov [Nicov] [Argentina] [Argentina] [Italians] [Italians];<;Yo [Italians] [Italians] [China] [China] [Yo];[Watch VOD] [Watch VOD];Italians;Italians;Italians;TRUE;;;;;;Islands;;
05/06/2018;12:00 UTC;[Age of Empires II];Paladin's 1v1 Cup [Paladin's 1v1 Cup];Islands [Islands];1v1;Nicov [Nicov] [Argentina] [Argentina] [Vikings] [Vikings];<;yinghua [Italians] [Italians] [China] [China] [LoveCheng];[Watch VOD] [Watch VOD];Vikings;Italians;Italians;FALSE;;;;;;Islands;;
04/06/2018;12:00 UTC;[Age of Empires II];Paladin's 1v1 Cup [Paladin's 1v1 Cup];Islands [Islands];1v1;Nicov [Nicov] [Argentina] [Argentina] [Italians] [Italians];<;lyx [Italians] [Italians] [China] [China] [Lyx];[Watch VOD] [Watch VOD];Italians;Italians;Italians;TRUE;;;;;;Islands;;
03/06/2018;12:00 UTC;[Age of Empires II];Paladin's 1v1 Cup [Paladin's 1v1 Cup];Islands [Islands];1v1;Nicov [Nicov] [Argentina] [Argentina] [Italians] [Italians];>;Paladin [Italians] [Italians] [China] [China] [Paladin (player)];[Watch VOD] [Watch VOD];Italians;Italians;Italians;TRUE;;;;;;Islands;;
02/06/2018;12:00 UTC;[Age of Empires II];Paladin's 1v1 Cup [Paladin's 1v1 Cup];Islands [Islands];1v1;Paladin [Paladin (player)] [China] [China] [Italians] [Italians];<;TheMax [Koreans] [Koreans] [Finland] [Finland] [TheMax];[Watch VOD] [Watch VOD];Italians;Koreans;Koreans;FALSE;;;;;;Islands;;
01/06/2018;12:00 UTC;[Age of Empires II];Paladin's 1v1 Cup [Paladin's 1v1 Cup];Islands [Islands];1v1;lyx [Lyx] [China] [China] [Italians] [Italians];>;Nicov [Italians] [Italians] [Argentina] [Argentina] [Nicov];[Watch VOD] [Watch VOD];Italians;Italians;Italians;TRUE;;;;;;Islands;;
30/05/2018;12:00 UTC;[Age of Empires II];Paladin's 1v1 Cup [Paladin's 1v1 Cup];Islands [Islands];1v1;Villese [Villese] [Finland] [Finland] [Italians] [Italians];<;ACCM [Italians] [Italians] [Vietnam] [Vietnam] [ACCM];[Watch VOD] [Watch VOD];Italians;Italians;Italians;TRUE;;;;;;Islands;;
12/05/2018;;[Age of Empires II];BacT vs _DauT_ [BacT vs DauT];Islands [Islands];1v1;_DauT_ [DauT] [Serbia] [Serbia] [Berbers] [Berbers];>;BacT [Malay] [Malay] [Vietnam] [Vietnam] [BacT];[Watch VOD] [Watch VOD];Berbers;Malay;Berbers;FALSE;;;;;;Islands;;
21/02/2018;02:00 UTC;[Age of Empires II];Argeking Cup II [Argeking Cup/2];Islands [Islands];1v1;M4Te [M4Te] [Argentina] [Argentina] [Vikings] [Vikings];>;JuanNNN [Vikings] [Vikings] [Argentina] [Argentina] [JuanNNN];(G3) [Watch VOD] [Watch VOD];Vikings;Vikings;Vikings;TRUE;;;;;;Islands;;
12/09/2017;16:00 UTC;[Age of Empires II];DauT vs TheViper Bo21 #2 [DauT vs TheViper/2];Islands [Islands];1v1;TheViper [TheViper] [Norway] [Norway] [Vikings] [Vikings];>;DauT [Vikings] [Vikings] [Serbia] [Serbia] [DauT];(G4) [Watch VOD] [Watch VOD];Vikings;Vikings;Vikings;TRUE;;;;;;Islands;;
26/08/2017;12:00 UTC;[Age of Empires II];Escape Gaming - Euro Cup [Escape Gaming/Euro Cup];Islands [Islands];1v1;Liereyy [Liereyy] [Austria] [Austria] [Italians] [Italians];<;TheViper [Italians] [Italians] [Norway] [Norway] [TheViper];(G2) [Watch VOD] [Watch VOD];Italians;Italians;Italians;TRUE;;;;;;Islands;;
26/08/2017;09:00 UTC;[Age of Empires II];Escape Gaming - Euro Cup [Escape Gaming/Euro Cup];Islands [Islands];1v1;Liereyy [Liereyy] [Austria] [Austria] [Italians] [Italians];<;TaToH [Italians] [Italians] [Spain] [Spain] [TaToH];(G2) [Watch VOD] [Watch VOD];Italians;Italians;Italians;TRUE;;;;;;Islands;;
02/07/2017;01:00 UTC;[Age of Empires II];Argeking Cup I [Argeking Cup/1];Islands [Islands];1v1;Twigg [Twigg] [Argentina] [Argentina] [Vikings] [Vikings];<;Nicov [Vikings] [Vikings] [Argentina] [Argentina] [Nicov];(G1) [Watch VOD] [Watch VOD];Vikings;Vikings;Vikings;TRUE;;;;;;Islands;;
25/03/2017;17:00 UTC;[Age of Empires II];Nili_AoE Showmatch - Liereyy vs TheViper [Nili AoE/Show Match/Liereyy vs TheViper];Islands [Islands];1v1;TheViper [TheViper] [Norway] [Norway] [Vikings] [Vikings];>;Liereyy [Vikings] [Vikings] [Austria] [Austria] [Liereyy];(G4) [Watch VOD] [Watch VOD];Vikings;Vikings;Vikings;TRUE;;;;;;Islands;;
30/12/2016;;[Age of Empires II];AoC Champions League 2016 [AoC Champions League/2016];Islands [Islands];1v1;F1Re [F1Re] [Brazil] [Brazil] [Vikings] [Vikings];<;TheViper [Vikings] [Vikings] [Norway] [Norway] [TheViper];[Watch VOD] [Watch VOD];Vikings;Vikings;Vikings;TRUE;;;;;;Islands;;
15/12/2016;;[Age of Empires II];AoC Champions League 2016 [AoC Champions League/2016];Islands [Islands];1v1;F1Re [F1Re] [Brazil] [Brazil] [Saracens] [Saracens];>;TheViper [Saracens] [Saracens] [Norway] [Norway] [TheViper];[Watch VOD] [Watch VOD];Saracens;Saracens;Saracens;TRUE;;;;;;Islands;;
13/12/2016;;[Age of Empires II];AoC Champions League 2016 [AoC Champions League/2016];Islands [Islands];1v1;F1Re [F1Re] [Brazil] [Brazil] [Turks] [Turks];>;TaToH [Turks] [Turks] [Spain] [Spain] [TaToH];[Watch VOD] [Watch VOD];Turks;Turks;Turks;TRUE;;;;;;Islands;;
11/12/2016;;[Age of Empires II];AoC Champions League 2016 [AoC Champions League/2016];Islands [Islands];1v1;TaToH [TaToH] [Spain] [Spain] [Byzantines] [Byzantines];>;Vinchester [Byzantines] [Byzantines] [Russia] [Russia] [Vinchester];[Watch VOD] [Watch VOD];Byzantines;Byzantines;Byzantines;TRUE;;;;;;Islands;;
09/12/2016;;[Age of Empires II];AoC Champions League 2016 [AoC Champions League/2016];Islands [Islands];1v1;TaToH [TaToH] [Spain] [Spain] [Persians] [Persians];>;TheViper [Persians] [Persians] [Norway] [Norway] [TheViper];[Watch VOD] [Watch VOD];Persians;Persians;Persians;TRUE;;;;;;Islands;;
08/12/2016;;[Age of Empires II];AoC Champions League 2016 [AoC Champions League/2016];Islands [Islands];1v1;F1Re [F1Re] [Brazil] [Brazil] [Saracens] [Saracens];>;Vinchester [Saracens] [Saracens] [Russia] [Russia] [Vinchester];[Watch VOD] [Watch VOD];Saracens;Saracens;Saracens;TRUE;;;;;;Islands;;
;;;;;;;;;;;;;;;;;;;Islands;;
;;;;;;;;;;;;;;;;;;;Islands;;
;;;;;;;;;;;;;;;;;;;Islands;;
;;;;;;;;;;;;;;;;;;;Islands;;
;;;;;;;;;;;;;;;;;;;Islands;;
;;;;;;;;;;;;;;;;;;;Islands;;
;;;;;;;;;;;;;;;;;;;Islands;;
;;;;;;;;;;;;;;;;;;;Islands;;
;;;;;;;;;;;;;;;;;;;Islands;;
;;;;;;;;;;;;;;;;;;;Islands;;
;;;;;;;;;;;;;;;;;;;Islands;;
;;;;;;;;;;;;;;;;;;;Islands;;
;;;;;;;;;;;;;;;;;;;Islands;;
;;;;;;;;;;;;;;;;;;;Islands;;
;;;;;;;;;;;;;;;;;;;Islands;;
;;;;;;;;;;;;;;;;;;;Islands;;
;;;;;;;;;;;;;;;;;;;Islands;;
;;;;;;;;;;;;;;;;;;;Islands;;
;;;;;;;;;;;;;;;;;;;Islands;;
;;;;;;;;;;;;;;;;;;;Islands;;
;;;;;;;;;;;;;;;;;;;Islands;;
;;;;;;;;;;;;;;;;;;;Islands;;
;;;;;;;;;;;;;;;;;;;Islands;;
;;;;;;;;;;;;;;;;;;;Islands;;
;;;;;;;;;;;;;;;;;;;Islands;;
;;;;;;;;;;;;;;;;;;;Islands;;
;;;;;;;;;;;;;;;;;;;Islands;;
;;;;;;;;;;;;;;;;;;;Islands;;
;;;;;;;;;;;;;;;;;;;Islands;;
;;;;;;;;;;;;;;;;;;;Islands;;
;;;;;;;;;;;;;;;;;;;Islands;;
;;;;;;;;;;;;;;;;;;;Islands;;
;;;;;;;;;;;;;;;;;;;Islands;;
;;;;;;;;;;;;;;;;;;;Islands;;
;;;;;;;;;;;;;;;;;;;Islands;;
;;;;;;;;;;;;;;;;;;;Islands;;
;;;;;;;;;;;;;;;;;;;Islands;;
;;;;;;;;;;;;;;;;;;;Islands;;
;;;;;;;;;;;;;;;;;;;Islands;;
;;;;;;;;;;;;;;;;;;;Islands;;
;;;;;;;;;;;;;;;;;;;Islands;;
;;;;;;;;;;;;;;;;;;;Islands;;
;;;;;;;;;;;;;;;;;;;Islands;;
;;;;;;;;;;;;;;;;;;;Islands;;
;;;;;;;;;;;;;;;;;;;Islands;;
;;;;;;;;;;;;;;;;;;;Islands;;
;;;;;;;;;;;;;;;;;;;Islands;;
;;;;;;;;;;;;;;;;;;;Islands;;
;;;;;;;;;;;;;;;;;;;Islands;;
;;;;;;;;;;;;;;;;;;;Islands;;
;;;;;;;;;;;;;;;;;;;Islands;;
;;;;;;;;;;;;;;;;;;;Islands;;
;;;;;;;;;;;;;;;;;;;Islands;;
;;;;;;;;;;;;;;;;;;;Islands;;
;;;;;;;;;;;;;;;;;;;Islands;;
;;;;;;;;;;;;;;;;;;;Islands;;
;;;;;;;;;;;;;;;;;;;Islands;;
;;;;;;;;;;;;;;;;;;;Islands;;
;;;;;;;;;;;;;;;;;;;Islands;;
;;;;;;;;;;;;;;;;;;;Islands;;
;;;;;;;;;;;;;;;;;;;Islands;;
;;;;;;;;;;;;;;;;;;;Islands;;
;;;;;;;;;;;;;;;;;;;Islands;;
;;;;;;;;;;;;;;;;;;;Islands;;
;;;;;;;;;;;;;;;;;;;Islands;;
;;;;;;;;;;;;;;;;;;;Islands;;
;;;;;;;;;;;;;;;;;;;Islands;;
;;;;;;;;;;;;;;;;;;;Islands;;
;;;;;;;;;;;;;;;;;;;Islands;;
;;;;;;;;;;;;;;;;;;;Islands;;
;;;;;;;;;;;;;;;;;;;Islands;;
;;;;;;;;;;;;;;;;;;;Islands;;
;;;;;;;;;;;;;;;;;;;Islands;;
;;;;;;;;;;;;;;;;;;;Islands;;
;;;;;;;;;;;;;;;;;;;Islands;;
;;;;;;;;;;;;;;;;;;;Islands;;
;;;;;;;;;;;;;;;;;;;Islands;;
;;;;;;;;;;;;;;;;;;;Islands;;
;;;;;;;;;;;;;;;;;;;Islands;;
;;;;;;;;;;;;;;;;;;;Islands;;
;;;;;;;;;;;;;;;;;;;Islands;;
;;;;;;;;;;;;;;;;;;;Islands;;
;;;;;;;;;;;;;;;;;;;Islands;;
;;;;;;;;;;;;;;;;;;;Islands;;
;;;;;;;;;;;;;;;;;;;Islands;;
;;;;;;;;;;;;;;;;;;;Islands;;
;;;;;;;;;;;;;;;;;;;Islands;;
;;;;;;;;;;;;;;;;;;;Islands;;
;;;;;;;;;;;;;;;;;;;Islands;;
;;;;;;;;;;;;;;;;;;;Islands;;
;;;;;;;;;;;;;;;;;;;Islands;;
;;;;;;;;;;;;;;;;;;;Islands;;
;;;;;;;;;;;;;;;;;;;Islands;;
;;;;;;;;;;;;;;;;;;;Islands;;
;;;;;;;;;;;;;;;;;;;Islands;;
;;;;;;;;;;;;;;;;;;;Islands;;
;;;;;;;;;;;;;;;;;;;Islands;;
;;;;;;;;;;;;;;;;;;;Islands;;
;;;;;;;;;;;;;;;;;;;Islands;;
;;;;;;;;;;;;;;;;;;;Islands;;
;;;;;;;;;;;;;;;;;;;Islands;;
;;;;;;;;;;;;;;;;;;;Islands;;
;;;;;;;;;;;;;;;;;;;Islands;;
;;;;;;;;;;;;;;;;;;;Islands;;
;;;;;;;;;;;;;;;;;;;Islands;;
;;;;;;;;;;;;;;;;;;;Islands;;
;;;;;;;;;;;;;;;;;;;Islands;;
;;;;;;;;;;;;;;;;;;;Islands;;
;;;;;;;;;;;;;;;;;;;Islands;;
;;;;;;;;;;;;;;;;;;;Islands;;
;;;;;;;;;;;;;;;;;;;Islands;;
;;;;;;;;;;;;;;;;;;;Islands;;
;;;;;;;;;;;;;;;;;;;Islands;;
;;;;;;;;;;;;;;;;;;;Islands;;
;;;;;;;;;;;;;;;;;;;Islands;;
;;;;;;;;;;;;;;;;;;;Islands;;
;;;;;;;;;;;;;;;;;;;Islands;;
;;;;;;;;;;;;;;;;;;;Islands;;
;;;;;;;;;;;;;;;;;;;Islands;;
;;;;;;;;;;;;;;;;;;;Islands;;
;;;;;;;;;;;;;;;;;;;Islands;;
;;;;;;;;;;;;;;;;;;;Islands;;
;;;;;;;;;;;;;;;;;;;Islands;;
;;;;;;;;;;;;;;;;;;;Islands;;
;;;;;;;;;;;;;;;;;;;Islands;;
;;;;;;;;;;;;;;;;;;;Islands;;
;;;;;;;;;;;;;;;;;;;Islands;;
;;;;;;;;;;;;;;;;;;;Islands;;
;;;;;;;;;;;;;;;;;;;Islands;;
;;;;;;;;;;;;;;;;;;;Islands;;
;;;;;;;;;;;;;;;;;;;Islands;;
;;;;;;;;;;;;;;;;;;;Islands;;
;;;;;;;;;;;;;;;;;;;Islands;;
;;;;;;;;;;;;;;;;;;;Islands;;
;;;;;;;;;;;;;;;;;;;Islands;;
;;;;;;;;;;;;;;;;;;;Islands;;
;;;;;;;;;;;;;;;;;;;Islands;;
;;;;;;;;;;;;;;;;;;;Islands;;
;;;;;;;;;;;;;;;;;;;Islands;;
;;;;;;;;;;;;;;;;;;;Islands;;
;;;;;;;;;;;;;;;;;;;Islands;;
;;;;;;;;;;;;;;;;;;;Islands;;
;;;;;;;;;;;;;;;;;;;Islands;;
;;;;;;;;;;;;;;;;;;;Islands;;
;;;;;;;;;;;;;;;;;;;Islands;;
;;;;;;;;;;;;;;;;;;;Islands;;
;;;;;;;;;;;;;;;;;;;Islands;;
;;;;;;;;;;;;;;;;;;;Islands;;
;;;;;;;;;;;;;;;;;;;Islands;;
;;;;;;;;;;;;;;;;;;;Islands;;
;;;;;;;;;;;;;;;;;;;Islands;;
;;;;;;;;;;;;;;;;;;;Islands;;
;;;;;;;;;;;;;;;;;;;Islands;;
;;;;;;;;;;;;;;;;;;;Islands;;
;;;;;;;;;;;;;;;;;;;Islands;;
;;;;;;;;;;;;;;;;;;;Islands;;
;;;;;;;;;;;;;;;;;;;Islands;;
;;;;;;;;;;;;;;;;;;;Islands;;
;;;;;;;;;;;;;;;;;;;Islands;;
;;;;;;;;;;;;;;;;;;;Islands;;
;;;;;;;;;;;;;;;;;;;Islands;;
;;;;;;;;;;;;;;;;;;;Islands;;
;;;;;;;;;;;;;;;;;;;Islands;;
;;;;;;;;;;;;;;;;;;;Islands;;
;;;;;;;;;;;;;;;;;;;Islands;;
;;;;;;;;;;;;;;;;;;;Islands;;
;;;;;;;;;;;;;;;;;;;Islands;;
;;;;;;;;;;;;;;;;;;;Islands;;
;;;;;;;;;;;;;;;;;;;Islands;;
;;;;;;;;;;;;;;;;;;;Islands;;
;;;;;;;;;;;;;;;;;;;Islands;;
;;;;;;;;;;;;;;;;;;;Islands;;
;;;;;;;;;;;;;;;;;;;Islands;;
;;;;;;;;;;;;;;;;;;;Islands;;
;;;;;;;;;;;;;;;;;;;Islands;;
;;;;;;;;;;;;;;;;;;;Islands;;
;;;;;;;;;;;;;;;;;;;Islands;;
;;;;;;;;;;;;;;;;;;;Islands;;
;;;;;;;;;;;;;;;;;;;Islands;;
;;;;;;;;;;;;;;;;;;;Islands;;
;;;;;;;;;;;;;;;;;;;Islands;;
;;;;;;;;;;;;;;;;;;;Islands;;
;;;;;;;;;;;;;;;;;;;Islands;;
;;;;;;;;;;;;;;;;;;;Islands;;
;;;;;;;;;;;;;;;;;;;Islands;;
;;;;;;;;;;;;;;;;;;;Islands;;
;;;;;;;;;;;;;;;;;;;Islands;;
;;;;;;;;;;;;;;;;;;;Islands;;
;;;;;;;;;;;;;;;;;;;Islands;;
;;;;;;;;;;;;;;;;;;;Islands;;
;;;;;;;;;;;;;;;;;;;Islands;;
;;;;;;;;;;;;;;;;;;;Islands;;
;;;;;;;;;;;;;;;;;;;Islands;;
;;;;;;;;;;;;;;;;;;;Islands;;
;;;;;;;;;;;;;;;;;;;Islands;;
;;;;;;;;;;;;;;;;;;;Islands;;
;;;;;;;;;;;;;;;;;;;Islands;;
;;;;;;;;;;;;;;;;;;;Islands;;
;;;;;;;;;;;;;;;;;;;Islands;;
;;;;;;;;;;;;;;;;;;;Islands;;
;;;;;;;;;;;;;;;;;;;Islands;;
;;;;;;;;;;;;;;;;;;;Islands;;
;;;;;;;;;;;;;;;;;;;Islands;;
;;;;;;;;;;;;;;;;;;;Islands;;
;;;;;;;;;;;;;;;;;;;Islands;;
;;;;;;;;;;;;;;;;;;;Islands;;
;;;;;;;;;;;;;;;;;;;Islands;;
;;;;;;;;;;;;;;;;;;;Islands;;
;;;;;;;;;;;;;;;;;;;Islands;;
;;;;;;;;;;;;;;;;;;;Islands;;
;;;;;;;;;;;;;;;;;;;Islands;;
;;;;;;;;;;;;;;;;;;;Islands;;
;;;;;;;;;;;;;;;;;;;Islands;;
;;;;;;;;;;;;;;;;;;;Islands;;
;;;;;;;;;;;;;;;;;;;Islands;;
;;;;;;;;;;;;;;;;;;;Islands;;
;;;;;;;;;;;;;;;;;;;Islands;;
;;;;;;;;;;;;;;;;;;;Islands;;
;;;;;;;;;;;;;;;;;;;Islands;;
;;;;;;;;;;;;;;;;;;;Islands;;
;;;;;;;;;;;;;;;;;;;Islands;;
;;;;;;;;;;;;;;;;;;;Islands;;
;;;;;;;;;;;;;;;;;;;Islands;;
;;;;;;;;;;;;;;;;;;;Islands;;
;;;;;;;;;;;;;;;;;;;Islands;;
;;;;;;;;;;;;;;;;;;;Islands;;
;;;;;;;;;;;;;;;;;;;Islands;;
;;;;;;;;;;;;;;;;;;;Islands;;
;;;;;;;;;;;;;;;;;;;Islands;;
;;;;;;;;;;;;;;;;;;;Islands;;
;;;;;;;;;;;;;;;;;;;Islands;;
;;;;;;;;;;;;;;;;;;;Islands;;
;;;;;;;;;;;;;;;;;;;Islands;;
;;;;;;;;;;;;;;;;;;;Islands;;
;;;;;;;;;;;;;;;;;;;Islands;;
;;;;;;;;;;;;;;;;;;;Islands;;
;;;;;;;;;;;;;;;;;;;Islands;;
;;;;;;;;;;;;;;;;;;;Islands;;
;;;;;;;;;;;;;;;;;;;Islands;;
;;;;;;;;;;;;;;;;;;;Islands;;
;;;;;;;;;;;;;;;;;;;Islands;;
;;;;;;;;;;;;;;;;;;;Islands;;
;;;;;;;;;;;;;;;;;;;Islands;;
;;;;;;;;;;;;;;;;;;;Islands;;
;;;;;;;;;;;;;;;;;;;Islands;;
;;;;;;;;;;;;;;;;;;;Islands;;
;;;;;;;;;;;;;;;;;;;Islands;;
;;;;;;;;;;;;;;;;;;;Islands;;
;;;;;;;;;;;;;;;;;;;Islands;;
;;;;;;;;;;;;;;;;;;;Islands;;
;;;;;;;;;;;;;;;;;;;Islands;;
;;;;;;;;;;;;;;;;;;;Islands;;
;;;;;;;;;;;;;;;;;;;Islands;;
;;;;;;;;;;;;;;;;;;;Islands;;
;;;;;;;;;;;;;;;;;;;Islands;;
;;;;;;;;;;;;;;;;;;;Islands;;
;;;;;;;;;;;;;;;;;;;Islands;;
;;;;;;;;;;;;;;;;;;;Islands;;
;;;;;;;;;;;;;;;;;;;Islands;;
;;;;;;;;;;;;;;;;;;;Islands;;
;;;;;;;;;;;;;;;;;;;Islands;;
;;;;;;;;;;;;;;;;;;;Islands;;
;;;;;;;;;;;;;;;;;;;Islands;;
;;;;;;;;;;;;;;;;;;;Islands;;
;;;;;;;;;;;;;;;;;;;Islands;;
;;;;;;;;;;;;;;;;;;;Islands;;
;;;;;;;;;;;;;;;;;;;Islands;;
;;;;;;;;;;;;;;;;;;;Islands;;
;;;;;;;;;;;;;;;;;;;Islands;;
;;;;;;;;;;;;;;;;;;;Islands;;
;;;;;;;;;;;;;;;;;;;Islands;;
;;;;;;;;;;;;;;;;;;;Islands;;
;;;;;;;;;;;;;;;;;;;Islands;;
;;;;;;;;;;;;;;;;;;;Islands;;
;;;;;;;;;;;;;;;;;;;Islands;;
;;;;;;;;;;;;;;;;;;;Islands;;
;;;;;;;;;;;;;;;;;;;Islands;;
;;;;;;;;;;;;;;;;;;;Islands;;
;;;;;;;;;;;;;;;;;;;Islands;;
;;;;;;;;;;;;;;;;;;;Islands;;
;;;;;;;;;;;;;;;;;;;Islands;;
;;;;;;;;;;;;;;;;;;;Islands;;
;;;;;;;;;;;;;;;;;;;Islands;;
;;;;;;;;;;;;;;;;;;;Islands;;
;;;;;;;;;;;;;;;;;;;Islands;;
;;;;;;;;;;;;;;;;;;;Islands;;
;;;;;;;;;;;;;;;;;;;Islands;;
;;;;;;;;;;;;;;;;;;;Islands;;
;;;;;;;;;;;;;;;;;;;Islands;;
;;;;;;;;;;;;;;;;;;;Islands;;
;;;;;;;;;;;;;;;;;;;Islands;;
;;;;;;;;;;;;;;;;;;;Islands;;
;;;;;;;;;;;;;;;;;;;Islands;;
;;;;;;;;;;;;;;;;;;;Islands;;
;;;;;;;;;;;;;;;;;;;Islands;;
;;;;;;;;;;;;;;;;;;;Islands;;
;;;;;;;;;;;;;;;;;;;Islands;;
;;;;;;;;;;;;;;;;;;;Islands;;
;;;;;;;;;;;;;;;;;;;Islands;;
;;;;;;;;;;;;;;;;;;;Islands;;
;;;;;;;;;;;;;;;;;;;Islands;;
;;;;;;;;;;;;;;;;;;;Islands;;
;;;;;;;;;;;;;;;;;;;Islands;;
;;;;;;;;;;;;;;;;;;;Islands;;
;;;;;;;;;;;;;;;;;;;Islands;;
;;;;;;;;;;;;;;;;;;;Islands;;
;;;;;;;;;;;;;;;;;;;Islands;;
;;;;;;;;;;;;;;;;;;;Islands;;
;;;;;;;;;;;;;;;;;;;Islands;;
;;;;;;;;;;;;;;;;;;;Islands;;
;;;;;;;;;;;;;;;;;;;Islands;;
;;;;;;;;;;;;;;;;;;;Islands;;
;;;;;;;;;;;;;;;;;;;Islands;;
;;;;;;;;;;;;;;;;;;;Islands;;
;;;;;;;;;;;;;;;;;;;Islands;;
;;;;;;;;;;;;;;;;;;;Islands;;
;;;;;;;;;;;;;;;;;;;Islands;;
;;;;;;;;;;;;;;;;;;;Islands;;
;;;;;;;;;;;;;;;;;;;Islands;;
;;;;;;;;;;;;;;;;;;;Islands;;
;;;;;;;;;;;;;;;;;;;Islands;;
;;;;;;;;;;;;;;;;;;;Islands;;
;;;;;;;;;;;;;;;;;;;Islands;;
;;;;;;;;;;;;;;;;;;;Islands;;
;;;;;;;;;;;;;;;;;;;Islands;;
;;;;;;;;;;;;;;;;;;;Islands;;
;;;;;;;;;;;;;;;;;;;Islands;;
;;;;;;;;;;;;;;;;;;;Islands;;
;;;;;;;;;;;;;;;;;;;Islands;;
;;;;;;;;;;;;;;;;;;;Islands;;
;;;;;;;;;;;;;;;;;;;Islands;;
;;;;;;;;;;;;;;;;;;;Islands;;
;;;;;;;;;;;;;;;;;;;Islands;;
;;;;;;;;;;;;;;;;;;;Islands;;
;;;;;;;;;;;;;;;;;;;Islands;;
;;;;;;;;;;;;;;;;;;;Islands;;
;;;;;;;;;;;;;;;;;;;Islands;;
;;;;;;;;;;;;;;;;;;;Islands;;
;;;;;;;;;;;;;;;;;;;Islands;;
;;;;;;;;;;;;;;;;;;;Islands;;
;;;;;;;;;;;;;;;;;;;Islands;;
;;;;;;;;;;;;;;;;;;;Islands;;
;;;;;;;;;;;;;;;;;;;Islands;;
;;;;;;;;;;;;;;;;;;;Islands;;
;;;;;;;;;;;;;;;;;;;Islands;;
;;;;;;;;;;;;;;;;;;;Islands;;
;;;;;;;;;;;;;;;;;;;Islands;;
;;;;;;;;;;;;;;;;;;;Islands;;
;;;;;;;;;;;;;;;;;;;Islands;;
;;;;;;;;;;;;;;;;;;;Islands;;
;;;;;;;;;;;;;;;;;;;Islands;;
;;;;;;;;;;;;;;;;;;;Islands;;
;;;;;;;;;;;;;;;;;;;Islands;;
;;;;;;;;;;;;;;;;;;;Islands;;
;;;;;;;;;;;;;;;;;;;Islands;;
;;;;;;;;;;;;;;;;;;;Islands;;
;;;;;;;;;;;;;;;;;;;Islands;;
;;;;;;;;;;;;;;;;;;;Islands;;
;;;;;;;;;;;;;;;;;;;Islands;;
;;;;;;;;;;;;;;;;;;;Islands;;
;;;;;;;;;;;;;;;;;;;Islands;;
;;;;;;;;;;;;;;;;;;;Islands;;
;;;;;;;;;;;;;;;;;;;Islands;;
;;;;;;;;;;;;;;;;;;;Islands;;
;;;;;;;;;;;;;;;;;;;Islands;;
;;;;;;;;;;;;;;;;;;;Islands;;
;;;;;;;;;;;;;;;;;;;Islands;;
;;;;;;;;;;;;;;;;;;;Islands;;
;;;;;;;;;;;;;;;;;;;Islands;;
;;;;;;;;;;;;;;;;;;;Islands;;
;;;;;;;;;;;;;;;;;;;Islands;;
;;;;;;;;;;;;;;;;;;;Islands;;
;;;;;;;;;;;;;;;;;;;Islands;;
;;;;;;;;;;;;;;;;;;;Islands;;
;;;;;;;;;;;;;;;;;;;Islands;;
;;;;;;;;;;;;;;;;;;;Islands;;
;;;;;;;;;;;;;;;;;;;Islands;;
;;;;;;;;;;;;;;;;;;;Islands;;
;;;;;;;;;;;;;;;;;;;Islands;;
;;;;;;;;;;;;;;;;;;;Islands;;
;;;;;;;;;;;;;;;;;;;Islands;;
;;;;;;;;;;;;;;;;;;;Islands;;
;;;;;;;;;;;;;;;;;;;Islands;;
;;;;;;;;;;;;;;;;;;;Islands;;
;;;;;;;;;;;;;;;;;;;Islands;;
;;;;;;;;;;;;;;;;;;;Islands;;
;;;;;;;;;;;;;;;;;;;Islands;;
;;;;;;;;;;;;;;;;;;;Islands;;
;;;;;;;;;;;;;;;;;;;Islands;;
;;;;;;;;;;;;;;;;;;;Islands;;
;;;;;;;;;;;;;;;;;;;Islands;;
;;;;;;;;;;;;;;;;;;;Islands;;
;;;;;;;;;;;;;;;;;;;Islands;;
;;;;;;;;;;;;;;;;;;;Islands;;
;;;;;;;;;;;;;;;;;;;Islands;;
;;;;;;;;;;;;;;;;;;;Islands;;
;;;;;;;;;;;;;;;;;;;Islands;;
;;;;;;;;;;;;;;;;;;;Islands;;
;;;;;;;;;;;;;;;;;;;Islands;;
;;;;;;;;;;;;;;;;;;;Islands;;
;;;;;;;;;;;;;;;;;;;Islands;;
;;;;;;;;;;;;;;;;;;;Islands;;
;;;;;;;;;;;;;;;;;;;Islands;;
;;;;;;;;;;;;;;;;;;;Islands;;
;;;;;;;;;;;;;;;;;;;Islands;;
;;;;;;;;;;;;;;;;;;;Islands;;
;;;;;;;;;;;;;;;;;;;Islands;;
;;;;;;;;;;;;;;;;;;;Islands;;
;;;;;;;;;;;;;;;;;;;Islands;;
;;;;;;;;;;;;;;;;;;;Islands;;
;;;;;;;;;;;;;;;;;;;Islands;;
;;;;;;;;;;;;;;;;;;;Islands;;
;;;;;;;;;;;;;;;;;;;Islands;;
;;;;;;;;;;;;;;;;;;;Islands;;
;;;;;;;;;;;;;;;;;;;Islands;;
;;;;;;;;;;;;;;;;;;;Islands;;
;;;;;;;;;;;;;;;;;;;Islands;;
;;;;;;;;;;;;;;;;;;;Islands;;
;;;;;;;;;;;;;;;;;;;Islands;;
;;;;;;;;;;;;;;;;;;;Islands;;
;;;;;;;;;;;;;;;;;;;Islands;;
;;;;;;;;;;;;;;;;;;;Islands;;
;;;;;;;;;;;;;;;;;;;Islands;;
;;;;;;;;;;;;;;;;;;;Islands;;
;;;;;;;;;;;;;;;;;;;Islands;;
;;;;;;;;;;;;;;;;;;;Islands;;
;;;;;;;;;;;;;;;;;;;Islands;;
;;;;;;;;;;;;;;;;;;;Islands;;
;;;;;;;;;;;;;;;;;;;Islands;;
;;;;;;;;;;;;;;;;;;;Islands;;
;;;;;;;;;;;;;;;;;;;Islands;;
;;;;;;;;;;;;;;;;;;;Islands;;
;;;;;;;;;;;;;;;;;;;Islands;;
;;;;;;;;;;;;;;;;;;;Islands;;
;;;;;;;;;;;;;;;;;;;Islands;;
;;;;;;;;;;;;;;;;;;;Islands;;
;;;;;;;;;;;;;;;;;;;Islands;;
;;;;;;;;;;;;;;;;;;;Islands;;
;;;;;;;;;;;;;;;;;;;Islands;;
;;;;;;;;;;;;;;;;;;;Islands;;
;;;;;;;;;;;;;;;;;;;Islands;;
;;;;;;;;;;;;;;;;;;;Islands;;
;;;;;;;;;;;;;;;;;;;Islands;;
;;;;;;;;;;;;;;;;;;;Islands;;
;;;;;;;;;;;;;;;;;;;Islands;;
;;;;;;;;;;;;;;;;;;;Islands;;
;;;;;;;;;;;;;;;;;;;Islands;;
;;;;;;;;;;;;;;;;;;;Islands;;
;;;;;;;;;;;;;;;;;;;Islands;;
;;;;;;;;;;;;;;;;;;;Islands;;
;;;;;;;;;;;;;;;;;;;Islands;;
;;;;;;;;;;;;;;;;;;;Islands;;
;;;;;;;;;;;;;;;;;;;Islands;;
;;;;;;;;;;;;;;;;;;;Islands;;
;;;;;;;;;;;;;;;;;;;Islands;;
;;;;;;;;;;;;;;;;;;;Islands;;
;;;;;;;;;;;;;;;;;;;Islands;;
;;;;;;;;;;;;;;;;;;;Islands;;
;;;;;;;;;;;;;;;;;;;Islands;;
;;;;;;;;;;;;;;;;;;;Islands;;
;;;;;;;;;;;;;;;;;;;Islands;;
;;;;;;;;;;;;;;;;;;;Islands;;
;;;;;;;;;;;;;;;;;;;Islands;;
;;;;;;;;;;;;;;;;;;;Islands;;
;;;;;;;;;;;;;;;;;;;Islands;;
;;;;;;;;;;;;;;;;;;;Islands;;
;;;;;;;;;;;;;;;;;;;Islands;;
;;;;;;;;;;;;;;;;;;;Islands;;
;;;;;;;;;;;;;;;;;;;Islands;;
;;;;;;;;;;;;;;;;;;;Islands;;
;;;;;;;;;;;;;;;;;;;Islands;;
;;;;;;;;;;;;;;;;;;;Islands;;
;;;;;;;;;;;;;;;;;;;Islands;;
;;;;;;;;;;;;;;;;;;;Islands;;
;;;;;;;;;;;;;;;;;;;Islands;;
;;;;;;;;;;;;;;;;;;;Islands;;
;;;;;;;;;;;;;;;;;;;Islands;;
;;;;;;;;;;;;;;;;;;;Islands;;
;;;;;;;;;;;;;;;;;;;Islands;;
;;;;;;;;;;;;;;;;;;;Islands;;
;;;;;;;;;;;;;;;;;;;Islands;;
;;;;;;;;;;;;;;;;;;;Islands;;
;;;;;;;;;;;;;;;;;;;Islands;;
;;;;;;;;;;;;;;;;;;;Islands;;
;;;;;;;;;;;;;;;;;;;Islands;;
;;;;;;;;;;;;;;;;;;;Islands;;
;;;;;;;;;;;;;;;;;;;Islands;;
;;;;;;;;;;;;;;;;;;;Islands;;
;;;;;;;;;;;;;;;;;;;Islands;;
;;;;;;;;;;;;;;;;;;;Islands;;
;;;;;;;;;;;;;;;;;;;Islands;;
;;;;;;;;;;;;;;;;;;;Islands;;
;;;;;;;;;;;;;;;;;;;Islands;;
;;;;;;;;;;;;;;;;;;;Islands;;
;;;;;;;;;;;;;;;;;;;Islands;;
;;;;;;;;;;;;;;;;;;;Islands;;
;;;;;;;;;;;;;;;;;;;Islands;;
;;;;;;;;;;;;;;;;;;;Islands;;
;;;;;;;;;;;;;;;;;;;Islands;;
;;;;;;;;;;;;;;;;;;;Islands;;
;;;;;;;;;;;;;;;;;;;Islands;;
;;;;;;;;;;;;;;;;;;;Islands;;
;;;;;;;;;;;;;;;;;;;Islands;;
;;;;;;;;;;;;;;;;;;;Islands;;
;;;;;;;;;;;;;;;;;;;Islands;;
;;;;;;;;;;;;;;;;;;;Islands;;
;;;;;;;;;;;;;;;;;;;Islands;;
;;;;;;;;;;;;;;;;;;;Islands;;
;;;;;;;;;;;;;;;;;;;Islands;;
;;;;;;;;;;;;;;;;;;;Islands;;
;;;;;;;;;;;;;;;;;;;Islands;;
;;;;;;;;;;;;;;;;;;;Islands;;
;;;;;;;;;;;;;;;;;;;Islands;;
;;;;;;;;;;;;;;;;;;;Islands;;
;;;;;;;;;;;;;;;;;;;Islands;;
;;;;;;;;;;;;;;;;;;;Islands;;
;;;;;;;;;;;;;;;;;;;Islands;;
;;;;;;;;;;;;;;;;;;;Islands;;
;;;;;;;;;;;;;;;;;;;Islands;;
;;;;;;;;;;;;;;;;;;;Islands;;
;;;;;;;;;;;;;;;;;;;Islands;;
;;;;;;;;;;;;;;;;;;;Islands;;
;;;;;;;;;;;;;;;;;;;Islands;;
;;;;;;;;;;;;;;;;;;;Islands;;
;;;;;;;;;;;;;;;;;;;Islands;;
;;;;;;;;;;;;;;;;;;;Islands;;
;;;;;;;;;;;;;;;;;;;Islands;;
;;;;;;;;;;;;;;;;;;;Islands;;
;;;;;;;;;;;;;;;;;;;Islands;;
;;;;;;;;;;;;;;;;;;;Islands;;
;;;;;;;;;;;;;;;;;;;Islands;;
;;;;;;;;;;;;;;;;;;;Islands;;
;;;;;;;;;;;;;;;;;;;Islands;;
;;;;;;;;;;;;;;;;;;;Islands;;
;;;;;;;;;;;;;;;;;;;Islands;;
;;;;;;;;;;;;;;;;;;;Islands;;
;;;;;;;;;;;;;;;;;;;Islands;;
;;;;;;;;;;;;;;;;;;;Islands;;
;;;;;;;;;;;;;;;;;;;Islands;;
;;;;;;;;;;;;;;;;;;;Islands;;
;;;;;;;;;;;;;;;;;;;Islands;;
;;;;;;;;;;;;;;;;;;;Islands;;
;;;;;;;;;;;;;;;;;;;Islands;;
;;;;;;;;;;;;;;;;;;;Islands;;
;;;;;;;;;;;;;;;;;;;Islands;;
;;;;;;;;;;;;;;;;;;;Islands;;
;;;;;;;;;;;;;;;;;;;Islands;;
;;;;;;;;;;;;;;;;;;;Islands;;
;;;;;;;;;;;;;;;;;;;Islands;;
;;;;;;;;;;;;;;;;;;;Islands;;
;;;;;;;;;;;;;;;;;;;Islands;;
;;;;;;;;;;;;;;;;;;;Islands;;
;;;;;;;;;;;;;;;;;;;Islands;;
;;;;;;;;;;;;;;;;;;;Islands;;
;;;;;;;;;;;;;;;;;;;Islands;;
;;;;;;;;;;;;;;;;;;;Islands;;
;;;;;;;;;;;;;;;;;;;Islands;;
;;;;;;;;;;;;;;;;;;;Islands;;
;;;;;;;;;;;;;;;;;;;Islands;;
;;;;;;;;;;;;;;;;;;;Islands;;
;;;;;;;;;;;;;;;;;;;Islands;;
;;;;;;;;;;;;;;;;;;;Islands;;
;;;;;;;;;;;;;;;;;;;Islands;;
;;;;;;;;;;;;;;;;;;;Islands;;
;;;;;;;;;;;;;;;;;;;Islands;;
;;;;;;;;;;;;;;;;;;;Islands;;
;;;;;;;;;;;;;;;;;;;Islands;;
;;;;;;;;;;;;;;;;;;;Islands;;
;;;;;;;;;;;;;;;;;;;Islands;;
;;;;;;;;;;;;;;;;;;;Islands;;
;;;;;;;;;;;;;;;;;;;Islands;;
;;;;;;;;;;;;;;;;;;;Islands;;
;;;;;;;;;;;;;;;;;;;Islands;;
;;;;;;;;;;;;;;;;;;;Islands;;
;;;;;;;;;;;;;;;;;;;Islands;;
;;;;;;;;;;;;;;;;;;;Islands;;
;;;;;;;;;;;;;;;;;;;Islands;;
;;;;;;;;;;;;;;;;;;;Islands;;
;;;;;;;;;;;;;;;;;;;Islands;;
;;;;;;;;;;;;;;;;;;;Islands;;
;;;;;;;;;;;;;;;;;;;Islands;;
;;;;;;;;;;;;;;;;;;;Islands;;
;;;;;;;;;;;;;;;;;;;Islands;;
;;;;;;;;;;;;;;;;;;;Islands;;
;;;;;;;;;;;;;;;;;;;Islands;;
;;;;;;;;;;;;;;;;;;;Islands;;
;;;;;;;;;;;;;;;;;;;Islands;;
;;;;;;;;;;;;;;;;;;;Islands;;
;;;;;;;;;;;;;;;;;;;Islands;;
;;;;;;;;;;;;;;;;;;;Islands;;
;;;;;;;;;;;;;;;;;;;Islands;;
;;;;;;;;;;;;;;;;;;;Islands;;
;;;;;;;;;;;;;;;;;;;Islands;;
;;;;;;;;;;;;;;;;;;;Islands;;
;;;;;;;;;;;;;;;;;;;Islands;;
;;;;;;;;;;;;;;;;;;;Islands;;
;;;;;;;;;;;;;;;;;;;Islands;;
;;;;;;;;;;;;;;;;;;;Islands;;
;;;;;;;;;;;;;;;;;;;Islands;;
;;;;;;;;;;;;;;;;;;;Islands;;
;;;;;;;;;;;;;;;;;;;Islands;;
;;;;;;;;;;;;;;;;;;;Islands;;
;;;;;;;;;;;;;;;;;;;Islands;;
;;;;;;;;;;;;;;;;;;;Islands;;
;;;;;;;;;;;;;;;;;;;Islands;;
;;;;;;;;;;;;;;;;;;;Islands;;
;;;;;;;;;;;;;;;;;;;Islands;;
;;;;;;;;;;;;;;;;;;;Islands;;
;;;;;;;;;;;;;;;;;;;Islands;;
;;;;;;;;;;;;;;;;;;;Islands;;
;;;;;;;;;;;;;;;;;;;Islands;;
;;;;;;;;;;;;;;;;;;;Islands;;
;;;;;;;;;;;;;;;;;;;Islands;;
;;;;;;;;;;;;;;;;;;;Islands;;
;;;;;;;;;;;;;;;;;;;Islands;;
;;;;;;;;;;;;;;;;;;;Islands;;
;;;;;;;;;;;;;;;;;;;Islands;;
;;;;;;;;;;;;;;;;;;;Islands;;
;;;;;;;;;;;;;;;;;;;Islands;;
;;;;;;;;;;;;;;;;;;;Islands;;
;;;;;;;;;;;;;;;;;;;Islands;;
;;;;;;;;;;;;;;;;;;;Islands;;
;;;;;;;;;;;;;;;;;;;Islands;;
;;;;;;;;;;;;;;;;;;;Islands;;
;;;;;;;;;;;;;;;;;;;Islands;;
;;;;;;;;;;;;;;;;;;;Islands;;
;;;;;;;;;;;;;;;;;;;Islands;;
;;;;;;;;;;;;;;;;;;;Islands;;
;;;;;;;;;;;;;;;;;;;Islands;;
;;;;;;;;;;;;;;;;;;;Islands;;
;;;;;;;;;;;;;;;;;;;Islands;;
;;;;;;;;;;;;;;;;;;;Islands;;
;;;;;;;;;;;;;;;;;;;Islands;;
;;;;;;;;;;;;;;;;;;;Islands;;
;;;;;;;;;;;;;;;;;;;Islands;;
;;;;;;;;;;;;;;;;;;;Islands;;
;;;;;;;;;;;;;;;;;;;Islands;;
;;;;;;;;;;;;;;;;;;;Islands;;
;;;;;;;;;;;;;;;;;;;Islands;;
;;;;;;;;;;;;;;;;;;;Islands;;
;;;;;;;;;;;;;;;;;;;Islands;;
;;;;;;;;;;;;;;;;;;;Islands;;
;;;;;;;;;;;;;;;;;;;Islands;;
;;;;;;;;;;;;;;;;;;;Islands;;
;;;;;;;;;;;;;;;;;;;Islands;;
;;;;;;;;;;;;;;;;;;;Islands;;
;;;;;;;;;;;;;;;;;;;Islands;;
;;;;;;;;;;;;;;;;;;;Islands;;
;;;;;;;;;;;;;;;;;;;Islands;;
;;;;;;;;;;;;;;;;;;;Islands;;
;;;;;;;;;;;;;;;;;;;Islands;;
;;;;;;;;;;;;;;;;;;;Islands;;
;;;;;;;;;;;;;;;;;;;Islands;;
;;;;;;;;;;;;;;;;;;;Islands;;
;;;;;;;;;;;;;;;;;;;Islands;;
