Date;Time;G;Tournament;Map;Mode;Opponent;;Vs. Opponent;VOD;Civ1;Civ2;Win;Mirror;Civ List;Picks;Wins;Win Rate;CDPS Score;Kawasan;Total matches;202
12/12/2025;18:00 UTC;[Age of Empires II];1v1 HunCup 2025 [1v1 HunCup 2025];Kawasan [Kawasan];1v1;Latig [Latig (page does not exist)] [Hungary] [Hungary] [Byzantines] [Byzantines];<;dave_hun [Dravidians] [Dravidians] [Hungary] [Hungary] [Dave hun];(G1) [Watch VOD] [Watch VOD];Byzantines;Dravidians;Dravidians;FALSE;Armenians;1;0;0%;0,00;Kawasan;;
06/12/2025;20:00 UTC;[Age of Empires II];1v1 HunCup 2025 [1v1 HunCup 2025];Kawasan [Kawasan];1v1;SchleK [SchleK (page does not exist)] [Hungary] [Hungary] [Byzantines] [Byzantines];<;rosso [Japanese] [Japanese] [Hungary] [Hungary] [Rosso (page does not exist)];(G3) [Watch VOD] [Watch VOD];Byzantines;Japanese;Japanese;FALSE;Aztecs;14;7;50%;58,99;Kawasan;;
17/11/2025;17:30 UTC;[Age of Empires II];1v1 HunCup 2025: Swiss Stage [1v1 HunCup 2025/Swiss Stage];Kawasan [Kawasan];1v1;Hrafn_the_Berzerker [Hrafn the Berzerker (page does not exist)] [Hungary] [Hungary] [Byzantines] [Byzantines];>;wawa90 [Aztecs] [Aztecs] [Hungary] [Hungary] [Wawa90 (page does not exist)];(G2) [Watch VOD] [Watch VOD];Byzantines;Aztecs;Byzantines;FALSE;Bengalis;3;2;67%;58,07;Kawasan;;
16/11/2025;20:00 UTC;[Age of Empires II];1v1 HunCup 2025: Swiss Stage [1v1 HunCup 2025/Swiss Stage];Kawasan [Kawasan];1v1;Koiponty [Koiponty (page does not exist)] [Hungary] [Hungary] [Portuguese] [Portuguese];<;SchleK [Byzantines] [Byzantines] [Hungary] [Hungary] [SchleK (page does not exist)];(G3) [Watch VOD] [Watch VOD];Portuguese;Byzantines;Byzantines;FALSE;Berbers;13;7;54%;61,25;Kawasan;;
14/11/2025;20:00 UTC;[Age of Empires II];1v1 HunCup 2025: Swiss Stage [1v1 HunCup 2025/Swiss Stage];Kawasan [Kawasan];1v1;Adel [Adel (page does not exist)] [Hungary] [Hungary] [Burmese] [Burmese];<;Lui [Lithuanians] [Lithuanians] [Hungary] [Hungary] [Lui (page does not exist)];(G1) [Watch VOD] [Watch VOD];Burmese;Lithuanians;Lithuanians;FALSE;Bohemians;0;0;0%;0,00;Kawasan;;
10/11/2025;19:00 UTC;[Age of Empires II];1v1 HunCup 2025: Swiss Stage [1v1 HunCup 2025/Swiss Stage];Kawasan [Kawasan];1v1;FishWithoutMercy [FishWithoutMercy (page does not exist)] [Hungary] [Hungary] [Franks] [Franks];<;Rideg [Mongols] [Mongols] [Hungary] [Hungary] [Rideg];(G1) [Watch VOD] [Watch VOD];Franks;Mongols;Mongols;FALSE;Britons;2;1;50%;52,99;Kawasan;;
09/11/2025;20:00 UTC;[Age of Empires II];1v1 HunCup 2025: Swiss Stage [1v1 HunCup 2025/Swiss Stage];Kawasan [Kawasan];1v1;Marty McFly [Marty McFly (page does not exist)] [Slovakia] [Slovakia] [Ethiopians] [Ethiopians];<;Latig [Franks] [Franks] [Hungary] [Hungary] [Latig (page does not exist)];(G1) [Watch VOD] [Watch VOD];Ethiopians;Franks;Franks;FALSE;Bulgarians;2;1;50%;52,99;Kawasan;;
09/11/2025;18:05 UTC;[Age of Empires II];MEGA LAN 2025: Mexico City [MEGA LAN 2025/Mexico City];Kawasan [Kawasan];1v1;Kingstone [KingstoNe] [Mexico] [Mexico] [Mongols] [Mongols];>;dogao [Japanese] [Japanese] [Brazil] [Brazil] [Dogao];(G4) [Watch VOD] [Watch VOD];Mongols;Japanese;Mongols;FALSE;Burgundians;1;0;0%;0,00;Kawasan;;
07/11/2025;17:00 UTC;[Age of Empires II];1v1 HunCup 2025: Swiss Stage [1v1 HunCup 2025/Swiss Stage];Kawasan [Kawasan];1v1;SchleK [SchleK (page does not exist)] [Hungary] [Hungary] [Byzantines] [Byzantines];>;Salytmacska [Lithuanians] [Lithuanians] [Hungary] [Hungary] [Salytmacska (page does not exist)];(G1) [Watch VOD] [Watch VOD];Byzantines;Lithuanians;Byzantines;FALSE;Burmese;3;2;67%;58,07;Kawasan;;
29/10/2025;19:00 UTC;[Age of Empires II];1v1 HunCup 2025: Swiss Stage [1v1 HunCup 2025/Swiss Stage];Kawasan [Kawasan];1v1;Koiponty [Koiponty (page does not exist)] [Hungary] [Hungary] [Bulgarians] [Bulgarians];<;John [Mayans] [Mayans] [Hungary] [Hungary] [John];(G3) [Watch VOD] [Watch VOD];Bulgarians;Mayans;Mayans;FALSE;Byzantines;36;18;50%;62,75;Kawasan;;
28/10/2025;19:00 UTC;[Age of Empires II];1v1 HunCup 2025: Swiss Stage [1v1 HunCup 2025/Swiss Stage];Kawasan [Kawasan];1v1;Att_os [Att os (page does not exist)] [Hungary] [Hungary] [Romans] [Romans];<;SchleK [Byzantines] [Byzantines] [Hungary] [Hungary] [SchleK (page does not exist)];(G1) [Watch VOD] [Watch VOD];Romans;Byzantines;Byzantines;FALSE;Celts;6;1;17%;7,31;Kawasan;;
28/10/2025;17:00 UTC;[Age of Empires II];1v1 HunCup 2025: Swiss Stage [1v1 HunCup 2025/Swiss Stage];Kawasan [Kawasan];1v1;Nessius Blaze [Nessius Blaze (page does not exist)] [Hungary] [Hungary] [Armenians] [Armenians];<;FishWithoutMercy [Japanese] [Japanese] [Hungary] [Hungary] [FishWithoutMercy (page does not exist)];(G1) [Watch VOD] [Watch VOD];Armenians;Japanese;Japanese;FALSE;Chinese;4;2;50%;54,74;Kawasan;;
26/10/2025;15:00 UTC;[Age of Empires II];1v1 HunCup 2025: Swiss Stage [1v1 HunCup 2025/Swiss Stage];Kawasan [Kawasan];1v1;Hrafn_the_Berzerker [Hrafn the Berzerker (page does not exist)] [Hungary] [Hungary] [Byzantines] [Byzantines];>;Adel [Magyars] [Magyars] [Hungary] [Hungary] [Adel (page does not exist)];(G3) [Watch VOD] [Watch VOD];Byzantines;Magyars;Byzantines;FALSE;Cumans;3;1;33%;34,61;Kawasan;;
22/10/2025;16:00 UTC;[Age of Empires II];1v1 HunCup 2025: Swiss Stage [1v1 HunCup 2025/Swiss Stage];Kawasan [Kawasan];1v1;witcherkiller [Witcherkiller (page does not exist)] [Hungary] [Hungary] [Dravidians] [Dravidians];<;overkill [Portuguese] [Portuguese] [Hungary] [Hungary] [Overkill (page does not exist)];(G2) [Watch VOD] [Watch VOD];Dravidians;Portuguese;Portuguese;FALSE;Dravidians;16;6;38%;44,28;Kawasan;;
19/10/2025;16:00 UTC;[Age of Empires II];1v1 HunCup 2025: Swiss Stage [1v1 HunCup 2025/Swiss Stage];Kawasan [Kawasan];1v1;krysuxie [Krysuxie (page does not exist)] [Hungary] [Hungary] [Japanese] [Japanese];<;Latig [Persians] [Persians] [Hungary] [Hungary] [Latig (page does not exist)];(G1) [Watch VOD] [Watch VOD];Japanese;Persians;Persians;FALSE;Ethiopians;3;0;0%;0,00;Kawasan;;
11/10/2025;14:00 UTC;[Age of Empires II];1v1 HunCup 2025: Swiss Stage [1v1 HunCup 2025/Swiss Stage];Kawasan [Kawasan];1v1;Hrafn_the_Berzerker [Hrafn the Berzerker (page does not exist)] [Hungary] [Hungary] [Italians] [Italians];<;peppsi96 [Khitans] [Khitans] [Hungary] [Hungary] [Peppsi96 (page does not exist)];(G2) [Watch VOD] [Watch VOD];Italians;Khitans;Khitans;FALSE;Franks;26;17;65%;75,03;Kawasan;;
25/09/2025;18:00 UTC;[Age of Empires II];1v1 HunCup 2025: Swiss Stage [1v1 HunCup 2025/Swiss Stage];Kawasan [Kawasan];1v1;Lui [Lui (page does not exist)] [Hungary] [Hungary] [Persians] [Persians];>;wawa90 [Georgians] [Georgians] [Hungary] [Hungary] [Wawa90 (page does not exist)];(G1) [Watch VOD] [Watch VOD];Persians;Georgians;Persians;FALSE;Georgians;10;5;50%;57,75;Kawasan;;
21/09/2025;19:00 UTC;[Age of Empires II];1v1 HunCup 2025: Swiss Stage [1v1 HunCup 2025/Swiss Stage];Kawasan [Kawasan];1v1;Nessius Blaze [Nessius Blaze (page does not exist)] [Hungary] [Hungary] [Wu] [Wu];<;Hrafn_the_Berzerker [Byzantines] [Byzantines] [Hungary] [Hungary] [Hrafn the Berzerker (page does not exist)];(G3) [Watch VOD] [Watch VOD];Wu;Byzantines;Byzantines;FALSE;Goths;1;0;0%;0,00;Kawasan;;
14/09/2025;17:00 UTC;[Age of Empires II];1v1 HunCup 2025: Swiss Stage [1v1 HunCup 2025/Swiss Stage];Kawasan [Kawasan];1v1;witcherkiller [Witcherkiller (page does not exist)] [Hungary] [Hungary] [Chinese] [Chinese];<;TheTivadar [Portuguese] [Portuguese] [Hungary] [Hungary] [TheTivadar (page does not exist)];(G1) [Watch VOD] [Watch VOD];Chinese;Portuguese;Portuguese;FALSE;Gurjaras;2;1;50%;52,99;Kawasan;;
11/09/2025;19:00 UTC;[Age of Empires II];1v1 HunCup 2025: Swiss Stage [1v1 HunCup 2025/Swiss Stage];Kawasan [Kawasan];1v1;Hrafn_the_Berzerker [Hrafn the Berzerker (page does not exist)] [Hungary] [Hungary] [Dravidians] [Dravidians];<;Rideg [Malians] [Malians] [Hungary] [Hungary] [Rideg];(G2) [Watch VOD] [Watch VOD];Dravidians;Malians;Malians;FALSE;Hindustanis;4;1;25%;18,35;Kawasan;;
07/09/2025;18:00 UTC;[Age of Empires II];1v1 HunCup 2025: Swiss Stage [1v1 HunCup 2025/Swiss Stage];Kawasan [Kawasan];1v1;Jugger [Jugger (Hungarian Player) (page does not exist)] [Hungary] [Hungary] [Romans] [Romans];<;Latig [Japanese] [Japanese] [Hungary] [Hungary] [Latig (page does not exist)];(G3) [Watch VOD] [Watch VOD];Romans;Japanese;Japanese;FALSE;Huns;16;13;81%;82,30;Kawasan;;
07/09/2025;17:00 UTC;[Age of Empires II];1v1 HunCup 2025: Swiss Stage [1v1 HunCup 2025/Swiss Stage];Kawasan [Kawasan];1v1;krysuxie [Krysuxie (page does not exist)] [Hungary] [Hungary] [Japanese] [Japanese];<;GyoreE [Chinese] [Chinese] [Hungary] [Hungary] [GyoreE (page does not exist)];(G2) [Watch VOD] [Watch VOD];Japanese;Chinese;Chinese;FALSE;Incas;5;2;40%;51,74;Kawasan;;
02/09/2025;;[Age of Empires II];Argeking Cup VI [Argeking Cup/6];Kawasan [Kawasan];1v1;deaKer [DeaKer] [Argentina] [Argentina] [Portuguese] [Portuguese];>;Tatengue [Lithuanians] [Lithuanians] [Argentina] [Argentina] [Tatengue];(G1) [Watch VOD] [Watch VOD];Portuguese;Lithuanians;Portuguese;FALSE;Italians;12;4;33%;33,22;Kawasan;;
25/08/2025;22:15 UTC;[Age of Empires II];Argeking Cup VI [Argeking Cup/6];Kawasan [Kawasan];1v1;Carbo [Carbo] [Argentina] [Argentina] [Japanese] [Japanese];>;Twigg [Italians] [Italians] [Argentina] [Argentina] [Twigg];(G1) [Watch VOD] [Watch VOD];Japanese;Italians;Japanese;FALSE;Japanese;45;22;49%;62,51;Kawasan;;
05/08/2025;20:00 UTC;[Age of Empires II];Argeking Cup VI [Argeking Cup/6];Kawasan [Kawasan];1v1;Anakin [Anakin] [Argentina] [Argentina] [Wu] [Wu];>;Avee [Persians] [Persians] [Argentina] [Argentina] [Avee (page does not exist)];(G5) [Watch VOD] [Watch VOD];Wu;Persians;Wu;FALSE;Jurchens;0;0;0%;0,00;Kawasan;;
04/08/2025;01:00 UTC;[Age of Empires II];Argeking Cup VI: Qualifier [Argeking Cup/6/Qualifier];Kawasan [Kawasan];1v1;Landy [Landy (page does not exist)] [Argentina] [Argentina] [Portuguese] [Portuguese];<;TomS [Malians] [Malians] [Argentina] [Argentina] [TomS];(G2) [Watch VOD] [Watch VOD];Portuguese;Malians;Malians;FALSE;Khitans;1;1;100%;56,41;Kawasan;;
29/07/2025;13:00 UTC;[Age of Empires II];LingHe Cup [LingHe Cup];Kawasan [Kawasan];1v1;lyx [Lyx] [China] [China] [Malay] [Malay];<;XuanLv [Franks] [Franks] [China] [China] [XuanLv (page does not exist)];(G2) [Watch VOD] [Watch VOD];Malay;Franks;Franks;FALSE;Khmer;4;2;50%;54,74;Kawasan;;
27/07/2025;14:45 UTC;[Age of Empires II];LingHe Cup [LingHe Cup];Kawasan [Kawasan];1v1;IBUYPOWER [IBUYPOWER] [China] [China] [Persians] [Persians];<;lyx [Malay] [Malay] [China] [China] [Lyx];(G4) [Watch VOD] [Watch VOD];Persians;Malay;Malay;FALSE;Koreans;0;0;0%;0,00;Kawasan;;
26/07/2025;14:00 UTC;[Age of Empires II];LingHe Cup [LingHe Cup];Kawasan [Kawasan];1v1;Youpudding [Youpudding] [Taiwan] [Taiwan] [Persians] [Persians];>;IBUYPOWER [Persians] [Persians] [China] [China] [IBUYPOWER];(G1) [Watch VOD] [Watch VOD];Persians;Persians;Persians;TRUE;Lithuanians;29;13;45%;57,12;Kawasan;;
25/07/2025;15:30 UTC;[Age of Empires II];LingHe Cup [LingHe Cup];Kawasan [Kawasan];1v1;Z40 [Z40] [Taiwan] [Taiwan] [Portuguese] [Portuguese];>;MING [Byzantines] [Byzantines] [Hong Kong] [Hong Kong] [Ming (Hong Kongese player)];(G1) [Watch VOD] [Watch VOD];Portuguese;Byzantines;Portuguese;FALSE;Magyars;7;3;43%;53,19;Kawasan;;
25/07/2025;12:00 UTC;[Age of Empires II];LingHe Cup [LingHe Cup];Kawasan [Kawasan];1v1;lyx [Lyx] [China] [China] [Portuguese] [Portuguese];<;XuanLv [Portuguese] [Portuguese] [China] [China] [XuanLv (page does not exist)];(G4) [Watch VOD] [Watch VOD];Portuguese;Portuguese;Portuguese;TRUE;Malay;6;2;33%;34,05;Kawasan;;
22/07/2025;14:30 UTC;[Age of Empires II];LingHe Cup [LingHe Cup];Kawasan [Kawasan];1v1;Bad Koala [Bad Koala] [China] [China] [Japanese] [Japanese];<;Beigu [Portuguese] [Portuguese] [China] [China] [Beigu (page does not exist)];(G3) [Watch VOD] [Watch VOD];Japanese;Portuguese;Portuguese;FALSE;Malians;24;12;50%;61,10;Kawasan;;
21/07/2025;01:00 UTC;[Age of Empires II];Argeking Cup VI: Qualifier [Argeking Cup/6/Qualifier];Kawasan [Kawasan];1v1;Watters [Watters (page does not exist)] [Argentina] [Argentina] [Byzantines] [Byzantines];<;TomS [Celts] [Celts] [Argentina] [Argentina] [TomS];(G1) [Watch VOD] [Watch VOD];Byzantines;Celts;Celts;FALSE;Mapuche;0;0;0%;0,00;Kawasan;;
19/07/2025;16:00 UTC;[Age of Empires II];Argeking Cup VI: Qualifier [Argeking Cup/6/Qualifier];Kawasan [Kawasan];1v1;Atila Fiorito [Atila Fiorito (page does not exist)] [Argentina] [Argentina] [Georgians] [Georgians];<;Nuńez Knight [Lithuanians] [Lithuanians] [Argentina] [Argentina] [NunezKnight];(G1) [Watch VOD] [Watch VOD];Georgians;Lithuanians;Lithuanians;FALSE;Mayans;4;1;25%;18,35;Kawasan;;
18/07/2025;12:00 UTC;[Age of Empires II];LingHe Cup [LingHe Cup];Kawasan [Kawasan];1v1;Beigu [Beigu (page does not exist)] [China] [China] [Japanese] [Japanese];<;Daniel [Persians] [Persians] [United States] [United States] [Daniel];(G2) [Watch VOD] [Watch VOD];Japanese;Persians;Persians;FALSE;Mongols;6;4;67%;62,94;Kawasan;;
17/07/2025;02:00 UTC;[Age of Empires II];Argeking Cup VI: Qualifier [Argeking Cup/6/Qualifier];Kawasan [Kawasan];1v1;Anakin [Anakin] [Argentina] [Argentina] [Wu] [Wu];>;Johnix.ramone [Italians] [Italians] [Argentina] [Argentina] [Johnix.ramone (page does not exist)];(G1) [Watch VOD] [Watch VOD];Wu;Italians;Wu;FALSE;Muisca;0;0;0%;0,00;Kawasan;;
15/07/2025;01:30 UTC;[Age of Empires II];Argeking Cup VI: Qualifier [Argeking Cup/6/Qualifier];Kawasan [Kawasan];1v1;Acti [Acti (page does not exist)] [Argentina] [Argentina] [Berbers] [Berbers];<;Onion [Japanese] [Japanese] [Argentina] [Argentina] [Onion (page does not exist)];(G3) [Watch VOD] [Watch VOD];Berbers;Japanese;Japanese;FALSE;Persians;41;19;45%;59,57;Kawasan;;
14/07/2025;23:00 UTC;[Age of Empires II];Argeking Cup VI: Qualifier [Argeking Cup/6/Qualifier];Kawasan [Kawasan];1v1;GabrielXbox4294 [GabrielXbox4294 (page does not exist)] [Argentina] [Argentina] [Celts] [Celts];<;Rodrigus [Franks] [Franks] [Argentina] [Argentina] [Rodrigus];(G2) [Watch VOD] [Watch VOD];Celts;Franks;Franks;FALSE;Poles;1;0;0%;0,00;Kawasan;;
26/06/2025;16:30 UTC;[Age of Empires II];Medieval Masters [Medieval Masters];Kawasan [Kawasan];1v1;Nicov [Nicov] [Argentina] [Argentina] [Japanese] [Japanese];<;Liereyy [Wu] [Wu] [Austria] [Austria] [Liereyy];(G3) [Watch VOD] [Watch VOD];Japanese;Wu;Wu;FALSE;Portuguese;36;24;68%;79,08;Kawasan;;
25/06/2025;18:00 UTC;[Age of Empires II];Medieval Masters [Medieval Masters];Kawasan [Kawasan];1v1;FreakinAndy [FreakinAndy] [Austria] [Austria] [Georgians] [Georgians];<;Hera [Mongols] [Mongols] [Canada] [Canada] [Hera];(G2) [Watch VOD] [Watch VOD];Georgians;Mongols;Mongols;FALSE;Puru;0;0;0%;0,00;Kawasan;;
25/06/2025;15:00 UTC;[Age of Empires II];Medieval Masters [Medieval Masters];Kawasan [Kawasan];1v1;Hearttt [Hearttt] [Peru] [Peru] [Dravidians] [Dravidians];<;TaToH [Persians] [Persians] [Spain] [Spain] [TaToH];(G3) [Watch VOD] [Watch VOD];Dravidians;Persians;Persians;FALSE;Romans;2;0;0%;0,00;Kawasan;;
24/06/2025;18:30 UTC;[Age of Empires II];Medieval Masters [Medieval Masters];Kawasan [Kawasan];1v1;JorDan_AoE [JorDan AoE] [Germany] [Germany] [Portuguese] [Portuguese];<;Barles [Wu] [Wu] [Poland] [Poland] [Barles];(G1) [Watch VOD] [Watch VOD];Portuguese;Wu;Wu;FALSE;Saracens;6;3;50%;55,99;Kawasan;;
24/06/2025;15:00 UTC;[Age of Empires II];Medieval Masters [Medieval Masters];Kawasan [Kawasan];1v1;Sebastian [Sebastian] [Uruguay] [Uruguay] [Byzantines] [Byzantines];<;Liereyy [Japanese] [Japanese] [Austria] [Austria] [Liereyy];(G3) [Watch VOD] [Watch VOD];Byzantines;Japanese;Japanese;FALSE;Shu;0;0;0%;0,00;Kawasan;;
23/06/2025;16:40 UTC;[Age of Empires II];Medieval Masters [Medieval Masters];Kawasan [Kawasan];1v1;dogao [Dogao] [Brazil] [Brazil] [Japanese] [Japanese];<;Nicov [Dravidians] [Dravidians] [Argentina] [Argentina] [Nicov];(G2) [Watch VOD] [Watch VOD];Japanese;Dravidians;Dravidians;FALSE;Sicilians;1;0;0%;0,00;Kawasan;;
23/06/2025;15:35 UTC;[Age of Empires II];Medieval Masters [Medieval Masters];Kawasan [Kawasan];1v1;Lucho [Lucho] [Argentina] [Argentina] [Byzantines] [Byzantines];<;FreakinAndy [Wu] [Wu] [Austria] [Austria] [FreakinAndy];(G2) [Watch VOD] [Watch VOD];Byzantines;Wu;Wu;FALSE;Slavs;0;0;0%;0,00;Kawasan;;
01/06/2025;16:50 UTC;[Age of Empires II];Warlords IV [Warlords/4];Kawasan [Kawasan];1v1;Yo [Yo] [China] [China] [Incas] [Incas];<;Hera [Mongols] [Mongols] [Canada] [Canada] [Hera];(G6) [Watch VOD] [Watch VOD];Incas;Mongols;Mongols;FALSE;Spanish;3;1;33%;34,61;Kawasan;;
01/06/2025;15:00 UTC;[Age of Empires II];Warlords IV [Warlords/4];Kawasan [Kawasan];1v1;Liereyy [Liereyy] [Austria] [Austria] [Persians] [Persians];<;TaToH [Malay] [Malay] [Spain] [Spain] [TaToH];(G3) [Watch VOD] [Watch VOD];Persians;Malay;Malay;FALSE;Tatars;4;2;50%;54,74;Kawasan;;
30/05/2025;18:30 UTC;[Age of Empires II];Warlords IV [Warlords/4];Kawasan [Kawasan];1v1;Hearttt [Hearttt] [Peru] [Peru] [Celts] [Celts];<;Liereyy [Georgians] [Georgians] [Austria] [Austria] [Liereyy];(G4) [Watch VOD] [Watch VOD];Celts;Georgians;Georgians;FALSE;Teutons;2;1;50%;52,99;Kawasan;;
29/05/2025;18:00 UTC;[Age of Empires II];Warlords IV [Warlords/4];Kawasan [Kawasan];1v1;Vinchester [Vinchester] [Russia] [Russia] [Georgians] [Georgians];>;Hera [Lithuanians] [Lithuanians] [Canada] [Canada] [Hera];(G3) [Watch VOD] [Watch VOD];Georgians;Lithuanians;Georgians;FALSE;Tupi;0;0;0%;0,00;Kawasan;;
29/05/2025;15:05 UTC;[Age of Empires II];Warlords IV [Warlords/4];Kawasan [Kawasan];1v1;Sitaux [Sitaux] [France] [France] [Georgians] [Georgians];<;TaToH [Malians] [Malians] [Spain] [Spain] [TaToH];(G4) [Watch VOD] [Watch VOD];Georgians;Malians;Malians;FALSE;Turks;1;1;100%;56,41;Kawasan;;
25/05/2025;14:10 UTC;[Age of Empires II];Warlords IV [Warlords/4];Kawasan [Kawasan];1v1;ACCM [ACCM] [Vietnam] [Vietnam] [Persians] [Persians];<;TheViper [Portuguese] [Portuguese] [Norway] [Norway] [TheViper];(G5) [Watch VOD] [Watch VOD];Persians;Portuguese;Portuguese;FALSE;Vietnamese;2;0;0%;0,00;Kawasan;;
23/05/2025;14:05 UTC;[Age of Empires II];Warlords IV [Warlords/4];Kawasan [Kawasan];1v1;Mihai06 [Mihai06] [Romania] [Romania] [Japanese] [Japanese];<;TheViper [Wu] [Wu] [Norway] [Norway] [TheViper];(G4) [Watch VOD] [Watch VOD];Japanese;Wu;Wu;FALSE;Vikings;0;0;0%;0,00;Kawasan;;
21/05/2025;17:00 UTC;[Age of Empires II];Warlords IV [Warlords/4];Kawasan [Kawasan];1v1;JorDan_AoE [JorDan AoE] [Germany] [Germany] [Byzantines] [Byzantines];>;TaToH [Malians] [Malians] [Spain] [Spain] [TaToH];(G5) [Watch VOD] [Watch VOD];Byzantines;Malians;Byzantines;FALSE;Wei;0;0;0%;0,00;Kawasan;;
20/05/2025;15:00 UTC;[Age of Empires II];Warlords IV [Warlords/4];Kawasan [Kawasan];1v1;Mihai06 [Mihai06] [Romania] [Romania] [Italians] [Italians];>;ACCM [Portuguese] [Portuguese] [Vietnam] [Vietnam] [ACCM];(G1) [Watch VOD] [Watch VOD];Italians;Portuguese;Italians;FALSE;Wu;7;6;86%;73,02;Kawasan;;
11/05/2025;16:10 UTC;[Age of Empires II];Warlords IV: Qualifier #3 [Warlords/4/Qualifier/3];Kawasan [Kawasan];1v1;dogao [Dogao] [Brazil] [Brazil] [Italians] [Italians];<;Sitaux [Malians] [Malians] [France] [France] [Sitaux];(G2) [Watch VOD] [Watch VOD];Italians;Malians;Malians;FALSE;;;;;;Kawasan;;
04/05/2025;13:00 UTC;[Age of Empires II];Warlords IV: Qualifier #2 [Warlords/4/Qualifier/2];Kawasan [Kawasan];1v1;Mihai06 [Mihai06] [Romania] [Romania] [Italians] [Italians];>;Vinchester [Malians] [Malians] [Russia] [Russia] [Vinchester];(G2) [Watch VOD] [Watch VOD];Italians;Malians;Italians;FALSE;;;;;;Kawasan;;
03/05/2025;16:20 UTC;[Age of Empires II];Warlords IV: Qualifier #2 [Warlords/4/Qualifier/2];Kawasan [Kawasan];1v1;Sora Kuma [Sora Kuma] [Taiwan] [Taiwan] [Japanese] [Japanese];<;JorDan_AoE [Portuguese] [Portuguese] [Germany] [Germany] [JorDan AoE];(G1) [Watch VOD] [Watch VOD];Japanese;Portuguese;Portuguese;FALSE;;;;;;Kawasan;;
02/05/2025;16:00 UTC;[Age of Empires II];Warlords IV: Qualifier #2 [Warlords/4/Qualifier/2];Kawasan [Kawasan];1v1;GoKu [GoKu] [Brazil] [Brazil] [Portuguese] [Portuguese];<;lyx [Persians] [Persians] [China] [China] [Lyx];(G2) [Watch VOD] [Watch VOD];Portuguese;Persians;Persians;FALSE;;;;;;Kawasan;;
29/04/2025;17:00 UTC;[Age of Empires II];Warlords IV: Qualifier #2 [Warlords/4/Qualifier/2];Kawasan [Kawasan];1v1;GGOut [GGOut] [Sweden] [Sweden] [Bengalis] [Bengalis];<;MBL [Japanese] [Japanese] [Norway] [Norway] [MbL];(G3) [Watch VOD] [Watch VOD];Bengalis;Japanese;Japanese;FALSE;;;;;;Kawasan;;
26/04/2025;15:55 UTC;[Age of Empires II];Warlords IV: Qualifier #1 [Warlords/4/Qualifier/1];Kawasan [Kawasan];1v1;Sitaux [Sitaux] [France] [France] [Italians] [Italians];<;DauT [Portuguese] [Portuguese] [Serbia] [Serbia] [DauT];(G1) [Watch VOD] [Watch VOD];Italians;Portuguese;Portuguese;FALSE;;;;;;Kawasan;;
26/04/2025;14:00 UTC;[Age of Empires II];Warlords IV: Qualifier #1 [Warlords/4/Qualifier/1];Kawasan [Kawasan];1v1;Valas [Valas] [Finland] [Finland] [Persians] [Persians];<;DauT [Japanese] [Japanese] [Serbia] [Serbia] [DauT];(G1) [Watch VOD] [Watch VOD];Persians;Japanese;Japanese;FALSE;;;;;;Kawasan;;
24/04/2025;15:00 UTC;[Age of Empires II];Warlords IV: Qualifier #1 [Warlords/4/Qualifier/1];Kawasan [Kawasan];1v1;Thŕnh C? Qu?ng Tr? [Thŕnh C? Qu?ng Tr?] [Vietnam] [Vietnam] [Japanese] [Japanese];>;F1Re [Malians] [Malians] [Brazil] [Brazil] [F1Re];(G5) [Watch VOD] [Watch VOD];Japanese;Malians;Japanese;FALSE;;;;;;Kawasan;;
17/11/2024;13:00 UTC;[Age of Empires II];Battle of Realms [Battle of Realms];Kawasan [Kawasan];1v1;Target331 [Target331] [Germany] [Germany] [Persians] [Persians];>;wisenatic [Persians] [Persians] [Germany] [Germany] [Wisenatic];(G1) [Watch VOD] [Watch VOD];Persians;Persians;Persians;TRUE;;;;;;Kawasan;;
02/11/2024;22:00 UTC;[Age of Empires II];Latin Age Cup [Latin Age Cup];Kawasan [Kawasan];1v1;prisma09 [Prisma09] [Argentina] [Argentina] [Persians] [Persians];>;Ozone [Portuguese] [Portuguese] [Colombia] [Colombia] [Ozone];(G3) [Watch VOD] [Watch VOD];Persians;Portuguese;Persians;FALSE;;;;;;Kawasan;;
02/11/2024;14:00 UTC;[Age of Empires II];Danmarksmesterskaberne 2024 [Danmarksmesterskaberne/2024];Kawasan [Kawasan];1v1;Good_luck [Good luck] [Denmark] [Denmark] [Byzantines] [Byzantines];<;Emil :D [Malians] [Malians] [Denmark] [Denmark] [Emil :D];(G4) [Watch VOD] [Watch VOD];Byzantines;Malians;Malians;FALSE;;;;;;Kawasan;;
04/08/2024;09:00 UTC;[Age of Empires II];SalzZ Cup IV [SalzZ Cup/4];Kawasan [Kawasan];1v1;classicpro [Classicpro] [Ukraine] [Ukraine] [Bengalis] [Bengalis];>;Vinchester [Malay] [Malay] [Russia] [Russia] [Vinchester];(G6) [Watch VOD] [Watch VOD];Bengalis;Malay;Bengalis;FALSE;;;;;;Kawasan;;
07/06/2024;15:00 UTC;[Age of Empires II];Warlords III [Warlords/3];Kawasan [Kawasan];1v1;Vinchester [Vinchester] [Russia] [Russia] [Byzantines] [Byzantines];<;Sebastian [Georgians] [Georgians] [Uruguay] [Uruguay] [Sebastian];(G2) [Watch VOD] [Watch VOD];Byzantines;Georgians;Georgians;FALSE;;;;;;Kawasan;;
03/06/2024;17:40 UTC;[Age of Empires II];Warlords III [Warlords/3];Kawasan [Kawasan];1v1;Hearttt [Hearttt] [Peru] [Peru] [Byzantines] [Byzantines];<;TaToH [Georgians] [Georgians] [Spain] [Spain] [TaToH];(G2) [Watch VOD] [Watch VOD];Byzantines;Georgians;Georgians;FALSE;;;;;;Kawasan;;
03/06/2024;15:00 UTC;[Age of Empires II];Warlords III [Warlords/3];Kawasan [Kawasan];1v1;TheMbL [MbL] [Norway] [Norway] [Malians] [Malians];>;Sitaux [Japanese] [Japanese] [France] [France] [Sitaux];(G2) [Watch VOD] [Watch VOD];Malians;Japanese;Malians;FALSE;;;;;;Kawasan;;
02/06/2024;15:00 UTC;[Age of Empires II];Warlords III [Warlords/3];Kawasan [Kawasan];1v1;FreakinAndy [FreakinAndy] [Austria] [Austria] [Japanese] [Japanese];>;Liereyy [Persians] [Persians] [Austria] [Austria] [Liereyy];(G2) [Watch VOD] [Watch VOD];Japanese;Persians;Japanese;FALSE;;;;;;Kawasan;;
04/05/2024;15:50 UTC;[Age of Empires II];Warlords III: Round Robin Showmatch [Warlords/3/Showmatch/3];Kawasan [Kawasan];1v1;Liereyy [Liereyy] [Austria] [Austria] [Georgians] [Georgians];<;Yo [Byzantines] [Byzantines] [China] [China] [Yo];(G4) [Watch VOD] [Watch VOD];Georgians;Byzantines;Byzantines;FALSE;;;;;;Kawasan;;
03/05/2024;16:20 UTC;[Age of Empires II];Warlords III: Round Robin Showmatch [Warlords/3/Showmatch/3];Kawasan [Kawasan];1v1;Liereyy [Liereyy] [Austria] [Austria] [Persians] [Persians];>;TheViper [Spanish] [Spanish] [Norway] [Norway] [TheViper];(G5) [Watch VOD] [Watch VOD];Persians;Spanish;Persians;FALSE;;;;;;Kawasan;;
03/05/2024;13:30 UTC;[Age of Empires II];Warlords III: Round Robin Showmatch [Warlords/3/Showmatch/3];Kawasan [Kawasan];1v1;TaToH [TaToH] [Spain] [Spain] [Georgians] [Georgians];>;Yo [Japanese] [Japanese] [China] [China] [Yo];(G1) [Watch VOD] [Watch VOD];Georgians;Japanese;Georgians;FALSE;;;;;;Kawasan;;
02/05/2024;18:00 UTC;[Age of Empires II];Warlords III: Qualifier 1 [Warlords/3/Qualifier/1];Kawasan [Kawasan];1v1;wisenatic [Wisenatic] [Germany] [Germany] [Berbers] [Berbers];>;dogao [Persians] [Persians] [Brazil] [Brazil] [Dogao];(G3) [Watch VOD] [Watch VOD];Berbers;Persians;Berbers;FALSE;;;;;;Kawasan;;
01/05/2024;18:00 UTC;[Age of Empires II];Warlords III: Qualifier 1 [Warlords/3/Qualifier/1];Kawasan [Kawasan];1v1;Lucho [Lucho] [Argentina] [Argentina] [Lithuanians] [Lithuanians];>;Pela [Mongols] [Mongols] [Argentina] [Argentina] [Pela];(G4) [Watch VOD] [Watch VOD];Lithuanians;Mongols;Lithuanians;FALSE;;;;;;Kawasan;;
01/05/2024;16:00 UTC;[Age of Empires II];Warlords III: Qualifier 1 [Warlords/3/Qualifier/1];Kawasan [Kawasan];1v1;wide [Wide] [Russia] [Russia] [Malians] [Malians];<;Nahuel05_ [Byzantines] [Byzantines] [Argentina] [Argentina] [Nahuel05];(G2) [Watch VOD] [Watch VOD];Malians;Byzantines;Byzantines;FALSE;;;;;;Kawasan;;
01/05/2024;10:00 UTC;[Age of Empires II];Warlords III: Qualifier 1 [Warlords/3/Qualifier/1];Kawasan [Kawasan];1v1;Survivalist [Survivalist] [Canada] [Canada] [Ethiopians] [Ethiopians];<;Dr.Kozmonot [Malians] [Malians] [Turkey] [Turkey] [Dr.Kozmonot];(G3) [Watch VOD] [Watch VOD];Ethiopians;Malians;Malians;FALSE;;;;;;Kawasan;;
07/12/2023;19:15 UTC;[Age of Empires II];Road to Hidden Cup Italia - Autunno [Road to Hidden Cup Italia/Autunno];Kawasan [Kawasan];1v1;salsicciotto1999 [Salsicciotto1999] [Italy] [Italy] [Gurjaras] [Gurjaras];>;nanimaren [Persians] [Persians] [Italy] [Italy] [Nanimaren];(G2) [Watch VOD] [Watch VOD];Gurjaras;Persians;Gurjaras;FALSE;;;;;;Kawasan;;
19/11/2023;18:35 UTC;[Age of Empires II];Warlords II [Warlords/2];Kawasan [Kawasan];1v1;TaToH [TaToH] [Spain] [Spain] [Malians] [Malians];>;Hera [Persians] [Persians] [Canada] [Canada] [Hera];(G7) [Watch VOD] [Watch VOD];Malians;Persians;Malians;FALSE;;;;;;Kawasan;;
19/11/2023;16:00 UTC;[Age of Empires II];Warlords II [Warlords/2];Kawasan [Kawasan];1v1;TheViper [TheViper] [Norway] [Norway] [Japanese] [Japanese];>;Yo [Khmer] [Khmer] [China] [China] [Yo];(G1) [Watch VOD] [Watch VOD];Japanese;Khmer;Japanese;FALSE;;;;;;Kawasan;;
19/11/2023;15:00 UTC;[Age of Empires II];Road to Hidden Cup Italia - Autunno [Road to Hidden Cup Italia/Autunno];Kawasan [Kawasan];1v1;01DarkDevil [01DarkDevil (page does not exist)] [Italy] [Italy] [Mayans] [Mayans];<;salsicciotto [Japanese] [Japanese] [Italy] [Italy] [Salsicciotto1999];(G2) [Watch VOD] [Watch VOD];Mayans;Japanese;Japanese;FALSE;;;;;;Kawasan;;
18/11/2023;16:00 UTC;[Age of Empires II];Warlords II [Warlords/2];Kawasan [Kawasan];1v1;Hera [Hera] [Canada] [Canada] [Persians] [Persians];>;Yo [Persians] [Persians] [China] [China] [Yo];(G5) [Watch VOD] [Watch VOD];Persians;Persians;Persians;TRUE;;;;;;Kawasan;;
17/11/2023;20:00 UTC;[Age of Empires II];Road to Hidden Cup Italia - Autunno [Road to Hidden Cup Italia/Autunno];Kawasan [Kawasan];1v1;RaiD [RaiD] [Italy] [Italy] [Japanese] [Japanese];>;Loris [Malay] [Malay] [Italy] [Italy] [Loris];(G1) [Watch VOD] [Watch VOD];Japanese;Malay;Japanese;FALSE;;;;;;Kawasan;;
16/11/2023;20:00 UTC;[Age of Empires II];Warlords II [Warlords/2];Kawasan [Kawasan];1v1;Hera [Hera] [Canada] [Canada] [Portuguese] [Portuguese];>;Liereyy [Japanese] [Japanese] [Austria] [Austria] [Liereyy];(G5) [Watch VOD] [Watch VOD];Portuguese;Japanese;Portuguese;FALSE;;;;;;Kawasan;;
16/11/2023;17:00 UTC;[Age of Empires II];Road to Hidden Cup Italia - Autunno [Road to Hidden Cup Italia/Autunno];Kawasan [Kawasan];1v1;Kamigawa [Kamigawa] [Italy] [Italy] [Malians] [Malians];<;salsicciotto [Byzantines] [Byzantines] [Italy] [Italy] [Salsicciotto1999];(G3) [Watch VOD] [Watch VOD];Malians;Byzantines;Byzantines;FALSE;;;;;;Kawasan;;
11/11/2023;09:00 UTC;[Age of Empires II];Vico House Cup II [Vico House Cup/2];Kawasan [Kawasan];1v1;Nyusika [Nyusika] [France] [France] [Italians] [Italians];<;Gryphon [Byzantines] [Byzantines] [France] [France] [Gryphon (page does not exist)];(G2) [Watch VOD] [Watch VOD];Italians;Byzantines;Byzantines;FALSE;;;;;;Kawasan;;
10/11/2023;17:50 UTC;[Age of Empires II];Warlords II [Warlords/2];Kawasan [Kawasan];1v1;DauT [DauT] [Serbia] [Serbia] [Sicilians] [Sicilians];<;Liereyy [Persians] [Persians] [Austria] [Austria] [Liereyy];(G4) [Watch VOD] [Watch VOD];Sicilians;Persians;Persians;FALSE;;;;;;Kawasan;;
04/11/2023;16:00 UTC;[Age of Empires II];Warlords II [Warlords/2];Kawasan [Kawasan];1v1;Hearttt [Hearttt] [Peru] [Peru] [Persians] [Persians];<;ACCM [Persians] [Persians] [Vietnam] [Vietnam] [ACCM];(G1) [Watch VOD] [Watch VOD];Persians;Persians;Persians;TRUE;;;;;;Kawasan;;
03/11/2023;16:00 UTC;[Age of Empires II];Warlords II [Warlords/2];Kawasan [Kawasan];1v1;Vivi [Vivi] [China] [China] [Portuguese] [Portuguese];<;Liereyy [Persians] [Persians] [Austria] [Austria] [Liereyy];(G4) [Watch VOD] [Watch VOD];Portuguese;Persians;Persians;FALSE;;;;;;Kawasan;;
01/11/2023;19:30 UTC;[Age of Empires II];Warlords II [Warlords/2];Kawasan [Kawasan];1v1;Hearttt [Hearttt] [Peru] [Peru] [Japanese] [Japanese];<;Hera [Persians] [Persians] [Canada] [Canada] [Hera];(G1) [Watch VOD] [Watch VOD];Japanese;Persians;Persians;FALSE;;;;;;Kawasan;;
01/11/2023;17:00 UTC;[Age of Empires II];Warlords II [Warlords/2];Kawasan [Kawasan];1v1;DauT [DauT] [Serbia] [Serbia] [Portuguese] [Portuguese];>;ACCM [Malians] [Malians] [Vietnam] [Vietnam] [ACCM];(G1) [Watch VOD] [Watch VOD];Portuguese;Malians;Portuguese;FALSE;;;;;;Kawasan;;
25/10/2023;;[Age of Empires II];Warlords Waiting Room [Warlords Waiting Room];Kawasan [Kawasan];1v1;Ubetnir [Ubetnir] [Turkey] [Turkey] [Persians] [Persians];<;TheViper [Portuguese] [Portuguese] [Norway] [Norway] [TheViper];(G1) [Watch VOD] [Watch VOD];Persians;Portuguese;Portuguese;FALSE;;;;;;Kawasan;;
24/10/2023;16:00 UTC;[Age of Empires II];Warlords Waiting Room [Warlords Waiting Room];Kawasan [Kawasan];1v1;Hearttt [Hearttt] [Peru] [Peru] [Malians] [Malians];>;Yo [Incas] [Incas] [China] [China] [Yo];(G5) [Watch VOD] [Watch VOD];Malians;Incas;Malians;FALSE;;;;;;Kawasan;;
23/10/2023;15:00 UTC;[Age of Empires II];Warlords Waiting Room [Warlords Waiting Room];Kawasan [Kawasan];1v1;Ubetnir [Ubetnir] [Turkey] [Turkey] [Persians] [Persians];<;Nili [Portuguese] [Portuguese] [Germany] [Germany] [Nili];(G3) [Watch VOD] [Watch VOD];Persians;Portuguese;Portuguese;FALSE;;;;;;Kawasan;;
22/10/2023;13:00 UTC;[Age of Empires II];Warlords II: Qualifier 1 [Warlords/2/Qualifier/1];Kawasan [Kawasan];1v1;Sitaux [Sitaux] [France] [France] [Malians] [Malians];<;Vinchester [Persians] [Persians] [Russia] [Russia] [Vinchester];(G1) [Watch VOD] [Watch VOD];Malians;Persians;Persians;FALSE;;;;;;Kawasan;;
13/10/2023;16:00 UTC;[Age of Empires II];Warlords II: Showmatch - DauT vs Yo [Warlords/2/Showmatch/2];Kawasan [Kawasan];1v1;Yo [Yo] [China] [China] [Incas] [Incas];>;DauT [Portuguese] [Portuguese] [Serbia] [Serbia] [DauT];(G3) [Watch VOD] [Watch VOD];Incas;Portuguese;Incas;FALSE;;;;;;Kawasan;;
10/10/2023;20:00 UTC;[Age of Empires II];AOEliga: Season #6 - 1st Division [AOEliga/6];Kawasan [Kawasan];1v1;kLnek [KLnek (page does not exist)] [Czechia] [Czechia] [Lithuanians] [Lithuanians];>;Offico [Japanese] [Japanese] [Czechia] [Czechia] [Offico (page does not exist)];(G2) [Watch VOD] [Watch VOD];Lithuanians;Japanese;Lithuanians;FALSE;;;;;;Kawasan;;
23/08/2023;14:00 UTC;[Age of Empires II];The Champions Invitational [The Champions Invitational];Kawasan [Kawasan];1v1;Hera [Hera] [Canada] [Canada] [Portuguese] [Portuguese];>;Vinchester [Incas] [Incas] [Russia] [Russia] [Vinchester];(G5) [Watch VOD] [Watch VOD];Portuguese;Incas;Portuguese;FALSE;;;;;;Kawasan;;
22/08/2023;14:00 UTC;[Age of Empires II];The Champions Invitational [The Champions Invitational];Kawasan [Kawasan];1v1;TheViper [TheViper] [Norway] [Norway] [Dravidians] [Dravidians];>;TaToH [Lithuanians] [Lithuanians] [Spain] [Spain] [TaToH];(G12) [Watch VOD] [Watch VOD];Dravidians;Lithuanians;Dravidians;FALSE;;;;;;Kawasan;;
10/08/2023;14:00 UTC;[Age of Empires II];The Champions Invitational [The Champions Invitational];Kawasan [Kawasan];1v1;TheViper [TheViper] [Norway] [Norway] [Portuguese] [Portuguese];>;Vinchester [Lithuanians] [Lithuanians] [Russia] [Russia] [Vinchester];(G11) [Watch VOD] [Watch VOD];Portuguese;Lithuanians;Portuguese;FALSE;;;;;;Kawasan;;
05/08/2023;14:00 UTC;[Age of Empires II];The Champions Invitational [The Champions Invitational];Kawasan [Kawasan];1v1;TheViper [TheViper] [Norway] [Norway] [Portuguese] [Portuguese];<;Hera [Turks] [Turks] [Canada] [Canada] [Hera];[Watch VOD] [Watch VOD];Portuguese;Turks;Turks;FALSE;;;;;;Kawasan;;
01/08/2023;14:00 UTC;[Age of Empires II];The Champions Invitational [The Champions Invitational];Kawasan [Kawasan];1v1;Vinchester [Vinchester] [Russia] [Russia] [Portuguese] [Portuguese];>;TaToH [Dravidians] [Dravidians] [Spain] [Spain] [TaToH];(G6) [Watch VOD] [Watch VOD];Portuguese;Dravidians;Portuguese;FALSE;;;;;;Kawasan;;
15/07/2023;20:00 UTC;[Age of Empires II];Copa Aconcagua 2 [Copa Aconcagua/2];Kawasan [Kawasan];1v1;Ozone [Ozone] [Colombia] [Colombia] [Japanese] [Japanese];>;LobodeLaNieve [Hindustanis] [Hindustanis] [Mexico] [Mexico] [LobodeLaNieve];(G1) [Watch VOD] [Watch VOD];Japanese;Hindustanis;Japanese;FALSE;;;;;;Kawasan;;
13/07/2023;21:15 UTC;[Age of Empires II];Copa Aconcagua 2 [Copa Aconcagua/2];Kawasan [Kawasan];1v1;MrOsoVC8 [MrOsoVC8] [Mexico] [Mexico] [Berbers] [Berbers];<;Uzzi [Italians] [Italians] [Mexico] [Mexico] [Uzzi];(G1) [Watch VOD] [Watch VOD];Berbers;Italians;Italians;FALSE;;;;;;Kawasan;;
10/07/2023;02:00 UTC;[Age of Empires II];Copa Aconcagua 2 [Copa Aconcagua/2];Kawasan [Kawasan];1v1;KingstoNe [KingstoNe] [Mexico] [Mexico] [Japanese] [Japanese];>;webber [Dravidians] [Dravidians] [Argentina] [Argentina] [Webber];(G2) [Watch VOD] [Watch VOD];Japanese;Dravidians;Japanese;FALSE;;;;;;Kawasan;;
09/07/2023;21:30 UTC;[Age of Empires II];Copa Aconcagua 2 [Copa Aconcagua/2];Kawasan [Kawasan];1v1;KingstoNe [KingstoNe] [Mexico] [Mexico] [Japanese] [Japanese];>;Ozone [Portuguese] [Portuguese] [Colombia] [Colombia] [Ozone];(G3) [Watch VOD] [Watch VOD];Japanese;Portuguese;Japanese;FALSE;;;;;;Kawasan;;
09/07/2023;02:30 UTC;[Age of Empires II];Copa Aconcagua 2 [Copa Aconcagua/2];Kawasan [Kawasan];1v1;MrOsoVC8 [MrOsoVC8] [Mexico] [Mexico] [Berbers] [Berbers];>;LobodeLaNieve [Byzantines] [Byzantines] [Mexico] [Mexico] [LobodeLaNieve];(G3) [Watch VOD] [Watch VOD];Berbers;Byzantines;Berbers;FALSE;;;;;;Kawasan;;
08/07/2023;16:30 UTC;[Age of Empires II];Copa Aconcagua 2 [Copa Aconcagua/2];Kawasan [Kawasan];1v1;Ozone [Ozone] [Colombia] [Colombia] [Portuguese] [Portuguese];>;Nahuel05 [Japanese] [Japanese] [Argentina] [Argentina] [Nahuel05];(G2) [Watch VOD] [Watch VOD];Portuguese;Japanese;Portuguese;FALSE;;;;;;Kawasan;;
06/07/2023;23:30 UTC;[Age of Empires II];Copa Aconcagua 2 [Copa Aconcagua/2];Kawasan [Kawasan];1v1;Nahuel05 [Nahuel05] [Argentina] [Argentina] [Malians] [Malians];>;Eskabe [Byzantines] [Byzantines] [Argentina] [Argentina] [Eskabe];(G2) [Watch VOD] [Watch VOD];Malians;Byzantines;Malians;FALSE;;;;;;Kawasan;;
06/07/2023;21:00 UTC;[Age of Empires II];Copa Aconcagua 2 [Copa Aconcagua/2];Kawasan [Kawasan];1v1;Ozone [Ozone] [Colombia] [Colombia] [Portuguese] [Portuguese];>;webber [Dravidians] [Dravidians] [Argentina] [Argentina] [Webber];(G2) [Watch VOD] [Watch VOD];Portuguese;Dravidians;Portuguese;FALSE;;;;;;Kawasan;;
20/06/2023;16:00 UTC;[Age of Empires II];Pablito's Invitational [Pablito's Invitational];Kawasan [Kawasan];1v1;Hera [Hera] [Canada] [Canada] [Burmese] [Burmese];>;TheViper [Aztecs] [Aztecs] [Norway] [Norway] [TheViper];(G3) [Watch VOD] [Watch VOD];Burmese;Aztecs;Burmese;FALSE;;;;;;Kawasan;;
19/06/2023;16:00 UTC;[Age of Empires II];Pablito's Invitational [Pablito's Invitational];Kawasan [Kawasan];1v1;Vinchester [Vinchester] [Russia] [Russia] [Tatars] [Tatars];<;TheViper [Incas] [Incas] [Norway] [Norway] [TheViper];(G1) [Watch VOD] [Watch VOD];Tatars;Incas;Incas;FALSE;;;;;;Kawasan;;
19/03/2023;17:00 UTC;[Age of Empires II];Nili's Apartment Cup 4 [Nili's Apartment Cup/4];Kawasan [Kawasan];1v1;Liereyy [Liereyy] [Austria] [Austria] [Portuguese] [Portuguese];>;Hera [Japanese] [Japanese] [Canada] [Canada] [Hera];(G3) [Watch VOD] [Watch VOD];Portuguese;Japanese;Portuguese;FALSE;;;;;;Kawasan;;
18/03/2023;16:30 UTC;[Age of Empires II];Nili's Apartment Cup 4 [Nili's Apartment Cup/4];Kawasan [Kawasan];1v1;TheViper [TheViper] [Norway] [Norway] [Byzantines] [Byzantines];<;Liereyy [Aztecs] [Aztecs] [Austria] [Austria] [Liereyy];(G5) [Watch VOD] [Watch VOD];Byzantines;Aztecs;Aztecs;FALSE;;;;;;Kawasan;;
18/03/2023;13:15 UTC;[Age of Empires II];Nili's Apartment Cup 4 [Nili's Apartment Cup/4];Kawasan [Kawasan];1v1;Yo [Yo] [China] [China] [Malians] [Malians];<;Hera [Portuguese] [Portuguese] [Canada] [Canada] [Hera];(G1) [Watch VOD] [Watch VOD];Malians;Portuguese;Portuguese;FALSE;;;;;;Kawasan;;
17/03/2023;15:10 UTC;[Age of Empires II];Nili's Apartment Cup 4 [Nili's Apartment Cup/4];Kawasan [Kawasan];1v1;Yo [Yo] [China] [China] [Malians] [Malians];>;TaToH [Malay] [Malay] [Spain] [Spain] [TaToH];(G5) [Watch VOD] [Watch VOD];Malians;Malay;Malians;FALSE;;;;;;Kawasan;;
16/03/2023;19:00 UTC;[Age of Empires II];Nili's Apartment Cup 4 [Nili's Apartment Cup/4];Kawasan [Kawasan];1v1;Vinchester [Vinchester] [Russia] [Russia] [Persians] [Persians];>;TheViper [Berbers] [Berbers] [Norway] [Norway] [TheViper];(G4) [Watch VOD] [Watch VOD];Persians;Berbers;Persians;FALSE;;;;;;Kawasan;;
15/03/2023;21:10 UTC;[Age of Empires II];Nili's Apartment Cup 4 [Nili's Apartment Cup/4];Kawasan [Kawasan];1v1;Liereyy [Liereyy] [Austria] [Austria] [Lithuanians] [Lithuanians];>;TheViper [Dravidians] [Dravidians] [Norway] [Norway] [TheViper];(G1) [Watch VOD] [Watch VOD];Lithuanians;Dravidians;Lithuanians;FALSE;;;;;;Kawasan;;
15/03/2023;17:05 UTC;[Age of Empires II];Nili's Apartment Cup 4 [Nili's Apartment Cup/4];Kawasan [Kawasan];1v1;Vinchester [Vinchester] [Russia] [Russia] [Aztecs] [Aztecs];>;Nicov [Byzantines] [Byzantines] [Argentina] [Argentina] [Nicov];(G1) [Watch VOD] [Watch VOD];Aztecs;Byzantines;Aztecs;FALSE;;;;;;Kawasan;;
14/03/2023;19:35 UTC;[Age of Empires II];Nili's Apartment Cup 4 [Nili's Apartment Cup/4];Kawasan [Kawasan];1v1;Hera [Hera] [Canada] [Canada] [Aztecs] [Aztecs];>;TheViper [Byzantines] [Byzantines] [Norway] [Norway] [TheViper];(G3) [Watch VOD] [Watch VOD];Aztecs;Byzantines;Aztecs;FALSE;;;;;;Kawasan;;
14/03/2023;17:20 UTC;[Age of Empires II];Nili's Apartment Cup 4 [Nili's Apartment Cup/4];Kawasan [Kawasan];1v1;TaToH [TaToH] [Spain] [Spain] [Byzantines] [Byzantines];>;Yo [Dravidians] [Dravidians] [China] [China] [Yo];(G3) [Watch VOD] [Watch VOD];Byzantines;Dravidians;Byzantines;FALSE;;;;;;Kawasan;;
14/03/2023;15:35 UTC;[Age of Empires II];Nili's Apartment Cup 4 [Nili's Apartment Cup/4];Kawasan [Kawasan];1v1;Liereyy [Liereyy] [Austria] [Austria] [Dravidians] [Dravidians];>;Villese [Lithuanians] [Lithuanians] [Finland] [Finland] [Villese];(G3) [Watch VOD] [Watch VOD];Dravidians;Lithuanians;Dravidians;FALSE;;;;;;Kawasan;;
13/03/2023;20:35 UTC;[Age of Empires II];Nili's Apartment Cup 4 [Nili's Apartment Cup/4];Kawasan [Kawasan];1v1;Liereyy [Liereyy] [Austria] [Austria] [Byzantines] [Byzantines];<;Hera [Italians] [Italians] [Canada] [Canada] [Hera];(G5) [Watch VOD] [Watch VOD];Byzantines;Italians;Italians;FALSE;;;;;;Kawasan;;
13/03/2023;15:50 UTC;[Age of Empires II];Nili's Apartment Cup 4 [Nili's Apartment Cup/4];Kawasan [Kawasan];1v1;Villese [Villese] [Finland] [Finland] [Italians] [Italians];<;Yo [Dravidians] [Dravidians] [China] [China] [Yo];(G2) [Watch VOD] [Watch VOD];Italians;Dravidians;Dravidians;FALSE;;;;;;Kawasan;;
13/03/2023;11:00 UTC;[Age of Empires II];Nili's Apartment Cup 4 [Nili's Apartment Cup/4];Kawasan [Kawasan];1v1;JorDan_AoE [JorDan AoE] [Germany] [Germany] [Japanese] [Japanese];>;Vinchester [Malians] [Malians] [Russia] [Russia] [Vinchester];(G1) [Watch VOD] [Watch VOD];Japanese;Malians;Japanese;FALSE;;;;;;Kawasan;;
12/03/2023;19:15 UTC;[Age of Empires II];Nili's Apartment Cup 4 [Nili's Apartment Cup/4];Kawasan [Kawasan];1v1;TaToH [TaToH] [Spain] [Spain] [Italians] [Italians];<;Liereyy [Japanese] [Japanese] [Austria] [Austria] [Liereyy];(G3) [Watch VOD] [Watch VOD];Italians;Japanese;Japanese;FALSE;;;;;;Kawasan;;
12/03/2023;17:10 UTC;[Age of Empires II];Nili's Apartment Cup 4 [Nili's Apartment Cup/4];Kawasan [Kawasan];1v1;Villese [Villese] [Finland] [Finland] [Byzantines] [Byzantines];<;Hera [Japanese] [Japanese] [Canada] [Canada] [Hera];(G1) [Watch VOD] [Watch VOD];Byzantines;Japanese;Japanese;FALSE;;;;;;Kawasan;;
11/03/2023;11:00 UTC;[Age of Empires II];Nili's Apartment Cup 4 [Nili's Apartment Cup/4];Kawasan [Kawasan];1v1;Nicov [Nicov] [Argentina] [Argentina] [Dravidians] [Dravidians];<;Yo [Japanese] [Japanese] [China] [China] [Yo];(G5) [Watch VOD] [Watch VOD];Dravidians;Japanese;Japanese;FALSE;;;;;;Kawasan;;
02/03/2023;12:00 UTC;[Age of Empires II];Nili's Apartment Cup IV: Replacement Qualifier [Nili's Apartment Cup/4/Replacement Qualifier];Kawasan [Kawasan];1v1;Barles [Barles] [Poland] [Poland] [Persians] [Persians];<;DauT [Portuguese] [Portuguese] [Serbia] [Serbia] [DauT];(G3) [Watch VOD] [Watch VOD];Persians;Portuguese;Portuguese;FALSE;;;;;;Kawasan;;
02/03/2023;10:00 UTC;[Age of Empires II];Nili's Apartment Cup IV: Replacement Qualifier [Nili's Apartment Cup/4/Replacement Qualifier];Kawasan [Kawasan];1v1;Barles [Barles] [Poland] [Poland] [Byzantines] [Byzantines];<;Valas [Portuguese] [Portuguese] [Finland] [Finland] [Valas];(G3) [Watch VOD] [Watch VOD];Byzantines;Portuguese;Portuguese;FALSE;;;;;;Kawasan;;
26/02/2023;15:30 UTC;[Age of Empires II];Nili's Apartment Cup IV: Qualifier 2 [Nili's Apartment Cup/4/Qualifier/2];Kawasan [Kawasan];1v1;DauT [DauT] [Serbia] [Serbia] [Byzantines] [Byzantines];>;Nicov [Dravidians] [Dravidians] [Argentina] [Argentina] [Nicov];(G1) [Watch VOD] [Watch VOD];Byzantines;Dravidians;Byzantines;FALSE;;;;;;Kawasan;;
26/02/2023;12:00 UTC;[Age of Empires II];Nili's Apartment Cup IV: Qualifier 2 [Nili's Apartment Cup/4/Qualifier/2];Kawasan [Kawasan];1v1;Valas [Valas] [Finland] [Finland] [Japanese] [Japanese];<;Vinchester [Portuguese] [Portuguese] [Russia] [Russia] [Vinchester];(G6) [Watch VOD] [Watch VOD];Japanese;Portuguese;Portuguese;FALSE;;;;;;Kawasan;;
25/02/2023;15:50 UTC;[Age of Empires II];Nili's Apartment Cup IV: Qualifier 2 [Nili's Apartment Cup/4/Qualifier/2];Kawasan [Kawasan];1v1;miguel [Miguel] [Brazil] [Brazil] [Japanese] [Japanese];<;Vinchester [Portuguese] [Portuguese] [Russia] [Russia] [Vinchester];(G3) [Watch VOD] [Watch VOD];Japanese;Portuguese;Portuguese;FALSE;;;;;;Kawasan;;
19/02/2023;18:05 UTC;[Age of Empires II];Nili's Apartment Cup IV: Qualifier 1 [Nili's Apartment Cup/4/Qualifier/1];Kawasan [Kawasan];1v1;DauT [DauT] [Serbia] [Serbia] [Portuguese] [Portuguese];<;Villese [Byzantines] [Byzantines] [Finland] [Finland] [Villese];(G3) [Watch VOD] [Watch VOD];Portuguese;Byzantines;Byzantines;FALSE;;;;;;Kawasan;;
12/11/2022;21:00 UTC;[Age of Empires II];Navigator Cup [Navigator Cup];Kawasan [Kawasan];1v1;SantosSilva [SantosSilva (page does not exist)] [Portugal] [Portugal] [Goths] [Goths];<;oSetinhas [Lithuanians] [Lithuanians] [Portugal] [Portugal] [OSetinhas (page does not exist)];(G3) [Watch VOD] [Watch VOD];Goths;Lithuanians;Lithuanians;FALSE;;;;;;Kawasan;;
29/10/2022;11:30 UTC;[Age of Empires II];Red Bull Wololo: Legacy Age of Empires II [Red Bull Wololo Legacy/2022/AoE2];Kawasan [Kawasan];1v1;Villese [Villese] [Finland] [Finland] [Byzantines] [Byzantines];<;Liereyy [Lithuanians] [Lithuanians] [Austria] [Austria] [Liereyy];(G3) [Watch VOD] [Watch VOD];Byzantines;Lithuanians;Lithuanians;FALSE;;;;;;Kawasan;;
23/10/2022;18:10 UTC;[Age of Empires II];Red Bull Wololo: Legacy Age of Empires II [Red Bull Wololo Legacy/2022/AoE2];Kawasan [Kawasan];1v1;Liereyy [Liereyy] [Austria] [Austria] [Lithuanians] [Lithuanians];<;TheViper [Aztecs] [Aztecs] [Norway] [Norway] [TheViper];(G2) [Watch VOD] [Watch VOD];Lithuanians;Aztecs;Aztecs;FALSE;;;;;;Kawasan;;
22/10/2022;16:30 UTC;[Age of Empires II];Red Bull Wololo: Legacy Age of Empires II [Red Bull Wololo Legacy/2022/AoE2];Kawasan [Kawasan];1v1;Valas [Valas] [Finland] [Finland] [Hindustanis] [Hindustanis];<;Liereyy [Byzantines] [Byzantines] [Austria] [Austria] [Liereyy];(G1) [Watch VOD] [Watch VOD];Hindustanis;Byzantines;Byzantines;FALSE;;;;;;Kawasan;;
22/10/2022;15:00 UTC;[Age of Empires II];Red Bull Wololo: Legacy Age of Empires II [Red Bull Wololo Legacy/2022/AoE2];Kawasan [Kawasan];1v1;JorDan_AoE [JorDan AoE] [Germany] [Germany] [Berbers] [Berbers];<;dogao [Franks] [Franks] [Brazil] [Brazil] [Dogao];(G1) [Watch VOD] [Watch VOD];Berbers;Franks;Franks;FALSE;;;;;;Kawasan;;
22/10/2022;13:15 UTC;[Age of Empires II];Red Bull Wololo: Legacy Age of Empires II [Red Bull Wololo Legacy/2022/AoE2];Kawasan [Kawasan];1v1;Sitaux [Sitaux] [France] [France] [Saracens] [Saracens];<;Valas [Byzantines] [Byzantines] [Finland] [Finland] [Valas];(G2) [Watch VOD] [Watch VOD];Saracens;Byzantines;Byzantines;FALSE;;;;;;Kawasan;;
22/10/2022;12:00 UTC;[Age of Empires II];Red Bull Wololo: Legacy Age of Empires II [Red Bull Wololo Legacy/2022/AoE2];Kawasan [Kawasan];1v1;ACCM [ACCM] [Vietnam] [Vietnam] [Franks] [Franks];>;Daniel [Khmer] [Khmer] [United States] [United States] [Daniel];(G1) [Watch VOD] [Watch VOD];Franks;Khmer;Franks;FALSE;;;;;;Kawasan;;
14/10/2022;13:00 UTC;[Age of Empires II];World Series of Empire Wars [World Series of Empire Wars];Kawasan [Kawasan];1v1;Dark [Dark] [Russia] [Russia] [Ethiopians] [Ethiopians];<;Barles [Magyars] [Magyars] [Poland] [Poland] [Barles];(G2) [Watch VOD] [Watch VOD];Ethiopians;Magyars;Magyars;FALSE;;;;;;Kawasan;;
06/10/2022;15:00 UTC;[Age of Empires II];World Series of Empire Wars [World Series of Empire Wars];Kawasan [Kawasan];1v1;Dark [Dark] [Russia] [Russia] [Bulgarians] [Bulgarians];>;ElNoniro [Franks] [Franks] [Poland] [Poland] [ElNoniro];(G4) [Watch VOD] [Watch VOD];Bulgarians;Franks;Bulgarians;FALSE;;;;;;Kawasan;;
29/09/2022;19:00 UTC;[Age of Empires II];World Series of Empire Wars [World Series of Empire Wars];Kawasan [Kawasan];1v1;KingstoNe [KingstoNe] [Mexico] [Mexico] [Lithuanians] [Lithuanians];<;ElNoniro [Aztecs] [Aztecs] [Poland] [Poland] [ElNoniro];(G2) [Watch VOD] [Watch VOD];Lithuanians;Aztecs;Aztecs;FALSE;;;;;;Kawasan;;
23/09/2022;17:00 UTC;[Age of Empires II];World Series of Empire Wars [World Series of Empire Wars];Kawasan [Kawasan];1v1;FreakinAndy [FreakinAndy] [Austria] [Austria] [Magyars] [Magyars];<;BadBoy [Saracens] [Saracens] [Vietnam] [Vietnam] [BadBoy];[Watch VOD] [Watch VOD];Magyars;Saracens;Saracens;FALSE;;;;;;Kawasan;;
21/09/2022;16:30 UTC;[Age of Empires II];World Series of Empire Wars [World Series of Empire Wars];Kawasan [Kawasan];1v1;Dark [Dark] [Russia] [Russia] [Byzantines] [Byzantines];>;classicpro [Chinese] [Chinese] [Ukraine] [Ukraine] [Classicpro];(G4) [Watch VOD] [Watch VOD];Byzantines;Chinese;Byzantines;FALSE;;;;;;Kawasan;;
18/09/2022;19:20 UTC;[Age of Empires II];Death Match World Cup 5 [Death Match World Cup/5];Kawasan [Kawasan];1v1;FreakinAndy [FreakinAndy] [Austria] [Austria] [Khmer] [Khmer];>;Ganji [Vietnamese] [Vietnamese] [Sweden] [Sweden] [Ganji];(G8) [Watch VOD] [Watch VOD];Khmer;Vietnamese;Khmer;FALSE;;;;;;Kawasan;;
18/09/2022;17:00 UTC;[Age of Empires II];Death Match World Cup 5 [Death Match World Cup/5];Kawasan [Kawasan];1v1;True [True] [United States] [United States] [Cumans] [Cumans];<;FreakinAndy [Spanish] [Spanish] [Austria] [Austria] [FreakinAndy];(G2) [Watch VOD] [Watch VOD];Cumans;Spanish;Spanish;FALSE;;;;;;Kawasan;;
18/09/2022;15:00 UTC;[Age of Empires II];Death Match World Cup 5 [Death Match World Cup/5];Kawasan [Kawasan];1v1;Ganji [Ganji] [Sweden] [Sweden] [Bengalis] [Bengalis];>;Frost_9 [Spanish] [Spanish] [Sweden] [Sweden] [Frost 9];(G3) [Watch VOD] [Watch VOD];Bengalis;Spanish;Bengalis;FALSE;;;;;;Kawasan;;
17/09/2022;18:25 UTC;[Age of Empires II];Death Match World Cup 5 [Death Match World Cup/5];Kawasan [Kawasan];1v1;Solara [Solara] [Israel] [Israel] [Celts] [Celts];<;True [Huns] [Huns] [United States] [United States] [True];(G4) [Watch VOD] [Watch VOD];Celts;Huns;Huns;FALSE;;;;;;Kawasan;;
17/09/2022;16:35 UTC;[Age of Empires II];Death Match World Cup 5 [Death Match World Cup/5];Kawasan [Kawasan];1v1;Frost_9 [Frost 9] [Sweden] [Sweden] [Malians] [Malians];>;TheCode [Britons] [Britons] [Turkey] [Turkey] [TheCode];(G3) [Watch VOD] [Watch VOD];Malians;Britons;Malians;FALSE;;;;;;Kawasan;;
17/09/2022;13:00 UTC;[Age of Empires II];Magna Carto [Magna Carto];Kawasan [Kawasan];1v1;ElNoniro [ElNoniro] [Poland] [Poland] [Lithuanians] [Lithuanians];<;ACCM [Cumans] [Cumans] [Vietnam] [Vietnam] [ACCM];(G2) [Watch VOD] [Watch VOD];Lithuanians;Cumans;Cumans;FALSE;;;;;;Kawasan;;
10/09/2022;18:30 UTC;[Age of Empires II];Magna Carto [Magna Carto];Kawasan [Kawasan];1v1;Eli Jeli [Eli] [United States] [United States] [Burgundians] [Burgundians];<;FreakinAndy [Magyars] [Magyars] [Austria] [Austria] [FreakinAndy];(G2) [Watch VOD] [Watch VOD];Burgundians;Magyars;Magyars;FALSE;;;;;;Kawasan;;
10/09/2022;14:00 UTC;[Age of Empires II];Magna Carto [Magna Carto];Kawasan [Kawasan];1v1;R4v3N [R4v3N] [Romania] [Romania] [Persians] [Persians];<;classicpro [Hindustanis] [Hindustanis] [Ukraine] [Ukraine] [Classicpro];(G2) [Watch VOD] [Watch VOD];Persians;Hindustanis;Hindustanis;FALSE;;;;;;Kawasan;;
08/09/2022;19:30 UTC;[Age of Empires II];Magna Carto [Magna Carto];Kawasan [Kawasan];1v1;Uzzi [Uzzi] [Mexico] [Mexico] [Tatars] [Tatars];<;classicpro [Dravidians] [Dravidians] [Ukraine] [Ukraine] [Classicpro];(G1) [Watch VOD] [Watch VOD];Tatars;Dravidians;Dravidians;FALSE;;;;;;Kawasan;;
07/09/2022;14:00 UTC;[Age of Empires II];Hera vs Vinchester Bo33 [Hera vs Vinchester/2];Kawasan [Kawasan];1v1;Vinchester [Vinchester] [Russia] [Russia] [Franks] [Franks];>;Hera [Gurjaras] [Gurjaras] [Canada] [Canada] [Hera];(G28) [Watch VOD] [Watch VOD];Franks;Gurjaras;Franks;FALSE;;;;;;Kawasan;;
07/09/2022;14:00 UTC;[Age of Empires II];Hera vs Vinchester Bo33 [Hera vs Vinchester/2];Kawasan [Kawasan];1v1;Vinchester [Vinchester] [Russia] [Russia] [Poles] [Poles];<;Hera [Teutons] [Teutons] [Canada] [Canada] [Hera];(G17) [Watch VOD] [Watch VOD];Poles;Teutons;Teutons;FALSE;;;;;;Kawasan;;
06/09/2022;15:00 UTC;[Age of Empires II];Hera vs Vinchester Bo33 [Hera vs Vinchester/2];Kawasan [Kawasan];1v1;Vinchester [Vinchester] [Russia] [Russia] [Malians] [Malians];<;Hera [Burmese] [Burmese] [Canada] [Canada] [Hera];[Watch VOD] [Watch VOD];Malians;Burmese;Burmese;FALSE;;;;;;Kawasan;;
28/08/2022;20:15 UTC;[Age of Empires II];Red Bull Wololo: Legacy Age of Empires II Qualifier #2 [Red Bull Wololo Legacy/2022/AoE2/Qualifier/2];Kawasan [Kawasan];1v1;slam [Slam] [Canada] [Canada] [Franks] [Franks];<;Sitaux [Khmer] [Khmer] [France] [France] [Sitaux];(G2) [Watch VOD] [Watch VOD];Franks;Khmer;Khmer;FALSE;;;;;;Kawasan;;
28/08/2022;14:00 UTC;[Age of Empires II];Red Bull Wololo: Legacy Age of Empires II Qualifier #2 [Red Bull Wololo Legacy/2022/AoE2/Qualifier/2];Kawasan [Kawasan];1v1;Dark [Dark] [Russia] [Russia] [Hindustanis] [Hindustanis];<;ACCM [Berbers] [Berbers] [Vietnam] [Vietnam] [ACCM];(G2) [Watch VOD] [Watch VOD];Hindustanis;Berbers;Berbers;FALSE;;;;;;Kawasan;;
21/08/2022;20:30 UTC;[Age of Empires II];Red Bull Wololo: Legacy Age of Empires II Qualifier #1 [Red Bull Wololo Legacy/2022/AoE2/Qualifier/1];Kawasan [Kawasan];1v1;dogao [Dogao] [Brazil] [Brazil] [Saracens] [Saracens];<;MbL40C [Byzantines] [Byzantines] [Norway] [Norway] [MbL];(G3) [Watch VOD] [Watch VOD];Saracens;Byzantines;Byzantines;FALSE;;;;;;Kawasan;;
21/08/2022;18:50 UTC;[Age of Empires II];Red Bull Wololo: Legacy Age of Empires II Qualifier #1 [Red Bull Wololo Legacy/2022/AoE2/Qualifier/1];Kawasan [Kawasan];1v1;Daniel [Daniel] [United States] [United States] [Huns] [Huns];>;Valas [Franks] [Franks] [Finland] [Finland] [Valas];(G3) [Watch VOD] [Watch VOD];Huns;Franks;Huns;FALSE;;;;;;Kawasan;;
21/08/2022;12:00 UTC;[Age of Empires II];Red Bull Wololo: Legacy Age of Empires II Qualifier #1 [Red Bull Wololo Legacy/2022/AoE2/Qualifier/1];Kawasan [Kawasan];1v1;Nicov [Nicov] [Argentina] [Argentina] [Huns] [Huns];>;ACCM [Japanese] [Japanese] [Vietnam] [Vietnam] [ACCM];(G5) [Watch VOD] [Watch VOD];Huns;Japanese;Huns;FALSE;;;;;;Kawasan;;
07/06/2022;15:00 UTC;[Age of Empires II];Hera vs DauT Bo21 [DauT vs Hera/6];Kawasan [Kawasan];1v1;DauT [DauT] [Serbia] [Serbia] [Persians] [Persians];<;Hera [Saracens] [Saracens] [Canada] [Canada] [Hera];[Watch VOD] [Watch VOD];Persians;Saracens;Saracens;FALSE;;;;;;Kawasan;;
03/03/2022;17:00 UTC;[Age of Empires II];DauT vs TaToH Bo21 [DauT vs TaToH/6];Kawasan [Kawasan];1v1;TaToH [TaToH] [Spain] [Spain] [Lithuanians] [Lithuanians];>;DauT [Japanese] [Japanese] [Serbia] [Serbia] [DauT];[Watch VOD] [Watch VOD];Lithuanians;Japanese;Lithuanians;FALSE;;;;;;Kawasan;;
19/09/2021;12:10 UTC;[Age of Empires II];Red Bull Wololo V: Enthrone [Red Bull Wololo/5];Kawasan [Kawasan];1v1;JorDan_AoE [JorDan AoE] [Germany] [Germany] [Berbers] [Berbers];<;TheViper [Huns] [Huns] [Norway] [Norway] [TheViper];(G2) [Watch VOD] [Watch VOD];Berbers;Huns;Huns;FALSE;;;;;;Kawasan;;
16/09/2021;21:10 UTC;[Age of Empires II];Red Bull Wololo V: Enthrone [Red Bull Wololo/5];Kawasan [Kawasan];1v1;Liereyy [Liereyy] [Austria] [Austria] [Berbers] [Berbers];>;JorDan_AoE [Huns] [Huns] [Germany] [Germany] [JorDan AoE];(G2) [Watch VOD] [Watch VOD];Berbers;Huns;Berbers;FALSE;;;;;;Kawasan;;
16/09/2021;19:05 UTC;[Age of Empires II];Red Bull Wololo V: Enthrone [Red Bull Wololo/5];Kawasan [Kawasan];1v1;Capoch [Capoch] [Argentina] [Argentina] [Indians] [Indians];<;Hera [Berbers] [Berbers] [Canada] [Canada] [Hera];(G1) [Watch VOD] [Watch VOD];Indians;Berbers;Berbers;FALSE;;;;;;Kawasan;;
15/08/2021;16:10 UTC;[Age of Empires II];Red Bull Wololo V: Qualifier [Red Bull Wololo/5/Qualifier];Kawasan [Kawasan];1v1;F1Re [F1Re] [Brazil] [Brazil] [Berbers] [Berbers];<;slam [Huns] [Huns] [Canada] [Canada] [Slam];(G4) [Watch VOD] [Watch VOD];Berbers;Huns;Huns;FALSE;;;;;;Kawasan;;
09/05/2021;20:00 UTC;[Age of Empires II];Turkish League [Turkish League];Kawasan [Kawasan];1v1;Kasva [Kasva] [Turkey] [Turkey] [Franks] [Franks];>;Cyclops [Lithuanians] [Lithuanians] [Turkey] [Turkey] [Cyclops];(G6) [Watch VOD] [Watch VOD];Franks;Lithuanians;Franks;FALSE;;;;;;Kawasan;;
27/04/2021;23:00 UTC;[Age of Empires II];Turkish League [Turkish League];Kawasan [Kawasan];1v1;Tobi [Tobi (page does not exist)] [Turkey] [Turkey] [Aztecs] [Aztecs];<;Rusher [Berbers] [Berbers] [Turkey] [Turkey] [Rusher];(G5) [Watch VOD] [Watch VOD];Aztecs;Berbers;Berbers;FALSE;;;;;;Kawasan;;
27/04/2021;23:00 UTC;[Age of Empires II];Turkish League [Turkish League];Kawasan [Kawasan];1v1;Punisher [Punisher (page does not exist)] [Turkey] [Turkey] [Persians] [Persians];>;Tobi [Japanese] [Japanese] [Turkey] [Turkey] [Tobi (page does not exist)];(G4) [Watch VOD] [Watch VOD];Persians;Japanese;Persians;FALSE;;;;;;Kawasan;;
27/04/2021;23:00 UTC;[Age of Empires II];Turkish League [Turkish League];Kawasan [Kawasan];1v1;Punisher [Punisher (page does not exist)] [Turkey] [Turkey] [Franks] [Franks];>;Rusher [Persians] [Persians] [Turkey] [Turkey] [Rusher];(G2) [Watch VOD] [Watch VOD];Franks;Persians;Franks;FALSE;;;;;;Kawasan;;
27/04/2021;23:00 UTC;[Age of Empires II];Turkish League [Turkish League];Kawasan [Kawasan];1v1;Fe??uh [Fe??uh (page does not exist)] [Turkey] [Turkey] [Saracens] [Saracens];<;Eray_ [Lithuanians] [Lithuanians] [Turkey] [Turkey] [Eray (page does not exist)];(G2) [Watch VOD] [Watch VOD];Saracens;Lithuanians;Lithuanians;FALSE;;;;;;Kawasan;;
27/04/2021;23:00 UTC;[Age of Empires II];Turkish League [Turkish League];Kawasan [Kawasan];1v1;Fe??uh [Fe??uh (page does not exist)] [Turkey] [Turkey] [Mongols] [Mongols];<;Cyclops [Japanese] [Japanese] [Turkey] [Turkey] [Cyclops];(G2) [Watch VOD] [Watch VOD];Mongols;Japanese;Japanese;FALSE;;;;;;Kawasan;;
27/04/2021;23:00 UTC;[Age of Empires II];Turkish League [Turkish League];Kawasan [Kawasan];1v1;Yax [Yasin] [Turkey] [Turkey] [Lithuanians] [Lithuanians];<;Ubetnir [Tatars] [Tatars] [Turkey] [Turkey] [Ubetnir];(G2) [Watch VOD] [Watch VOD];Lithuanians;Tatars;Tatars;FALSE;;;;;;Kawasan;;
27/04/2021;23:00 UTC;[Age of Empires II];Turkish League [Turkish League];Kawasan [Kawasan];1v1;BamBam [BamBam (page does not exist)] [Turkey] [Turkey] [Huns] [Huns];>;Tobi [Lithuanians] [Lithuanians] [Turkey] [Turkey] [Tobi (page does not exist)];(G2) [Watch VOD] [Watch VOD];Huns;Lithuanians;Huns;FALSE;;;;;;Kawasan;;
27/04/2021;23:00 UTC;[Age of Empires II];Turkish League [Turkish League];Kawasan [Kawasan];1v1;TurkishTrading [TurkishTrading (page does not exist)] [Turkey] [Turkey] [Japanese] [Japanese];>;Ubetnir [Lithuanians] [Lithuanians] [Turkey] [Turkey] [Ubetnir];(G2) [Watch VOD] [Watch VOD];Japanese;Lithuanians;Japanese;FALSE;;;;;;Kawasan;;
27/04/2021;23:00 UTC;[Age of Empires II];Turkish League [Turkish League];Kawasan [Kawasan];1v1;Ronotovi [Ronotovi] [Turkey] [Turkey] [Mayans] [Mayans];<;Ubetnir [Lithuanians] [Lithuanians] [Turkey] [Turkey] [Ubetnir];(G2) [Watch VOD] [Watch VOD];Mayans;Lithuanians;Lithuanians;FALSE;;;;;;Kawasan;;
27/04/2021;23:00 UTC;[Age of Empires II];Turkish League [Turkish League];Kawasan [Kawasan];1v1;TurkishTrading [TurkishTrading (page does not exist)] [Turkey] [Turkey] [Malians] [Malians];<;Yax [Magyars] [Magyars] [Turkey] [Turkey] [Yasin];(G2) [Watch VOD] [Watch VOD];Malians;Magyars;Magyars;FALSE;;;;;;Kawasan;;
26/04/2021;23:00 UTC;[Age of Empires II];Turkish League [Turkish League];Kawasan [Kawasan];1v1;Fe??uh [Fe??uh (page does not exist)] [Turkey] [Turkey] [Cumans] [Cumans];<;Cyborg [Huns] [Huns] [Turkey] [Turkey] [Cyborg (page does not exist)];(G2) [Watch VOD] [Watch VOD];Cumans;Huns;Huns;FALSE;;;;;;Kawasan;;
26/04/2021;23:00 UTC;[Age of Empires II];Turkish League [Turkish League];Kawasan [Kawasan];1v1;Eray_ [Eray (page does not exist)] [Turkey] [Turkey] [Celts] [Celts];<;Cyclops [Lithuanians] [Lithuanians] [Turkey] [Turkey] [Cyclops];(G2) [Watch VOD] [Watch VOD];Celts;Lithuanians;Lithuanians;FALSE;;;;;;Kawasan;;
26/04/2021;23:00 UTC;[Age of Empires II];Turkish League [Turkish League];Kawasan [Kawasan];1v1;Ejder [Ejder (page does not exist)] [Turkey] [Turkey] [Lithuanians] [Lithuanians];<;Kasva [Chinese] [Chinese] [Turkey] [Turkey] [Kasva];(G2) [Watch VOD] [Watch VOD];Lithuanians;Chinese;Chinese;FALSE;;;;;;Kawasan;;
26/04/2021;23:00 UTC;[Age of Empires II];Turkish League [Turkish League];Kawasan [Kawasan];1v1;SonyToprano [SonyToprano (page does not exist)] [Turkey] [Turkey] [Franks] [Franks];>;Dr.Kozmonot [Persians] [Persians] [Turkey] [Turkey] [Dr.Kozmonot];(G2) [Watch VOD] [Watch VOD];Franks;Persians;Franks;FALSE;;;;;;Kawasan;;
26/04/2021;23:00 UTC;[Age of Empires II];Turkish League [Turkish League];Kawasan [Kawasan];1v1;Dr.Kozmonot [Dr.Kozmonot] [Turkey] [Turkey] [Malians] [Malians];<;Kasva [Persians] [Persians] [Turkey] [Turkey] [Kasva];(G2) [Watch VOD] [Watch VOD];Malians;Persians;Persians;FALSE;;;;;;Kawasan;;
26/04/2021;23:00 UTC;[Age of Empires II];Turkish League [Turkish League];Kawasan [Kawasan];1v1;Ejder [Ejder (page does not exist)] [Turkey] [Turkey] [Franks] [Franks];<;Dr.Kozmonot [Lithuanians] [Lithuanians] [Turkey] [Turkey] [Dr.Kozmonot];(G2) [Watch VOD] [Watch VOD];Franks;Lithuanians;Lithuanians;FALSE;;;;;;Kawasan;;
26/04/2021;23:00 UTC;[Age of Empires II];Turkish League [Turkish League];Kawasan [Kawasan];1v1;SonyToprano [SonyToprano (page does not exist)] [Turkey] [Turkey] [Mayans] [Mayans];<;Kasva [Huns] [Huns] [Turkey] [Turkey] [Kasva];(G2) [Watch VOD] [Watch VOD];Mayans;Huns;Huns;FALSE;;;;;;Kawasan;;
26/04/2021;23:00 UTC;[Age of Empires II];Turkish League [Turkish League];Kawasan [Kawasan];1v1;Ejder [Ejder (page does not exist)] [Turkey] [Turkey] [Magyars] [Magyars];<;SonyToprano [Franks] [Franks] [Turkey] [Turkey] [SonyToprano (page does not exist)];(G2) [Watch VOD] [Watch VOD];Magyars;Franks;Franks;FALSE;;;;;;Kawasan;;
24/01/2021;15:00 UTC;[Age of Empires II];Red Bull Wololo III [Red Bull Wololo/3];Kawasan [Kawasan];1v1;Villese [Villese] [Finland] [Finland] [Huns] [Huns];>;Liereyy [Franks] [Franks] [Austria] [Austria] [Liereyy];(G3) [Watch VOD] [Watch VOD];Huns;Franks;Huns;FALSE;;;;;;Kawasan;;
23/01/2021;22:00 UTC;[Age of Empires II];Red Bull Wololo III [Red Bull Wololo/3];Kawasan [Kawasan];1v1;Villese [Villese] [Finland] [Finland] [Huns] [Huns];>;TheViper [Franks] [Franks] [Norway] [Norway] [TheViper];(G4) [Watch VOD] [Watch VOD];Huns;Franks;Huns;FALSE;;;;;;Kawasan;;
23/01/2021;20:00 UTC;[Age of Empires II];Red Bull Wololo III [Red Bull Wololo/3];Kawasan [Kawasan];1v1;Hera [Hera] [Canada] [Canada] [Huns] [Huns];<;Liereyy [Franks] [Franks] [Austria] [Austria] [Liereyy];(G4) [Watch VOD] [Watch VOD];Huns;Franks;Franks;FALSE;;;;;;Kawasan;;
23/01/2021;15:00 UTC;[Age of Empires II];Red Bull Wololo III [Red Bull Wololo/3];Kawasan [Kawasan];1v1;DauT [DauT] [Serbia] [Serbia] [Huns] [Huns];>;Mr_Yo [Franks] [Franks] [China] [China] [Yo];(G3) [Watch VOD] [Watch VOD];Huns;Franks;Huns;FALSE;;;;;;Kawasan;;
22/01/2021;19:00 UTC;[Age of Empires II];Red Bull Wololo III [Red Bull Wololo/3];Kawasan [Kawasan];1v1;BacT [BacT] [Vietnam] [Vietnam] [Aztecs] [Aztecs];<;Hera [Tatars] [Tatars] [Canada] [Canada] [Hera];(G2) [Watch VOD] [Watch VOD];Aztecs;Tatars;Tatars;FALSE;;;;;;Kawasan;;
22/01/2021;15:00 UTC;[Age of Empires II];Red Bull Wololo III [Red Bull Wololo/3];Kawasan [Kawasan];1v1;Villese [Villese] [Finland] [Finland] [Aztecs] [Aztecs];>;Vivi [Lithuanians] [Lithuanians] [China] [China] [Vivi];(G3) [Watch VOD] [Watch VOD];Aztecs;Lithuanians;Aztecs;FALSE;;;;;;Kawasan;;
10/01/2021;14:30 UTC;[Age of Empires II];Red Bull Wololo III: Qualifier 2 [Red Bull Wololo/3/Qualifier 2];Kawasan [Kawasan];1v1;Nili_AoE [Nili] [Germany] [Germany] [Aztecs] [Aztecs];<;Vivi [Franks] [Franks] [China] [China] [Vivi];(G5) [Watch VOD] [Watch VOD];Aztecs;Franks;Franks;FALSE;;;;;;Kawasan;;
10/01/2021;11:00 UTC;[Age of Empires II];Red Bull Wololo III: Qualifier 2 [Red Bull Wololo/3/Qualifier 2];Kawasan [Kawasan];1v1;Lyx [Lyx] [China] [China] [Aztecs] [Aztecs];<;Nili_AoE [Berbers] [Berbers] [Germany] [Germany] [Nili];(G4) [Watch VOD] [Watch VOD];Aztecs;Berbers;Berbers;FALSE;;;;;;Kawasan;;
23/08/2020;17:30 UTC;[Age of Empires II];Red Bull Wololo II [Red Bull Wololo/2];Kawasan [Kawasan];1v1;Liereyy [Liereyy] [Austria] [Austria] [Teutons] [Teutons];<;Hera [Franks] [Franks] [Canada] [Canada] [Hera];(G6) [Watch VOD] [Watch VOD];Teutons;Franks;Franks;FALSE;;;;;;Kawasan;;
21/08/2020;13:00 UTC;[Age of Empires II];Red Bull Wololo II [Red Bull Wololo/2];Kawasan [Kawasan];1v1;Villese [Villese] [Finland] [Finland] [Franks] [Franks];<;Liereyy [Britons] [Britons] [Austria] [Austria] [Liereyy];(G4) [Watch VOD] [Watch VOD];Franks;Britons;Britons;FALSE;;;;;;Kawasan;;
20/08/2020;17:00 UTC;[Age of Empires II];Red Bull Wololo II [Red Bull Wololo/2];Kawasan [Kawasan];1v1;Capoch [Capoch] [Argentina] [Argentina] [Lithuanians] [Lithuanians];>;MbL [Vietnamese] [Vietnamese] [Norway] [Norway] [MbL];(G4) [Watch VOD] [Watch VOD];Lithuanians;Vietnamese;Lithuanians;FALSE;;;;;;Kawasan;;
20/08/2020;13:00 UTC;[Age of Empires II];Red Bull Wololo II [Red Bull Wololo/2];Kawasan [Kawasan];1v1;Vinchester [Vinchester] [Russia] [Russia] [Magyars] [Magyars];<;Mr_Yo [Aztecs] [Aztecs] [China] [China] [Yo];(G3) [Watch VOD] [Watch VOD];Magyars;Aztecs;Aztecs;FALSE;;;;;;Kawasan;;
03/05/2020;16:00 UTC;[Age of Empires II];Red Bull Wololo [Red Bull Wololo/1];Kawasan [Kawasan];1v1;Mr_Yo [Yo] [China] [China] [Franks] [Franks];>;Liereyy [Celts] [Celts] [Austria] [Austria] [Liereyy];(G2) [Watch VOD] [Watch VOD];Franks;Celts;Franks;FALSE;;;;;;Kawasan;;
02/05/2020;18:00 UTC;[Age of Empires II];Red Bull Wololo [Red Bull Wololo/1];Kawasan [Kawasan];1v1;DauT [DauT] [Serbia] [Serbia] [Huns] [Huns];>;TheViper [Japanese] [Japanese] [Norway] [Norway] [TheViper];(G3) [Watch VOD] [Watch VOD];Huns;Japanese;Huns;FALSE;;;;;;Kawasan;;
02/05/2020;16:00 UTC;[Age of Empires II];Red Bull Wololo [Red Bull Wololo/1];Kawasan [Kawasan];1v1;MbL [MbL] [Norway] [Norway] [Lithuanians] [Lithuanians];<;Hera [Franks] [Franks] [Canada] [Canada] [Hera];(G3) [Watch VOD] [Watch VOD];Lithuanians;Franks;Franks;FALSE;;;;;;Kawasan;;
01/05/2020;19:00 UTC;[Age of Empires II];Red Bull Wololo [Red Bull Wololo/1];Kawasan [Kawasan];1v1;TheMax [TheMax] [Finland] [Finland] [Persians] [Persians];<;TaToH [Franks] [Franks] [Spain] [Spain] [TaToH];(G2) [Watch VOD] [Watch VOD];Persians;Franks;Franks;FALSE;;;;;;Kawasan;;
30/04/2020;15:00 UTC;[Age of Empires II];Red Bull Wololo [Red Bull Wololo/1];Kawasan [Kawasan];1v1;Villese [Villese] [Finland] [Finland] [Japanese] [Japanese];<;MbL [Saracens] [Saracens] [Norway] [Norway] [MbL];(G4) [Watch VOD] [Watch VOD];Japanese;Saracens;Saracens;FALSE;;;;;;Kawasan;;
30/04/2020;13:00 UTC;[Age of Empires II];Red Bull Wololo [Red Bull Wololo/1];Kawasan [Kawasan];1v1;ACCM [ACCM] [Vietnam] [Vietnam] [Aztecs] [Aztecs];<;DauT [Huns] [Huns] [Serbia] [Serbia] [DauT];(G2) [Watch VOD] [Watch VOD];Aztecs;Huns;Huns;FALSE;;;;;;Kawasan;;
30/04/2020;13:00 UTC;[Age of Empires II];Red Bull Wololo [Red Bull Wololo/1];Kawasan [Kawasan];1v1;Nicov [Nicov] [Argentina] [Argentina] [Franks] [Franks];>;Hera [Huns] [Huns] [Canada] [Canada] [Hera];(G2) [Watch VOD] [Watch VOD];Franks;Huns;Franks;FALSE;;;;;;Kawasan;;
22/04/2019;15:00 UTC;[Age of Empires II];T90Official Showmatch - Hera vs Mr_Yo [T90Official/Show Match/Hera vs Yo];Kawasan [Kawasan];1v1;Mr_Yo [Yo] [China] [China] [Persians] [Persians];>;Hera [Persians] [Persians] [Canada] [Canada] [Hera];(G5) [Watch VOD] [Watch VOD];Persians;Persians;Persians;TRUE;;;;;;Kawasan;;
;;;;;;;;;;;;;;;;;;;Kawasan;;
;;;;;;;;;;;;;;;;;;;;;
;;;;;;;;;;;;;;;;;;;;;
;;;;;;;;;;;;;;;;;;;;;
;;;;;;;;;;;;;;;;;;;;;
;;;;;;;;;;;;;;;;;;;;;
;;;;;;;;;;;;;;;;;;;;;
;;;;;;;;;;;;;;;;;;;;;
;;;;;;;;;;;;;;;;;;;;;
;;;;;;;;;;;;;;;;;;;;;
;;;;;;;;;;;;;;;;;;;;;
;;;;;;;;;;;;;;;;;;;;;
;;;;;;;;;;;;;;;;;;;;;
;;;;;;;;;;;;;;;;;;;;;
;;;;;;;;;;;;;;;;;;;;;
;;;;;;;;;;;;;;;;;;;;;
;;;;;;;;;;;;;;;;;;;;;
;;;;;;;;;;;;;;;;;;;;;
;;;;;;;;;;;;;;;;;;;;;
;;;;;;;;;;;;;;;;;;;;;
;;;;;;;;;;;;;;;;;;;;;
;;;;;;;;;;;;;;;;;;;;;
;;;;;;;;;;;;;;;;;;;;;
;;;;;;;;;;;;;;;;;;;;;
;;;;;;;;;;;;;;;;;;;;;
;;;;;;;;;;;;;;;;;;;;;
;;;;;;;;;;;;;;;;;;;;;
;;;;;;;;;;;;;;;;;;;;;
;;;;;;;;;;;;;;;;;;;;;
;;;;;;;;;;;;;;;;;;;;;
;;;;;;;;;;;;;;;;;;;;;
;;;;;;;;;;;;;;;;;;;;;
;;;;;;;;;;;;;;;;;;;;;
;;;;;;;;;;;;;;;;;;;;;
;;;;;;;;;;;;;;;;;;;;;
;;;;;;;;;;;;;;;;;;;;;
;;;;;;;;;;;;;;;;;;;;;
;;;;;;;;;;;;;;;;;;;;;
;;;;;;;;;;;;;;;;;;;;;
;;;;;;;;;;;;;;;;;;;;;
;;;;;;;;;;;;;;;;;;;;;
;;;;;;;;;;;;;;;;;;;;;
;;;;;;;;;;;;;;;;;;;;;
;;;;;;;;;;;;;;;;;;;;;
;;;;;;;;;;;;;;;;;;;;;
;;;;;;;;;;;;;;;;;;;;;
;;;;;;;;;;;;;;;;;;;;;
;;;;;;;;;;;;;;;;;;;;;
;;;;;;;;;;;;;;;;;;;;;
;;;;;;;;;;;;;;;;;;;;;
;;;;;;;;;;;;;;;;;;;;;
;;;;;;;;;;;;;;;;;;;;;
;;;;;;;;;;;;;;;;;;;;;
;;;;;;;;;;;;;;;;;;;;;
;;;;;;;;;;;;;;;;;;;;;
;;;;;;;;;;;;;;;;;;;;;
;;;;;;;;;;;;;;;;;;;;;
;;;;;;;;;;;;;;;;;;;;;
;;;;;;;;;;;;;;;;;;;;;
;;;;;;;;;;;;;;;;;;;;;
;;;;;;;;;;;;;;;;;;;;;
;;;;;;;;;;;;;;;;;;;;;
;;;;;;;;;;;;;;;;;;;;;
;;;;;;;;;;;;;;;;;;;;;
;;;;;;;;;;;;;;;;;;;;;
;;;;;;;;;;;;;;;;;;;;;
;;;;;;;;;;;;;;;;;;;;;
;;;;;;;;;;;;;;;;;;;;;
;;;;;;;;;;;;;;;;;;;;;
;;;;;;;;;;;;;;;;;;;;;
;;;;;;;;;;;;;;;;;;;;;
;;;;;;;;;;;;;;;;;;;;;
;;;;;;;;;;;;;;;;;;;;;
;;;;;;;;;;;;;;;;;;;;;
;;;;;;;;;;;;;;;;;;;;;
;;;;;;;;;;;;;;;;;;;;;
;;;;;;;;;;;;;;;;;;;;;
;;;;;;;;;;;;;;;;;;;;;
;;;;;;;;;;;;;;;;;;;;;
;;;;;;;;;;;;;;;;;;;;;
;;;;;;;;;;;;;;;;;;;;;
;;;;;;;;;;;;;;;;;;;;;
;;;;;;;;;;;;;;;;;;;;;
;;;;;;;;;;;;;;;;;;;;;
;;;;;;;;;;;;;;;;;;;;;
;;;;;;;;;;;;;;;;;;;;;
;;;;;;;;;;;;;;;;;;;;;
;;;;;;;;;;;;;;;;;;;;;
;;;;;;;;;;;;;;;;;;;;;
;;;;;;;;;;;;;;;;;;;;;
;;;;;;;;;;;;;;;;;;;;;
;;;;;;;;;;;;;;;;;;;;;
;;;;;;;;;;;;;;;;;;;;;
;;;;;;;;;;;;;;;;;;;;;
;;;;;;;;;;;;;;;;;;;;;
;;;;;;;;;;;;;;;;;;;;;
;;;;;;;;;;;;;;;;;;;;;
;;;;;;;;;;;;;;;;;;;;;
;;;;;;;;;;;;;;;;;;;;;
;;;;;;;;;;;;;;;;;;;;;
;;;;;;;;;;;;;;;;;;;;;
;;;;;;;;;;;;;;;;;;;;;
;;;;;;;;;;;;;;;;;;;;;
;;;;;;;;;;;;;;;;;;;;;
;;;;;;;;;;;;;;;;;;;;;
;;;;;;;;;;;;;;;;;;;;;
;;;;;;;;;;;;;;;;;;;;;
;;;;;;;;;;;;;;;;;;;;;
;;;;;;;;;;;;;;;;;;;;;
;;;;;;;;;;;;;;;;;;;;;
;;;;;;;;;;;;;;;;;;;;;
;;;;;;;;;;;;;;;;;;;;;
;;;;;;;;;;;;;;;;;;;;;
;;;;;;;;;;;;;;;;;;;;;
;;;;;;;;;;;;;;;;;;;;;
;;;;;;;;;;;;;;;;;;;;;
;;;;;;;;;;;;;;;;;;;;;
;;;;;;;;;;;;;;;;;;;;;
;;;;;;;;;;;;;;;;;;;;;
;;;;;;;;;;;;;;;;;;;;;
;;;;;;;;;;;;;;;;;;;;;
;;;;;;;;;;;;;;;;;;;;;
;;;;;;;;;;;;;;;;;;;;;
;;;;;;;;;;;;;;;;;;;;;
;;;;;;;;;;;;;;;;;;;;;
;;;;;;;;;;;;;;;;;;;;;
;;;;;;;;;;;;;;;;;;;;;
;;;;;;;;;;;;;;;;;;;;;
;;;;;;;;;;;;;;;;;;;;;
;;;;;;;;;;;;;;;;;;;;;
;;;;;;;;;;;;;;;;;;;;;
;;;;;;;;;;;;;;;;;;;;;
;;;;;;;;;;;;;;;;;;;;;
;;;;;;;;;;;;;;;;;;;;;
;;;;;;;;;;;;;;;;;;;;;
;;;;;;;;;;;;;;;;;;;;;
;;;;;;;;;;;;;;;;;;;;;
;;;;;;;;;;;;;;;;;;;;;
;;;;;;;;;;;;;;;;;;;;;
;;;;;;;;;;;;;;;;;;;;;
;;;;;;;;;;;;;;;;;;;;;
;;;;;;;;;;;;;;;;;;;;;
;;;;;;;;;;;;;;;;;;;;;
;;;;;;;;;;;;;;;;;;;;;
;;;;;;;;;;;;;;;;;;;;;
;;;;;;;;;;;;;;;;;;;;;
;;;;;;;;;;;;;;;;;;;;;
;;;;;;;;;;;;;;;;;;;;;
;;;;;;;;;;;;;;;;;;;;;
;;;;;;;;;;;;;;;;;;;;;
;;;;;;;;;;;;;;;;;;;;;
;;;;;;;;;;;;;;;;;;;;;
;;;;;;;;;;;;;;;;;;;;;
;;;;;;;;;;;;;;;;;;;;;
;;;;;;;;;;;;;;;;;;;;;
;;;;;;;;;;;;;;;;;;;;;
;;;;;;;;;;;;;;;;;;;;;
;;;;;;;;;;;;;;;;;;;;;
;;;;;;;;;;;;;;;;;;;;;
;;;;;;;;;;;;;;;;;;;;;
;;;;;;;;;;;;;;;;;;;;;
;;;;;;;;;;;;;;;;;;;;;
;;;;;;;;;;;;;;;;;;;;;
;;;;;;;;;;;;;;;;;;;;;
;;;;;;;;;;;;;;;;;;;;;
;;;;;;;;;;;;;;;;;;;;;
;;;;;;;;;;;;;;;;;;;;;
;;;;;;;;;;;;;;;;;;;;;
;;;;;;;;;;;;;;;;;;;;;
;;;;;;;;;;;;;;;;;;;;;
;;;;;;;;;;;;;;;;;;;;;
;;;;;;;;;;;;;;;;;;;;;
;;;;;;;;;;;;;;;;;;;;;
;;;;;;;;;;;;;;;;;;;;;
;;;;;;;;;;;;;;;;;;;;;
;;;;;;;;;;;;;;;;;;;;;
;;;;;;;;;;;;;;;;;;;;;
;;;;;;;;;;;;;;;;;;;;;
;;;;;;;;;;;;;;;;;;;;;
;;;;;;;;;;;;;;;;;;;;;
;;;;;;;;;;;;;;;;;;;;;
;;;;;;;;;;;;;;;;;;;;;
;;;;;;;;;;;;;;;;;;;;;
;;;;;;;;;;;;;;;;;;;;;
;;;;;;;;;;;;;;;;;;;;;
;;;;;;;;;;;;;;;;;;;;;
;;;;;;;;;;;;;;;;;;;;;
;;;;;;;;;;;;;;;;;;;;;
;;;;;;;;;;;;;;;;;;;;;
;;;;;;;;;;;;;;;;;;;;;
;;;;;;;;;;;;;;;;;;;;;
;;;;;;;;;;;;;;;;;;;;;
;;;;;;;;;;;;;;;;;;;;;
;;;;;;;;;;;;;;;;;;;;;
;;;;;;;;;;;;;;;;;;;;;
;;;;;;;;;;;;;;;;;;;;;
;;;;;;;;;;;;;;;;;;;;;
;;;;;;;;;;;;;;;;;;;;;
;;;;;;;;;;;;;;;;;;;;;
;;;;;;;;;;;;;;;;;;;;;
;;;;;;;;;;;;;;;;;;;;;
;;;;;;;;;;;;;;;;;;;;;
;;;;;;;;;;;;;;;;;;;;;
;;;;;;;;;;;;;;;;;;;;;
;;;;;;;;;;;;;;;;;;;;;
;;;;;;;;;;;;;;;;;;;;;
;;;;;;;;;;;;;;;;;;;;;
;;;;;;;;;;;;;;;;;;;;;
;;;;;;;;;;;;;;;;;;;;;
;;;;;;;;;;;;;;;;;;;;;
;;;;;;;;;;;;;;;;;;;;;
;;;;;;;;;;;;;;;;;;;;;
;;;;;;;;;;;;;;;;;;;;;
;;;;;;;;;;;;;;;;;;;;;
;;;;;;;;;;;;;;;;;;;;;
;;;;;;;;;;;;;;;;;;;;;
;;;;;;;;;;;;;;;;;;;;;
;;;;;;;;;;;;;;;;;;;;;
;;;;;;;;;;;;;;;;;;;;;
;;;;;;;;;;;;;;;;;;;;;
;;;;;;;;;;;;;;;;;;;;;
;;;;;;;;;;;;;;;;;;;;;
;;;;;;;;;;;;;;;;;;;;;
;;;;;;;;;;;;;;;;;;;;;
;;;;;;;;;;;;;;;;;;;;;
;;;;;;;;;;;;;;;;;;;;;
;;;;;;;;;;;;;;;;;;;;;
;;;;;;;;;;;;;;;;;;;;;
;;;;;;;;;;;;;;;;;;;;;
;;;;;;;;;;;;;;;;;;;;;
;;;;;;;;;;;;;;;;;;;;;
;;;;;;;;;;;;;;;;;;;;;
;;;;;;;;;;;;;;;;;;;;;
;;;;;;;;;;;;;;;;;;;;;
;;;;;;;;;;;;;;;;;;;;;
;;;;;;;;;;;;;;;;;;;;;
;;;;;;;;;;;;;;;;;;;;;
;;;;;;;;;;;;;;;;;;;;;
;;;;;;;;;;;;;;;;;;;;;
;;;;;;;;;;;;;;;;;;;;;
;;;;;;;;;;;;;;;;;;;;;
;;;;;;;;;;;;;;;;;;;;;
;;;;;;;;;;;;;;;;;;;;;
;;;;;;;;;;;;;;;;;;;;;
;;;;;;;;;;;;;;;;;;;;;
;;;;;;;;;;;;;;;;;;;;;
;;;;;;;;;;;;;;;;;;;;;
;;;;;;;;;;;;;;;;;;;;;
;;;;;;;;;;;;;;;;;;;;;
;;;;;;;;;;;;;;;;;;;;;
;;;;;;;;;;;;;;;;;;;;;
;;;;;;;;;;;;;;;;;;;;;
;;;;;;;;;;;;;;;;;;;;;
;;;;;;;;;;;;;;;;;;;;;
;;;;;;;;;;;;;;;;;;;;;
;;;;;;;;;;;;;;;;;;;;;
;;;;;;;;;;;;;;;;;;;;;
;;;;;;;;;;;;;;;;;;;;;
;;;;;;;;;;;;;;;;;;;;;
;;;;;;;;;;;;;;;;;;;;;
;;;;;;;;;;;;;;;;;;;;;
;;;;;;;;;;;;;;;;;;;;;
;;;;;;;;;;;;;;;;;;;;;
;;;;;;;;;;;;;;;;;;;;;
;;;;;;;;;;;;;;;;;;;;;
;;;;;;;;;;;;;;;;;;;;;
;;;;;;;;;;;;;;;;;;;;;
;;;;;;;;;;;;;;;;;;;;;
;;;;;;;;;;;;;;;;;;;;;
;;;;;;;;;;;;;;;;;;;;;
;;;;;;;;;;;;;;;;;;;;;
;;;;;;;;;;;;;;;;;;;;;
;;;;;;;;;;;;;;;;;;;;;
;;;;;;;;;;;;;;;;;;;;;
;;;;;;;;;;;;;;;;;;;;;
;;;;;;;;;;;;;;;;;;;;;
;;;;;;;;;;;;;;;;;;;;;
;;;;;;;;;;;;;;;;;;;;;
;;;;;;;;;;;;;;;;;;;;;
;;;;;;;;;;;;;;;;;;;;;
;;;;;;;;;;;;;;;;;;;;;
;;;;;;;;;;;;;;;;;;;;;
;;;;;;;;;;;;;;;;;;;;;
;;;;;;;;;;;;;;;;;;;;;
;;;;;;;;;;;;;;;;;;;;;
;;;;;;;;;;;;;;;;;;;;;
;;;;;;;;;;;;;;;;;;;;;
;;;;;;;;;;;;;;;;;;;;;
;;;;;;;;;;;;;;;;;;;;;
;;;;;;;;;;;;;;;;;;;;;
;;;;;;;;;;;;;;;;;;;;;
;;;;;;;;;;;;;;;;;;;;;
;;;;;;;;;;;;;;;;;;;;;
;;;;;;;;;;;;;;;;;;;;;
;;;;;;;;;;;;;;;;;;;;;
;;;;;;;;;;;;;;;;;;;;;
;;;;;;;;;;;;;;;;;;;;;
;;;;;;;;;;;;;;;;;;;;;
;;;;;;;;;;;;;;;;;;;;;
;;;;;;;;;;;;;;;;;;;;;
;;;;;;;;;;;;;;;;;;;;;
;;;;;;;;;;;;;;;;;;;;;
;;;;;;;;;;;;;;;;;;;;;
;;;;;;;;;;;;;;;;;;;;;
;;;;;;;;;;;;;;;;;;;;;
;;;;;;;;;;;;;;;;;;;;;
;;;;;;;;;;;;;;;;;;;;;
;;;;;;;;;;;;;;;;;;;;;
;;;;;;;;;;;;;;;;;;;;;
;;;;;;;;;;;;;;;;;;;;;
;;;;;;;;;;;;;;;;;;;;;
;;;;;;;;;;;;;;;;;;;;;
;;;;;;;;;;;;;;;;;;;;;
;;;;;;;;;;;;;;;;;;;;;
;;;;;;;;;;;;;;;;;;;;;
;;;;;;;;;;;;;;;;;;;;;
;;;;;;;;;;;;;;;;;;;;;
;;;;;;;;;;;;;;;;;;;;;
;;;;;;;;;;;;;;;;;;;;;
;;;;;;;;;;;;;;;;;;;;;
;;;;;;;;;;;;;;;;;;;;;
;;;;;;;;;;;;;;;;;;;;;
;;;;;;;;;;;;;;;;;;;;;
;;;;;;;;;;;;;;;;;;;;;
;;;;;;;;;;;;;;;;;;;;;
;;;;;;;;;;;;;;;;;;;;;
;;;;;;;;;;;;;;;;;;;;;
;;;;;;;;;;;;;;;;;;;;;
;;;;;;;;;;;;;;;;;;;;;
;;;;;;;;;;;;;;;;;;;;;
;;;;;;;;;;;;;;;;;;;;;
;;;;;;;;;;;;;;;;;;;;;
;;;;;;;;;;;;;;;;;;;;;
;;;;;;;;;;;;;;;;;;;;;
;;;;;;;;;;;;;;;;;;;;;
;;;;;;;;;;;;;;;;;;;;;
;;;;;;;;;;;;;;;;;;;;;
;;;;;;;;;;;;;;;;;;;;;
;;;;;;;;;;;;;;;;;;;;;
;;;;;;;;;;;;;;;;;;;;;
;;;;;;;;;;;;;;;;;;;;;
;;;;;;;;;;;;;;;;;;;;;
;;;;;;;;;;;;;;;;;;;;;
;;;;;;;;;;;;;;;;;;;;;
;;;;;;;;;;;;;;;;;;;;;
;;;;;;;;;;;;;;;;;;;;;
;;;;;;;;;;;;;;;;;;;;;
;;;;;;;;;;;;;;;;;;;;;
;;;;;;;;;;;;;;;;;;;;;
;;;;;;;;;;;;;;;;;;;;;
;;;;;;;;;;;;;;;;;;;;;
;;;;;;;;;;;;;;;;;;;;;
;;;;;;;;;;;;;;;;;;;;;
;;;;;;;;;;;;;;;;;;;;;
;;;;;;;;;;;;;;;;;;;;;
;;;;;;;;;;;;;;;;;;;;;
;;;;;;;;;;;;;;;;;;;;;
;;;;;;;;;;;;;;;;;;;;;
;;;;;;;;;;;;;;;;;;;;;
;;;;;;;;;;;;;;;;;;;;;
;;;;;;;;;;;;;;;;;;;;;
;;;;;;;;;;;;;;;;;;;;;
;;;;;;;;;;;;;;;;;;;;;
;;;;;;;;;;;;;;;;;;;;;
;;;;;;;;;;;;;;;;;;;;;
;;;;;;;;;;;;;;;;;;;;;
;;;;;;;;;;;;;;;;;;;;;
;;;;;;;;;;;;;;;;;;;;;
;;;;;;;;;;;;;;;;;;;;;
;;;;;;;;;;;;;;;;;;;;;
;;;;;;;;;;;;;;;;;;;;;
;;;;;;;;;;;;;;;;;;;;;
;;;;;;;;;;;;;;;;;;;;;
;;;;;;;;;;;;;;;;;;;;;
;;;;;;;;;;;;;;;;;;;;;
;;;;;;;;;;;;;;;;;;;;;
;;;;;;;;;;;;;;;;;;;;;
;;;;;;;;;;;;;;;;;;;;;
;;;;;;;;;;;;;;;;;;;;;
;;;;;;;;;;;;;;;;;;;;;
;;;;;;;;;;;;;;;;;;;;;
;;;;;;;;;;;;;;;;;;;;;
;;;;;;;;;;;;;;;;;;;;;
;;;;;;;;;;;;;;;;;;;;;
;;;;;;;;;;;;;;;;;;;;;
;;;;;;;;;;;;;;;;;;;;;
;;;;;;;;;;;;;;;;;;;;;
;;;;;;;;;;;;;;;;;;;;;
;;;;;;;;;;;;;;;;;;;;;
;;;;;;;;;;;;;;;;;;;;;
;;;;;;;;;;;;;;;;;;;;;
;;;;;;;;;;;;;;;;;;;;;
;;;;;;;;;;;;;;;;;;;;;
;;;;;;;;;;;;;;;;;;;;;
;;;;;;;;;;;;;;;;;;;;;
;;;;;;;;;;;;;;;;;;;;;
;;;;;;;;;;;;;;;;;;;;;
;;;;;;;;;;;;;;;;;;;;;
;;;;;;;;;;;;;;;;;;;;;
;;;;;;;;;;;;;;;;;;;;;
;;;;;;;;;;;;;;;;;;;;;
;;;;;;;;;;;;;;;;;;;;;
;;;;;;;;;;;;;;;;;;;;;
;;;;;;;;;;;;;;;;;;;;;
;;;;;;;;;;;;;;;;;;;;;
;;;;;;;;;;;;;;;;;;;;;
;;;;;;;;;;;;;;;;;;;;;
;;;;;;;;;;;;;;;;;;;;;
;;;;;;;;;;;;;;;;;;;;;
;;;;;;;;;;;;;;;;;;;;;
;;;;;;;;;;;;;;;;;;;;;
;;;;;;;;;;;;;;;;;;;;;
;;;;;;;;;;;;;;;;;;;;;
;;;;;;;;;;;;;;;;;;;;;
;;;;;;;;;;;;;;;;;;;;;
;;;;;;;;;;;;;;;;;;;;;
;;;;;;;;;;;;;;;;;;;;;
;;;;;;;;;;;;;;;;;;;;;
;;;;;;;;;;;;;;;;;;;;;
;;;;;;;;;;;;;;;;;;;;;
;;;;;;;;;;;;;;;;;;;;;
;;;;;;;;;;;;;;;;;;;;;
;;;;;;;;;;;;;;;;;;;;;
;;;;;;;;;;;;;;;;;;;;;
;;;;;;;;;;;;;;;;;;;;;
;;;;;;;;;;;;;;;;;;;;;
;;;;;;;;;;;;;;;;;;;;;
;;;;;;;;;;;;;;;;;;;;;
;;;;;;;;;;;;;;;;;;;;;
;;;;;;;;;;;;;;;;;;;;;
;;;;;;;;;;;;;;;;;;;;;
;;;;;;;;;;;;;;;;;;;;;
;;;;;;;;;;;;;;;;;;;;;
;;;;;;;;;;;;;;;;;;;;;
;;;;;;;;;;;;;;;;;;;;;
;;;;;;;;;;;;;;;;;;;;;
;;;;;;;;;;;;;;;;;;;;;
;;;;;;;;;;;;;;;;;;;;;
;;;;;;;;;;;;;;;;;;;;;
;;;;;;;;;;;;;;;;;;;;;
;;;;;;;;;;;;;;;;;;;;;
;;;;;;;;;;;;;;;;;;;;;
;;;;;;;;;;;;;;;;;;;;;
;;;;;;;;;;;;;;;;;;;;;
;;;;;;;;;;;;;;;;;;;;;
;;;;;;;;;;;;;;;;;;;;;
;;;;;;;;;;;;;;;;;;;;;
;;;;;;;;;;;;;;;;;;;;;
;;;;;;;;;;;;;;;;;;;;;
;;;;;;;;;;;;;;;;;;;;;
;;;;;;;;;;;;;;;;;;;;;
;;;;;;;;;;;;;;;;;;;;;
;;;;;;;;;;;;;;;;;;;;;
;;;;;;;;;;;;;;;;;;;;;
;;;;;;;;;;;;;;;;;;;;;
;;;;;;;;;;;;;;;;;;;;;
;;;;;;;;;;;;;;;;;;;;;
;;;;;;;;;;;;;;;;;;;;;
;;;;;;;;;;;;;;;;;;;;;
;;;;;;;;;;;;;;;;;;;;;
;;;;;;;;;;;;;;;;;;;;;
;;;;;;;;;;;;;;;;;;;;;
;;;;;;;;;;;;;;;;;;;;;
;;;;;;;;;;;;;;;;;;;;;
;;;;;;;;;;;;;;;;;;;;;
;;;;;;;;;;;;;;;;;;;;;
;;;;;;;;;;;;;;;;;;;;;
;;;;;;;;;;;;;;;;;;;;;
;;;;;;;;;;;;;;;;;;;;;
;;;;;;;;;;;;;;;;;;;;;
;;;;;;;;;;;;;;;;;;;;;
;;;;;;;;;;;;;;;;;;;;;
;;;;;;;;;;;;;;;;;;;;;
;;;;;;;;;;;;;;;;;;;;;
;;;;;;;;;;;;;;;;;;;;;
;;;;;;;;;;;;;;;;;;;;;
;;;;;;;;;;;;;;;;;;;;;
;;;;;;;;;;;;;;;;;;;;;
;;;;;;;;;;;;;;;;;;;;;
;;;;;;;;;;;;;;;;;;;;;
;;;;;;;;;;;;;;;;;;;;;
;;;;;;;;;;;;;;;;;;;;;
;;;;;;;;;;;;;;;;;;;;;
;;;;;;;;;;;;;;;;;;;;;
;;;;;;;;;;;;;;;;;;;;;
;;;;;;;;;;;;;;;;;;;;;
;;;;;;;;;;;;;;;;;;;;;
;;;;;;;;;;;;;;;;;;;;;
;;;;;;;;;;;;;;;;;;;;;
;;;;;;;;;;;;;;;;;;;;;
;;;;;;;;;;;;;;;;;;;;;
;;;;;;;;;;;;;;;;;;;;;
;;;;;;;;;;;;;;;;;;;;;
;;;;;;;;;;;;;;;;;;;;;
;;;;;;;;;;;;;;;;;;;;;
;;;;;;;;;;;;;;;;;;;;;
;;;;;;;;;;;;;;;;;;;;;
;;;;;;;;;;;;;;;;;;;;;
;;;;;;;;;;;;;;;;;;;;;
;;;;;;;;;;;;;;;;;;;;;
;;;;;;;;;;;;;;;;;;;;;
;;;;;;;;;;;;;;;;;;;;;
;;;;;;;;;;;;;;;;;;;;;
;;;;;;;;;;;;;;;;;;;;;
;;;;;;;;;;;;;;;;;;;;;
;;;;;;;;;;;;;;;;;;;;;
;;;;;;;;;;;;;;;;;;;;;
;;;;;;;;;;;;;;;;;;;;;
;;;;;;;;;;;;;;;;;;;;;
;;;;;;;;;;;;;;;;;;;;;
;;;;;;;;;;;;;;;;;;;;;
;;;;;;;;;;;;;;;;;;;;;
;;;;;;;;;;;;;;;;;;;;;
;;;;;;;;;;;;;;;;;;;;;
;;;;;;;;;;;;;;;;;;;;;
;;;;;;;;;;;;;;;;;;;;;
;;;;;;;;;;;;;;;;;;;;;
;;;;;;;;;;;;;;;;;;;;;
;;;;;;;;;;;;;;;;;;;;;
;;;;;;;;;;;;;;;;;;;;;
;;;;;;;;;;;;;;;;;;;;;
;;;;;;;;;;;;;;;;;;;;;
;;;;;;;;;;;;;;;;;;;;;
;;;;;;;;;;;;;;;;;;;;;
;;;;;;;;;;;;;;;;;;;;;
;;;;;;;;;;;;;;;;;;;;;
;;;;;;;;;;;;;;;;;;;;;
;;;;;;;;;;;;;;;;;;;;;
;;;;;;;;;;;;;;;;;;;;;
;;;;;;;;;;;;;;;;;;;;;
;;;;;;;;;;;;;;;;;;;;;
;;;;;;;;;;;;;;;;;;;;;
;;;;;;;;;;;;;;;;;;;;;
;;;;;;;;;;;;;;;;;;;;;
;;;;;;;;;;;;;;;;;;;;;
;;;;;;;;;;;;;;;;;;;;;
;;;;;;;;;;;;;;;;;;;;;
;;;;;;;;;;;;;;;;;;;;;
;;;;;;;;;;;;;;;;;;;;;
;;;;;;;;;;;;;;;;;;;;;
;;;;;;;;;;;;;;;;;;;;;
;;;;;;;;;;;;;;;;;;;;;
;;;;;;;;;;;;;;;;;;;;;
;;;;;;;;;;;;;;;;;;;;;
;;;;;;;;;;;;;;;;;;;;;
;;;;;;;;;;;;;;;;;;;;;
;;;;;;;;;;;;;;;;;;;;;
;;;;;;;;;;;;;;;;;;;;;
;;;;;;;;;;;;;;;;;;;;;
;;;;;;;;;;;;;;;;;;;;;
;;;;;;;;;;;;;;;;;;;;;
;;;;;;;;;;;;;;;;;;;;;
;;;;;;;;;;;;;;;;;;;;;
;;;;;;;;;;;;;;;;;;;;;
;;;;;;;;;;;;;;;;;;;;;
;;;;;;;;;;;;;;;;;;;;;
;;;;;;;;;;;;;;;;;;;;;
;;;;;;;;;;;;;;;;;;;;;
;;;;;;;;;;;;;;;;;;;;;
;;;;;;;;;;;;;;;;;;;;;
;;;;;;;;;;;;;;;;;;;;;
;;;;;;;;;;;;;;;;;;;;;
;;;;;;;;;;;;;;;;;;;;;
;;;;;;;;;;;;;;;;;;;;;
;;;;;;;;;;;;;;;;;;;;;
;;;;;;;;;;;;;;;;;;;;;
;;;;;;;;;;;;;;;;;;;;;
;;;;;;;;;;;;;;;;;;;;;
;;;;;;;;;;;;;;;;;;;;;
;;;;;;;;;;;;;;;;;;;;;
;;;;;;;;;;;;;;;;;;;;;
;;;;;;;;;;;;;;;;;;;;;
;;;;;;;;;;;;;;;;;;;;;
;;;;;;;;;;;;;;;;;;;;;
;;;;;;;;;;;;;;;;;;;;;
;;;;;;;;;;;;;;;;;;;;;
;;;;;;;;;;;;;;;;;;;;;
;;;;;;;;;;;;;;;;;;;;;
;;;;;;;;;;;;;;;;;;;;;
;;;;;;;;;;;;;;;;;;;;;
;;;;;;;;;;;;;;;;;;;;;
;;;;;;;;;;;;;;;;;;;;;
;;;;;;;;;;;;;;;;;;;;;
;;;;;;;;;;;;;;;;;;;;;
;;;;;;;;;;;;;;;;;;;;;
;;;;;;;;;;;;;;;;;;;;;
;;;;;;;;;;;;;;;;;;;;;
;;;;;;;;;;;;;;;;;;;;;
;;;;;;;;;;;;;;;;;;;;;
;;;;;;;;;;;;;;;;;;;;;
;;;;;;;;;;;;;;;;;;;;;
;;;;;;;;;;;;;;;;;;;;;
;;;;;;;;;;;;;;;;;;;;;
;;;;;;;;;;;;;;;;;;;;;
;;;;;;;;;;;;;;;;;;;;;
;;;;;;;;;;;;;;;;;;;;;
;;;;;;;;;;;;;;;;;;;;;
;;;;;;;;;;;;;;;;;;;;;
;;;;;;;;;;;;;;;;;;;;;
;;;;;;;;;;;;;;;;;;;;;
;;;;;;;;;;;;;;;;;;;;;
;;;;;;;;;;;;;;;;;;;;;
;;;;;;;;;;;;;;;;;;;;;
;;;;;;;;;;;;;;;;;;;;;
;;;;;;;;;;;;;;;;;;;;;
;;;;;;;;;;;;;;;;;;;;;
;;;;;;;;;;;;;;;;;;;;;
;;;;;;;;;;;;;;;;;;;;;
;;;;;;;;;;;;;;;;;;;;;
;;;;;;;;;;;;;;;;;;;;;
;;;;;;;;;;;;;;;;;;;;;
;;;;;;;;;;;;;;;;;;;;;
;;;;;;;;;;;;;;;;;;;;;
;;;;;;;;;;;;;;;;;;;;;
;;;;;;;;;;;;;;;;;;;;;
;;;;;;;;;;;;;;;;;;;;;
;;;;;;;;;;;;;;;;;;;;;
;;;;;;;;;;;;;;;;;;;;;
;;;;;;;;;;;;;;;;;;;;;
;;;;;;;;;;;;;;;;;;;;;
;;;;;;;;;;;;;;;;;;;;;
;;;;;;;;;;;;;;;;;;;;;
;;;;;;;;;;;;;;;;;;;;;
;;;;;;;;;;;;;;;;;;;;;
;;;;;;;;;;;;;;;;;;;;;
;;;;;;;;;;;;;;;;;;;;;
;;;;;;;;;;;;;;;;;;;;;
;;;;;;;;;;;;;;;;;;;;;
;;;;;;;;;;;;;;;;;;;;;
;;;;;;;;;;;;;;;;;;;;;
;;;;;;;;;;;;;;;;;;;;;
;;;;;;;;;;;;;;;;;;;;;
;;;;;;;;;;;;;;;;;;;;;
;;;;;;;;;;;;;;;;;;;;;
;;;;;;;;;;;;;;;;;;;;;
;;;;;;;;;;;;;;;;;;;;;
;;;;;;;;;;;;;;;;;;;;;
;;;;;;;;;;;;;;;;;;;;;
;;;;;;;;;;;;;;;;;;;;;
;;;;;;;;;;;;;;;;;;;;;
;;;;;;;;;;;;;;;;;;;;;
;;;;;;;;;;;;;;;;;;;;;
;;;;;;;;;;;;;;;;;;;;;
;;;;;;;;;;;;;;;;;;;;;
;;;;;;;;;;;;;;;;;;;;;
;;;;;;;;;;;;;;;;;;;;;
;;;;;;;;;;;;;;;;;;;;;
;;;;;;;;;;;;;;;;;;;;;
;;;;;;;;;;;;;;;;;;;;;
;;;;;;;;;;;;;;;;;;;;;
;;;;;;;;;;;;;;;;;;;;;
;;;;;;;;;;;;;;;;;;;;;
;;;;;;;;;;;;;;;;;;;;;
;;;;;;;;;;;;;;;;;;;;;
;;;;;;;;;;;;;;;;;;;;;
;;;;;;;;;;;;;;;;;;;;;
;;;;;;;;;;;;;;;;;;;;;
;;;;;;;;;;;;;;;;;;;;;
;;;;;;;;;;;;;;;;;;;;;
;;;;;;;;;;;;;;;;;;;;;
;;;;;;;;;;;;;;;;;;;;;
;;;;;;;;;;;;;;;;;;;;;
;;;;;;;;;;;;;;;;;;;;;
;;;;;;;;;;;;;;;;;;;;;
;;;;;;;;;;;;;;;;;;;;;
;;;;;;;;;;;;;;;;;;;;;
;;;;;;;;;;;;;;;;;;;;;
;;;;;;;;;;;;;;;;;;;;;
;;;;;;;;;;;;;;;;;;;;;
;;;;;;;;;;;;;;;;;;;;;
;;;;;;;;;;;;;;;;;;;;;
;;;;;;;;;;;;;;;;;;;;;
;;;;;;;;;;;;;;;;;;;;;
;;;;;;;;;;;;;;;;;;;;;
;;;;;;;;;;;;;;;;;;;;;
;;;;;;;;;;;;;;;;;;;;;
;;;;;;;;;;;;;;;;;;;;;
;;;;;;;;;;;;;;;;;;;;;
;;;;;;;;;;;;;;;;;;;;;
;;;;;;;;;;;;;;;;;;;;;
;;;;;;;;;;;;;;;;;;;;;
;;;;;;;;;;;;;;;;;;;;;
;;;;;;;;;;;;;;;;;;;;;
;;;;;;;;;;;;;;;;;;;;;
;;;;;;;;;;;;;;;;;;;;;
;;;;;;;;;;;;;;;;;;;;;
;;;;;;;;;;;;;;;;;;;;;
;;;;;;;;;;;;;;;;;;;;;
;;;;;;;;;;;;;;;;;;;;;
;;;;;;;;;;;;;;;;;;;;;
;;;;;;;;;;;;;;;;;;;;;
;;;;;;;;;;;;;;;;;;;;;
;;;;;;;;;;;;;;;;;;;;;
;;;;;;;;;;;;;;;;;;;;;
;;;;;;;;;;;;;;;;;;;;;
;;;;;;;;;;;;;;;;;;;;;
;;;;;;;;;;;;;;;;;;;;;
;;;;;;;;;;;;;;;;;;;;;
;;;;;;;;;;;;;;;;;;;;;
;;;;;;;;;;;;;;;;;;;;;
;;;;;;;;;;;;;;;;;;;;;
;;;;;;;;;;;;;;;;;;;;;
;;;;;;;;;;;;;;;;;;;;;
;;;;;;;;;;;;;;;;;;;;;
;;;;;;;;;;;;;;;;;;;;;
;;;;;;;;;;;;;;;;;;;;;
;;;;;;;;;;;;;;;;;;;;;
;;;;;;;;;;;;;;;;;;;;;
