Date;Time;G;Tournament;Map;Mode;Opponent;;Vs. Opponent;VOD;Civ1;Civ2;Win;Mirror;Civ List;Picks;Wins;Win Rate;CDPS Score;Arabia;Total matches;191
07/11/2025;16:00 UTC;[Age of Empires II];Through the Ages 2 [Through the Ages/2];MegaRandom [MegaRandom];1v1;TaToH [TaToH] [Spain] [Spain] [Mongols] [Mongols];>;DauT [Byzantines] [Byzantines] [Serbia] [Serbia] [DauT];(G3) [Watch VOD] [Watch VOD];Mongols;Byzantines;Mongols;FALSE;Armenians;1;0;0%;0,00;Arabia;;
09/10/2025;14:00 UTC;[Age of Empires II];Through the Ages 1 [Through the Ages/1];MegaRandom [MegaRandom];1v1;Vinchester [Vinchester] [Russia] [Russia] [Huns] [Huns];>;ACCM [Bohemians] [Bohemians] [Vietnam] [Vietnam] [ACCM];;Huns;Bohemians;Huns;FALSE;Aztecs;3;1;33%;34,58;Arabia;;
08/06/2025;23:30 UTC;[Age of Empires II];Anti-Meta Tournament 2 [Anti-Meta Tournament/2];MegaRandom [MegaRandom];1v1;Biry [Biry] [Argentina] [Argentina] [Mongols] [Mongols];>;Redphosphoru [Bengalis] [Bengalis] [United States] [United States] [Redphosphoru (page does not exist)];;Mongols;Bengalis;Mongols;FALSE;Bengalis;4;2;50%;54,91;Arabia;;
08/06/2025;01:00 UTC;[Age of Empires II];Anti-Meta Tournament 2 [Anti-Meta Tournament/2];MegaRandom [MegaRandom];1v1;Hoang [Hoang] [Vietnam] [Vietnam] [Britons] [Britons];<;Matze [Bengalis] [Bengalis] [Germany] [Germany] [Matze];;Britons;Bengalis;Bengalis;FALSE;Berbers;21;11;52%;62,78;Arabia;;
07/06/2025;23:00 UTC;[Age of Empires II];Anti-Meta Tournament 2 [Anti-Meta Tournament/2];MegaRandom [MegaRandom];1v1;Hoang [Hoang] [Vietnam] [Vietnam] [Britons] [Britons];<;Biry [Mongols] [Mongols] [Argentina] [Argentina] [Biry];;Britons;Mongols;Mongols;FALSE;Bohemians;3;1;33%;34,58;Arabia;;
07/06/2025;21:30 UTC;[Age of Empires II];Anti-Meta Tournament 2 [Anti-Meta Tournament/2];MegaRandom [MegaRandom];1v1;Matze [Matze] [Germany] [Germany] [Spanish] [Spanish];>;SeMuR [Saracens] [Saracens] [Spain] [Spain] [SeMuR (page does not exist)];;Spanish;Saracens;Spanish;FALSE;Britons;14;8;57%;64,23;Arabia;;
07/06/2025;20:00 UTC;[Age of Empires II];Anti-Meta Tournament 2 [Anti-Meta Tournament/2];MegaRandom [MegaRandom];1v1;SeMuR [SeMuR (page does not exist)] [Spain] [Spain] [Saracens] [Saracens];<;Biry [Spanish] [Spanish] [Argentina] [Argentina] [Biry];;Saracens;Spanish;Spanish;FALSE;Bulgarians;3;1;33%;34,58;Arabia;;
07/06/2025;19:00 UTC;[Age of Empires II];Anti-Meta Tournament 2 [Anti-Meta Tournament/2];MegaRandom [MegaRandom];1v1;SeMuR [SeMuR (page does not exist)] [Spain] [Spain] [Japanese] [Japanese];<;Hoang [Mongols] [Mongols] [Vietnam] [Vietnam] [Hoang];;Japanese;Mongols;Mongols;FALSE;Burgundians;10;4;38%;45,72;Arabia;;
07/06/2025;17:30 UTC;[Age of Empires II];Anti-Meta Tournament 2 [Anti-Meta Tournament/2];MegaRandom [MegaRandom];1v1;Matze [Matze] [Germany] [Germany] [Bengalis] [Bengalis];<;Biry [Mongols] [Mongols] [Argentina] [Argentina] [Biry];;Bengalis;Mongols;Mongols;FALSE;Burmese;3;1;33%;34,58;Arabia;;
06/06/2025;20:45 UTC;[Age of Empires II];Anti-Meta Tournament 2 [Anti-Meta Tournament/2];MegaRandom [MegaRandom];1v1;Youpudding [Youpudding] [Taiwan] [Taiwan] [Celts] [Celts];<;VarVarus [Byzantines] [Byzantines] [Argentina] [Argentina] [VarVarus];;Celts;Byzantines;Byzantines;FALSE;Byzantines;13;8;62%;66,76;Arabia;;
06/06/2025;18:30 UTC;[Age of Empires II];Anti-Meta Tournament 2 [Anti-Meta Tournament/2];MegaRandom [MegaRandom];1v1;Survivalist [Survivalist] [Canada] [Canada] [Georgians] [Georgians];>;Youpudding [Wu] [Wu] [Taiwan] [Taiwan] [Youpudding];;Georgians;Wu;Georgians;FALSE;Celts;7;3;43%;53,26;Arabia;;
27/05/2025;13:10 UTC;[Age of Empires II];C?ng VNS 2024 [C?ng VNS/2024];MegaRandom [MegaRandom];1v1;Thŕnh C? Qu?ng Tr? [Thŕnh C? Qu?ng Tr?] [Vietnam] [Vietnam] [Vietnamese] [Vietnamese];>;saymyname [Mongols] [Mongols] [Vietnam] [Vietnam] [Saymyname];;Vietnamese;Mongols;Vietnamese;FALSE;Chinese;3;0;0%;0,00;Arabia;;
04/03/2025;13:00 UTC;[Age of Empires II];Hera vs Kasva [Hera vs Kasva];MegaRandom [MegaRandom];1v1;Kasva [Kasva] [Turkey] [Turkey] [Chinese] [Chinese];<;Hera [Malay] [Malay] [Canada] [Canada] [Hera];;Chinese;Malay;Malay;FALSE;Cumans;5;3;60%;59,40;Arabia;;
14/01/2025;14:00 UTC;[Age of Empires II];Liereyy vs Yo [Liereyy vs Yo];MegaRandom [MegaRandom];1v1;Yo [Yo] [China] [China] [Byzantines] [Byzantines];<;Liereyy [Romans] [Romans] [Austria] [Austria] [Liereyy];(G3) [Watch VOD] [Watch VOD];Byzantines;Romans;Romans;FALSE;Dravidians;2;2;100%;62,31;Arabia;;
18/12/2024;19:30 UTC;[Age of Empires II];Holly Jolly Christmas Cup 2 [Holly Jolly Christmas Cup/2];MegaRandom [MegaRandom];1v1;FreakinAndy [FreakinAndy] [Austria] [Austria] [Georgians] [Georgians];>;Uzzi [Berbers] [Berbers] [Mexico] [Mexico] [Uzzi];;Georgians;Berbers;Georgians;FALSE;Ethiopians;5;3;60%;59,40;Arabia;;
08/12/2024;16:00 UTC;[Age of Empires II];Holly Jolly Christmas Cup 2 [Holly Jolly Christmas Cup/2];MegaRandom [MegaRandom];1v1;AntagonisT [IAnTaGoNiStI] [Russia] [Russia] [Mongols] [Mongols];>;FreakinAndy [Hindustanis] [Hindustanis] [Austria] [Austria] [FreakinAndy];;Mongols;Hindustanis;Mongols;FALSE;Franks;9;4;44%;54,46;Arabia;;
11/11/2024;21:25 UTC;[Age of Empires II];Holly Jolly Christmas Cup 2 [Holly Jolly Christmas Cup/2];MegaRandom [MegaRandom];1v1;Combito [Combito] [Mexico] [Mexico] [Lithuanians] [Lithuanians];<;dogao [Persians] [Persians] [Brazil] [Brazil] [Dogao];;Lithuanians;Persians;Persians;FALSE;Georgians;5;4;80%;67,05;Arabia;;
11/09/2024;17:15 UTC;[Age of Empires II];The Pick and Mixer [The Pick and Mixer/1];MegaRandom [MegaRandom];1v1;IAnTaGoNiStI [IAnTaGoNiStI] [Russia] [Russia] [Berbers] [Berbers];>;King_Boo [Huns] [Huns] [United Kingdom] [United Kingdom] [King Boo];;Berbers;Huns;Berbers;FALSE;Goths;9;5;56%;60,67;Arabia;;
30/08/2024;11:00 UTC;[Age of Empires II];The Pick and Mixer [The Pick and Mixer/1];MegaRandom [MegaRandom];1v1;shiXo.# [ShiXo.] [Germany] [Germany] [Berbers] [Berbers];<;IAnTaGoNiStI [Georgians] [Georgians] [Russia] [Russia] [IAnTaGoNiStI];;Berbers;Georgians;Georgians;FALSE;Gurjaras;12;3;20%;10,58;Arabia;;
21/08/2024;17:00 UTC;[Age of Empires II];The Pick and Mixer [The Pick and Mixer/1];MegaRandom [MegaRandom];1v1;TeMo [TeMo] [Morocco] [Morocco] [Saracens] [Saracens];>;yomi [Celts] [Celts] [Japan] [Japan] [Yomi (page does not exist)];;Saracens;Celts;Saracens;FALSE;Hindustanis;8;6;75%;70,18;Arabia;;
17/08/2024;18:00 UTC;[Age of Empires II];The Pick and Mixer [The Pick and Mixer/1];MegaRandom [MegaRandom];1v1;Frost_9 [Frost 9] [Sweden] [Sweden] [Persians] [Persians];<;Solana to the Moon [Spanish] [Spanish] [France] [France] [NeoZz];;Persians;Spanish;Spanish;FALSE;Huns;8;2;25%;17,24;Arabia;;
15/08/2024;21:00 UTC;[Age of Empires II];The Pick and Mixer [The Pick and Mixer/1];MegaRandom [MegaRandom];1v1;OLADUSHEK [OLADUSHEK] [Belarus] [Belarus] [Ethiopians] [Ethiopians];>;Chanchilaru [Persians] [Persians] [Chile] [Chile] [Chanchilaru];;Ethiopians;Persians;Ethiopians;FALSE;Incas;0;0;0%;0,00;Arabia;;
12/08/2024;17:30 UTC;[Age of Empires II];The Pick and Mixer [The Pick and Mixer/1];MegaRandom [MegaRandom];1v1;FreakinAndy [FreakinAndy] [Austria] [Austria] [Byzantines] [Byzantines];>;Pela [Hindustanis] [Hindustanis] [Argentina] [Argentina] [Pela];;Byzantines;Hindustanis;Byzantines;FALSE;Italians;13;5;38%;47,23;Arabia;;
08/08/2024;18:00 UTC;[Age of Empires II];The Pick and Mixer [The Pick and Mixer/1];MegaRandom [MegaRandom];1v1;Pela [Pela] [Argentina] [Argentina] [Hindustanis] [Hindustanis];>;kelar [Saracens] [Saracens] [Germany] [Germany] [Kelar];;Hindustanis;Saracens;Hindustanis;FALSE;Japanese;8;6;75%;70,18;Arabia;;
07/08/2024;18:00 UTC;[Age of Empires II];The Pick and Mixer [The Pick and Mixer/1];MegaRandom [MegaRandom];1v1;TeMo [TeMo] [Morocco] [Morocco] [Portuguese] [Portuguese];>;shiXo.# [Vietnamese] [Vietnamese] [Germany] [Germany] [ShiXo.];;Portuguese;Vietnamese;Portuguese;FALSE;Jurchens;0;0;0%;0,00;Arabia;;
05/08/2024;02:30 UTC;[Age of Empires II];The Pick and Mixer [The Pick and Mixer/1];MegaRandom [MegaRandom];1v1;yomi [Yomi (page does not exist)] [Japan] [Japan] [Mongols] [Mongols];>;Rodrixs [Mongols] [Mongols] [Argentina] [Argentina] [Rodrixs];;Mongols;Mongols;Mongols;TRUE;Khitans;0;0;0%;0,00;Arabia;;
03/08/2024;18:00 UTC;[Age of Empires II];The Pick and Mixer [The Pick and Mixer/1];MegaRandom [MegaRandom];1v1;IAnTaGoNiStI [IAnTaGoNiStI] [Russia] [Russia] [Ethiopians] [Ethiopians];>;Frost_9 [Mongols] [Mongols] [Sweden] [Sweden] [Frost 9];;Ethiopians;Mongols;Ethiopians;FALSE;Khmer;5;3;60%;59,40;Arabia;;
12/06/2024;16:00 UTC;[Age of Empires II];Winner Stays On 5 (AoE2) [Winner Stays On/AoE2/5];MegaRandom [MegaRandom];1v1;FreakinAndy [FreakinAndy] [Austria] [Austria] [Byzantines] [Byzantines];>;DauT [Persians] [Persians] [Serbia] [Serbia] [DauT];(G4) [Watch VOD] [Watch VOD];Byzantines;Persians;Byzantines;FALSE;Koreans;0;0;0%;0,00;Arabia;;
12/06/2024;16:00 UTC;[Age of Empires II];Winner Stays On 4 (AoE2) [Winner Stays On/AoE2/4];MegaRandom [MegaRandom];1v1;FreakinAndy [FreakinAndy] [Austria] [Austria] [Malians] [Malians];<;Capoch [Lithuanians] [Lithuanians] [Argentina] [Argentina] [Capoch];(G2) [Watch VOD] [Watch VOD];Malians;Lithuanians;Lithuanians;FALSE;Lithuanians;23;10;43%;55,52;Arabia;;
15/05/2024;16:00 UTC;[Age of Empires II];Winner Stays On 1 (AoE2) [Winner Stays On/AoE2/1];MegaRandom [MegaRandom];1v1;Lewis [Lewis] [United Kingdom] [United Kingdom] [Portuguese] [Portuguese];<;Capoch [Lithuanians] [Lithuanians] [Argentina] [Argentina] [Capoch];(G5) [Watch VOD] [Watch VOD];Portuguese;Lithuanians;Lithuanians;FALSE;Magyars;6;1;17%;7,24;Arabia;;
18/02/2024;21:00 UTC;[Age of Empires II];Fight Club Monthly #3 [Fight Club Monthly/3];MegaRandom [MegaRandom];1v1;Faith2Adventure [Faith2Adventure] [United States] [United States] [Berbers] [Berbers];>;SoloGhostAK47 [Goths] [Goths] [United States] [United States] [SoloGhostAK47];;Berbers;Goths;Berbers;FALSE;Malay;9;6;71%;66,88;Arabia;;
18/02/2024;01:00 UTC;[Age of Empires II];Fight Club Monthly #3 [Fight Club Monthly/3];MegaRandom [MegaRandom];1v1;D4NI3L J0N35 [D4NI3L J0N35 (page does not exist)] [Wales] [Wales] [Magyars] [Magyars];<;SoloGhostAK47 [Goths] [Goths] [United States] [United States] [SoloGhostAK47];;Magyars;Goths;Goths;FALSE;Malians;6;0;0%;0,00;Arabia;;
17/02/2024;22:30 UTC;[Age of Empires II];Fight Club Monthly #3 [Fight Club Monthly/3];MegaRandom [MegaRandom];1v1;OvercomeCloud74 [OvercomeCloud74 (page does not exist)] [Mexico] [Mexico] [Byzantines] [Byzantines];<;Faith2Adventure [Goths] [Goths] [United States] [United States] [Faith2Adventure];;Byzantines;Goths;Goths;FALSE;Mapuche;0;0;0%;0,00;Arabia;;
17/02/2024;20:30 UTC;[Age of Empires II];Fight Club Monthly #3 [Fight Club Monthly/3];MegaRandom [MegaRandom];1v1;LIAMOR425 [LIAMOR425 (page does not exist)] [United States] [United States] [Malians] [Malians];<;SoloGhostAK47 [Mongols] [Mongols] [United States] [United States] [SoloGhostAK47];;Malians;Mongols;Mongols;FALSE;Mayans;0;0;0%;0,00;Arabia;;
17/02/2024;03:45 UTC;[Age of Empires II];Fight Club Monthly #3 [Fight Club Monthly/3];MegaRandom [MegaRandom];1v1;CrazyBball4life [CrazyBball4life (page does not exist)] [United States] [United States] [Malay] [Malay];<;SoloGhostAK47 [Berbers] [Berbers] [United States] [United States] [SoloGhostAK47];;Malay;Berbers;Berbers;FALSE;Mongols;46;22;48%;61,69;Arabia;;
16/02/2024;03:00 UTC;[Age of Empires II];Fight Club Monthly #3 [Fight Club Monthly/3];MegaRandom [MegaRandom];1v1;MLG Sniper17449 [MLG Sniper17449 (page does not exist)] [United States] [United States] [Tatars] [Tatars];<;Faith2Adventure [Berbers] [Berbers] [United States] [United States] [Faith2Adventure];;Tatars;Berbers;Berbers;FALSE;Muisca;0;0;0%;0,00;Arabia;;
13/02/2024;14:00 UTC;[Age of Empires II];Fight Club Monthly #3 [Fight Club Monthly/3];MegaRandom [MegaRandom];1v1;Critter12088382 [Critter12088382 (page does not exist)] [United States] [United States] [Cumans] [Cumans];<;xXDeltaXFadesXx [Saracens] [Saracens] [United States] [United States] [XXDeltaXFadesXx (page does not exist)];;Cumans;Saracens;Saracens;FALSE;Persians;16;10;63%;69,07;Arabia;;
21/01/2024;01:00 UTC;[Age of Empires II];Fight Club Monthly #2 [Fight Club Monthly/2];MegaRandom [MegaRandom];1v1;Zotico3 [Zotico3 (page does not exist)] [United States] [United States] [Mongols] [Mongols];>;D4NI3L J0N35 [Mongols] [Mongols] [Wales] [Wales] [D4NI3L J0N35 (page does not exist)];;Mongols;Mongols;Mongols;TRUE;Poles;7;5;71%;66,96;Arabia;;
20/01/2024;22:00 UTC;[Age of Empires II];Fight Club Monthly #2 [Fight Club Monthly/2];MegaRandom [MegaRandom];1v1;BeaverMan5 [BeaverMan5] [Estonia] [Estonia] [Magyars] [Magyars];<;Faith2Adventure [Goths] [Goths] [United States] [United States] [Faith2Adventure];;Magyars;Goths;Goths;FALSE;Portuguese;12;6;50%;58,62;Arabia;;
20/01/2024;22:00 UTC;[Age of Empires II];Fight Club Monthly #2 [Fight Club Monthly/2];MegaRandom [MegaRandom];1v1;Zotico3 [Zotico3 (page does not exist)] [United States] [United States] [Hindustanis] [Hindustanis];>;SoloGhostAK47 [Tatars] [Tatars] [United States] [United States] [SoloGhostAK47];;Hindustanis;Tatars;Hindustanis;FALSE;Puru;0;0;0%;0,00;Arabia;;
20/01/2024;03:00 UTC;[Age of Empires II];Fight Club Monthly #2 [Fight Club Monthly/2];MegaRandom [MegaRandom];1v1;SpaciousBunion5 [SpaciousBunion5 (page does not exist)] [Chile] [Chile] [Tatars] [Tatars];<;BeaverMan5 [Vietnamese] [Vietnamese] [Estonia] [Estonia] [BeaverMan5];;Tatars;Vietnamese;Vietnamese;FALSE;Romans;2;1;50%;53,11;Arabia;;
20/01/2024;01:00 UTC;[Age of Empires II];Fight Club Monthly #2 [Fight Club Monthly/2];MegaRandom [MegaRandom];1v1;Delphinedore [Delphinedore (page does not exist)] [Mexico] [Mexico] [Maya] [Maya];<;SpaciousBunion5 [Tatars] [Tatars] [Chile] [Chile] [SpaciousBunion5 (page does not exist)];;Maya;Tatars;Tatars;FALSE;Saracens;10;4;40%;52,02;Arabia;;
19/01/2024;22:00 UTC;[Age of Empires II];Fight Club Monthly #2 [Fight Club Monthly/2];MegaRandom [MegaRandom];1v1;SPARTAN4189 [SPARTAN4189 (page does not exist)] [Mexico] [Mexico] [Byzantines] [Byzantines];<;Zotico3 [Cumans] [Cumans] [United States] [United States] [Zotico3 (page does not exist)];;Byzantines;Cumans;Cumans;FALSE;Shu;0;0;0%;0,00;Arabia;;
19/01/2024;17:30 UTC;[Age of Empires II];Fight Club Monthly #2 [Fight Club Monthly/2];MegaRandom [MegaRandom];1v1;AzusaNakano3 [AzusaNakano3 (page does not exist)] [Sweden] [Sweden] [Huns] [Huns];<;Turtle tank3344 [Lithuanians] [Lithuanians] [Canada] [Canada] [Turtle tank3344 (page does not exist)];;Huns;Lithuanians;Lithuanians;FALSE;Sicilians;4;1;25%;18,28;Arabia;;
19/01/2024;17:20 UTC;[Age of Empires II];Fight Club Monthly #2 [Fight Club Monthly/2];MegaRandom [MegaRandom];1v1;FireHarbor92372 [FireHarbor92372 (page does not exist)] [Argentina] [Argentina] [Byzantines] [Byzantines];<;SoloGhostAK47 [Mongols] [Mongols] [United States] [United States] [SoloGhostAK47];;Byzantines;Mongols;Mongols;FALSE;Slavs;6;4;67%;63,40;Arabia;;
18/01/2024;23:00 UTC;[Age of Empires II];Fight Club Monthly #2 [Fight Club Monthly/2];MegaRandom [MegaRandom];1v1;FPS Thug Life [FPS Thug Life (page does not exist)] [United States] [United States] [Lithuanians] [Lithuanians];>;Kamprrrrr [Romans] [Romans] [Poland] [Poland] [Kamprrrrr (page does not exist)];;Lithuanians;Romans;Lithuanians;FALSE;Spanish;10;7;70%;69,81;Arabia;;
16/01/2024;01:00 UTC;[Age of Empires II];Fight Club Monthly #2 [Fight Club Monthly/2];MegaRandom [MegaRandom];1v1;Scorpionlawz [Scorpionlawz (page does not exist)] [United States] [United States] [Inca] [Inca];<;Delphinedore [Inca] [Inca] [Mexico] [Mexico] [Delphinedore (page does not exist)];;Inca;Inca;Inca;TRUE;Tatars;9;5;56%;60,67;Arabia;;
11/11/2023;19:30 UTC;[Age of Empires II];The Map - Pablito Edition [The Map/6];MegaRandom [MegaRandom];1v1;Dr.Kozmonot [Dr.Kozmonot] [Turkey] [Turkey] [Celts] [Celts];<;dogao [Vikings] [Vikings] [Brazil] [Brazil] [Dogao];;Celts;Vikings;Vikings;FALSE;Teutons;6;1;0%;0,00;Arabia;;
11/11/2023;19:30 UTC;[Age of Empires II];The Map - Pablito Edition [The Map/6];MegaRandom [MegaRandom];1v1;Dr.Kozmonot [Dr.Kozmonot] [Turkey] [Turkey] [Sicilians] [Sicilians];<;dogao [Georgians] [Georgians] [Brazil] [Brazil] [Dogao];;Sicilians;Georgians;Georgians;FALSE;Tupi;0;0;0%;0,00;Arabia;;
11/11/2023;18:40 UTC;[Age of Empires II];The Map - Pablito Edition [The Map/6];MegaRandom [MegaRandom];1v1;FreakinAndy [FreakinAndy] [Austria] [Austria] [Georgians] [Georgians];<;Dr.Kozmonot [Hindustanis] [Hindustanis] [Turkey] [Turkey] [Dr.Kozmonot];;Georgians;Hindustanis;Hindustanis;FALSE;Turks;7;1;14%;5,05;Arabia;;
11/11/2023;18:25 UTC;[Age of Empires II];The Map - Pablito Edition [The Map/6];MegaRandom [MegaRandom];1v1;Monoz [Monoz] [Argentina] [Argentina] [Teutons] [Teutons];<;dogao [Bengalis] [Bengalis] [Brazil] [Brazil] [Dogao];;Teutons;Bengalis;Bengalis;FALSE;Vietnamese;10;5;50%;57,95;Arabia;;
11/11/2023;18:20 UTC;[Age of Empires II];The Map - Pablito Edition [The Map/6];MegaRandom [MegaRandom];1v1;Dr.Kozmonot [Dr.Kozmonot] [Turkey] [Turkey] [Slavs] [Slavs];>;Manor [Vikings] [Vikings] [Spain] [Spain] [Manor (page does not exist)];;Slavs;Vikings;Slavs;FALSE;Vikings;6;3;50%;56,17;Arabia;;
11/11/2023;18:00 UTC;[Age of Empires II];The Map - Pablito Edition [The Map/6];MegaRandom [MegaRandom];1v1;Monoz [Monoz] [Argentina] [Argentina] [Dravidians] [Dravidians];>;GurasTobbyBufas [Goths] [Goths] [Brazil] [Brazil] [GurasTobbyBufas (page does not exist)];;Dravidians;Goths;Dravidians;FALSE;Wei;0;0;0%;0,00;Arabia;;
11/11/2023;17:40 UTC;[Age of Empires II];The Map - Pablito Edition [The Map/6];MegaRandom [MegaRandom];1v1;FreakinAndy [FreakinAndy] [Austria] [Austria] [Vietnamese] [Vietnamese];>;Argh [Huns] [Huns] [Poland] [Poland] [Argh];;Vietnamese;Huns;Vietnamese;FALSE;Wu;1;0;0%;0,00;Arabia;;
11/11/2023;17:40 UTC;[Age of Empires II];The Map - Pablito Edition [The Map/6];MegaRandom [MegaRandom];1v1;MarkRenton [MarkRenton (page does not exist)] [Argentina] [Argentina] [Armenians] [Armenians];<;dogao [Saracens] [Saracens] [Brazil] [Brazil] [Dogao];;Armenians;Saracens;Saracens;FALSE;;;;;;;;
11/11/2023;17:20 UTC;[Age of Empires II];The Map - Pablito Edition [The Map/6];MegaRandom [MegaRandom];1v1;Dr.Kozmonot [Dr.Kozmonot] [Turkey] [Turkey] [Celts] [Celts];>;shiXo.# [Turks] [Turks] [Germany] [Germany] [ShiXo.];;Celts;Turks;Celts;FALSE;;;;;;;;
11/11/2023;17:20 UTC;[Age of Empires II];The Map - Pablito Edition [The Map/6];MegaRandom [MegaRandom];1v1;ThisDino [ThisDino (page does not exist)] [Germany] [Germany] [Turks] [Turks];<;Monoz [Byzantines] [Byzantines] [Argentina] [Argentina] [Monoz];;Turks;Byzantines;Byzantines;FALSE;;;;;;;;
11/11/2023;17:10 UTC;[Age of Empires II];The Map - Pablito Edition [The Map/6];MegaRandom [MegaRandom];1v1;Argh [Argh] [Poland] [Poland] [Burmese] [Burmese];>;Lucelar [Slavs] [Slavs] [Spain] [Spain] [Lucelar (page does not exist)];;Burmese;Slavs;Burmese;FALSE;;;;;;;;
11/11/2023;16:00 UTC;[Age of Empires II];Vico House Cup II [Vico House Cup/2];MegaRandom [MegaRandom];1v1;Benpat [Benpat (page does not exist)] [France] [France] [Italians] [Italians];>;Nyusika [Portuguese] [Portuguese] [France] [France] [Nyusika];(G1) [Watch VOD] [Watch VOD];Italians;Portuguese;Italians;FALSE;;;;;;;;
11/11/2023;13:00 UTC;[Age of Empires II];Vico House Cup II [Vico House Cup/2];MegaRandom [MegaRandom];1v1;Maelstrom23 [Maelstrom23 (page does not exist)] [France] [France] [Italians] [Italians];<;Hadeo [Malay] [Malay] [Morocco] [Morocco] [Hadeo (page does not exist)];(G4) [Watch VOD] [Watch VOD];Italians;Malay;Malay;FALSE;;;;;;;;
11/11/2023;09:00 UTC;[Age of Empires II];Vico House Cup II [Vico House Cup/2];MegaRandom [MegaRandom];1v1;Grunthor [Grunthor (page does not exist)] [France] [France] [Khmer] [Khmer];<;Benpat [Portuguese] [Portuguese] [France] [France] [Benpat (page does not exist)];;Khmer;Portuguese;Portuguese;FALSE;;;;;;;;
10/11/2023;16:00 UTC;[Age of Empires II];Vico House Cup II [Vico House Cup/2];MegaRandom [MegaRandom];1v1;Chips [Monsieur Chips (page does not exist)] [Vietnamese] [Vietnamese];<;Maelstrom23 [Portuguese] [Portuguese] [France] [France] [Maelstrom23 (page does not exist)];;Vietnamese;Portuguese;Portuguese;FALSE;;;;;;;;
10/11/2023;16:00 UTC;[Age of Empires II];Vico House Cup II [Vico House Cup/2];MegaRandom [MegaRandom];1v1;Yo [Yo (French player) (page does not exist)] [France] [France] [Lithuanians] [Lithuanians];<;Nono12 [Byzantines] [Byzantines] [France] [France] [Nono12 (page does not exist)];;Lithuanians;Byzantines;Byzantines;FALSE;;;;;;;;
10/11/2023;14:00 UTC;[Age of Empires II];Vico House Cup II [Vico House Cup/2];MegaRandom [MegaRandom];1v1;Thanouille [Thanouille (page does not exist)] [France] [France] [Berbers] [Berbers];<;Maelstrom23 [Britons] [Britons] [France] [France] [Maelstrom23 (page does not exist)];;Berbers;Britons;Britons;FALSE;;;;;;;;
10/11/2023;12:00 UTC;[Age of Empires II];Vico House Cup II [Vico House Cup/2];MegaRandom [MegaRandom];1v1;Yo [Yo (French player) (page does not exist)] [France] [France] [Bulgarians] [Bulgarians];<;Benpat [Portuguese] [Portuguese] [France] [France] [Benpat (page does not exist)];;Bulgarians;Portuguese;Portuguese;FALSE;;;;;;;;
09/11/2023;14:00 UTC;[Age of Empires II];Vico House Cup II [Vico House Cup/2];MegaRandom [MegaRandom];1v1;Yo [Yo (French player) (page does not exist)] [France] [France] [Berbers] [Berbers];<;Nyusika [Persians] [Persians] [France] [France] [Nyusika];;Berbers;Persians;Persians;FALSE;;;;;;;;
09/11/2023;14:00 UTC;[Age of Empires II];Vico House Cup II [Vico House Cup/2];MegaRandom [MegaRandom];1v1;Korkhov [Korkhov (page does not exist)] [France] [France] [Lithuanians] [Lithuanians];<;Grunthor [Malay] [Malay] [France] [France] [Grunthor (page does not exist)];;Lithuanians;Malay;Malay;FALSE;;;;;;;;
02/09/2023;13:00 UTC;[Age of Empires II];Chipmunk King's League 2 [Chipmunk King's League/2];MegaRandom [MegaRandom];1v1;gkt_cloud [Cloud (Taiwanese player)] [Taiwan] [Taiwan] [Mongols] [Mongols];<;sora kuma [Persians] [Persians] [Taiwan] [Taiwan] [Sora Kuma];;Mongols;Persians;Persians;FALSE;;;;;;;;
18/08/2023;14:00 UTC;[Age of Empires II];Chipmunk King's League 2 [Chipmunk King's League/2];MegaRandom [MegaRandom];1v1;adai200m7s [Adai200m7s (page does not exist)] [Taiwan] [Taiwan] [Britons] [Britons];<;Taeyoon [Inca] [Inca] [Taiwan] [Taiwan] [Taeyoon];;Britons;Inca;Inca;FALSE;;;;;;;;
30/07/2023;16:00 UTC;[Age of Empires II];Controller Champions [Controller Champions];MegaRandom [MegaRandom];1v1;Donald2O16Trump [Donald2O16Trump (page does not exist)] [United States] [United States] [Goths] [Goths];>;BeaverMan5 [Bulgarians] [Bulgarians] [Estonia] [Estonia] [BeaverMan5];;Goths;Bulgarians;Goths;FALSE;;;;;;;;
29/07/2023;18:20 UTC;[Age of Empires II];Controller Champions [Controller Champions];MegaRandom [MegaRandom];1v1;Donald2O16Trump [Donald2O16Trump (page does not exist)] [United States] [United States] [Sicilians] [Sicilians];<;SoloGhostAK47 [Tatars] [Tatars] [United States] [United States] [SoloGhostAK47];;Sicilians;Tatars;Tatars;FALSE;;;;;;;;
29/07/2023;16:15 UTC;[Age of Empires II];Controller Champions [Controller Champions];MegaRandom [MegaRandom];1v1;D4NI3L JON35 [D4NI3L JON35 (page does not exist)] [Wales] [Wales] [Gurjaras] [Gurjaras];<;Donald2O16Trump [Italians] [Italians] [United States] [United States] [Donald2O16Trump (page does not exist)];;Gurjaras;Italians;Italians;FALSE;;;;;;;;
29/07/2023;14:00 UTC;[Age of Empires II];Controller Champions [Controller Champions];MegaRandom [MegaRandom];1v1;BigDragon 360 [BigDragon 360 (page does not exist)] [Mexico] [Mexico] [Ethiopians] [Ethiopians];<;Biry [Mongols] [Mongols] [Argentina] [Argentina] [Biry];;Ethiopians;Mongols;Mongols;FALSE;;;;;;;;
29/07/2023;;[Age of Empires II];Controller Champions [Controller Champions];MegaRandom [MegaRandom];1v1;xXDeltaXFadesXx [XXDeltaXFadesXx (page does not exist)] [United States] [United States] [Italians] [Italians];<;D4NI3L JON35 [Mongols] [Mongols] [Wales] [Wales] [D4NI3L JON35 (page does not exist)];;Italians;Mongols;Mongols;FALSE;;;;;;;;
28/07/2023;19:00 UTC;[Age of Empires II];Controller Champions [Controller Champions];MegaRandom [MegaRandom];1v1;x OzkaR [X OzkaR (page does not exist)] [Mexico] [Mexico] [Maya] [Maya];<;Donald2O16Trump [Sicilians] [Sicilians] [United States] [United States] [Donald2O16Trump (page does not exist)];;Maya;Sicilians;Sicilians;FALSE;;;;;;;;
28/07/2023;01:00 UTC;[Age of Empires II];Controller Champions [Controller Champions];MegaRandom [MegaRandom];1v1;Dbs Elm [Dbs Elm (page does not exist)] [United States] [United States] [Sicilians] [Sicilians];<;x OzkaR [Cumans] [Cumans] [Mexico] [Mexico] [X OzkaR (page does not exist)];;Sicilians;Cumans;Cumans;FALSE;;;;;;;;
27/07/2023;;[Age of Empires II];Controller Champions [Controller Champions];MegaRandom [MegaRandom];1v1;Rowdy Squirrels [Rowdy Squirrels (page does not exist)] [United States] [United States] [Vietnamese] [Vietnamese];<;Donald2O16Trump [Inca] [Inca] [United States] [United States] [Donald2O16Trump (page does not exist)];;Vietnamese;Inca;Inca;FALSE;;;;;;;;
14/07/2023;23:30 UTC;[Age of Empires II];Biry vs Monoz [Pablito AOE/Biry vs Monoz];MegaRandom [MegaRandom];1v1;Monoz [Monoz] [Argentina] [Argentina] [Lithuanians] [Lithuanians];<;Biry [Britons] [Britons] [Argentina] [Argentina] [Biry];(G6) [Watch VOD] [Watch VOD];Lithuanians;Britons;Britons;FALSE;;;;;;;;
06/04/2023;19:00 UTC;[Age of Empires II];JorDan's Medieval Brawl Season 2 Finals [JorDan's Medieval Brawl/Season 2/Finals];MegaRandom [MegaRandom];1v1;ACCM [ACCM] [Vietnam] [Vietnam] [Lithuanians] [Lithuanians];<;Hera [Italians] [Italians] [Canada] [Canada] [Hera];(G4) [Watch VOD] [Watch VOD];Lithuanians;Italians;Italians;FALSE;;;;;;;;
06/04/2023;14:00 UTC;[Age of Empires II];JorDan's Medieval Brawl Season 2 Finals [JorDan's Medieval Brawl/Season 2/Finals];MegaRandom [MegaRandom];1v1;ACCM [ACCM] [Vietnam] [Vietnam] [Mongols] [Mongols];>;Yo [Portuguese] [Portuguese] [China] [China] [Yo];(G3) [Watch VOD] [Watch VOD];Mongols;Portuguese;Mongols;FALSE;;;;;;;;
05/04/2023;17:45 UTC;[Age of Empires II];JorDan's Medieval Brawl Season 2 Finals [JorDan's Medieval Brawl/Season 2/Finals];MegaRandom [MegaRandom];1v1;Sitaux [Sitaux] [France] [France] [Lithuanians] [Lithuanians];<;Yo [Burgundians] [Burgundians] [China] [China] [Yo];(G1) [Watch VOD] [Watch VOD];Lithuanians;Burgundians;Burgundians;FALSE;;;;;;;;
05/04/2023;17:00 UTC;[Age of Empires II];JorDan's Medieval Brawl Season 2 Finals [JorDan's Medieval Brawl/Season 2/Finals];MegaRandom [MegaRandom];1v1;Valas [Valas] [Finland] [Finland] [Gurjaras] [Gurjaras];<;Hera [Mongols] [Mongols] [Canada] [Canada] [Hera];(G1) [Watch VOD] [Watch VOD];Gurjaras;Mongols;Mongols;FALSE;;;;;;;;
05/04/2023;16:00 UTC;[Age of Empires II];JorDan's Medieval Brawl Season 2 Finals [JorDan's Medieval Brawl/Season 2/Finals];MegaRandom [MegaRandom];1v1;FreakinAndy [FreakinAndy] [Austria] [Austria] [Spanish] [Spanish];<;ACCM [Gurjaras] [Gurjaras] [Vietnam] [Vietnam] [ACCM];(G1) [Watch VOD] [Watch VOD];Spanish;Gurjaras;Gurjaras;FALSE;;;;;;;;
05/04/2023;14:00 UTC;[Age of Empires II];JorDan's Medieval Brawl Season 2 Finals [JorDan's Medieval Brawl/Season 2/Finals];MegaRandom [MegaRandom];1v1;TheViper [TheViper] [Norway] [Norway] [Portuguese] [Portuguese];<;Vinchester [Maya] [Maya] [Russia] [Russia] [Vinchester];(G1) [Watch VOD] [Watch VOD];Portuguese;Maya;Maya;FALSE;;;;;;;;
08/03/2023;17:00 UTC;[Age of Empires II];Plünderparty: Season #6 - 1st League [Plünderparty/6];MegaRandom [MegaRandom];1v1;Wean Dinchester [Wean Dinchester] [Austria] [Austria] [Lithuanians] [Lithuanians];<;Target331 [Persians] [Persians] [Germany] [Germany] [Target331];;Lithuanians;Persians;Persians;FALSE;;;;;;;;
10/02/2023;19:00 UTC;[Age of Empires II];Plünderparty: Season #6 - 1st League [Plünderparty/6];MegaRandom [MegaRandom];1v1;Target331 [Target331] [Germany] [Germany] [Hindustanis] [Hindustanis];>;Matze [Portuguese] [Portuguese] [Germany] [Germany] [Matze];;Hindustanis;Portuguese;Hindustanis;FALSE;;;;;;;;
08/02/2023;19:00 UTC;[Age of Empires II];JorDan's Medieval Brawl Season 2 #3 [JorDan's Medieval Brawl/Season 2/3];MegaRandom [MegaRandom];1v1;ACCM [ACCM] [Vietnam] [Vietnam] [Gurjaras] [Gurjaras];>;Vinchester [Maya] [Maya] [Russia] [Russia] [Vinchester];(G3) [Watch VOD] [Watch VOD];Gurjaras;Maya;Gurjaras;FALSE;;;;;;;;
08/02/2023;17:15 UTC;[Age of Empires II];JorDan's Medieval Brawl Season 2 #3 [JorDan's Medieval Brawl/Season 2/3];MegaRandom [MegaRandom];1v1;Vinchester [Vinchester] [Russia] [Russia] [Byzantines] [Byzantines];>;TheViper [Huns] [Huns] [Norway] [Norway] [TheViper];;Byzantines;Huns;Byzantines;FALSE;;;;;;;;
08/02/2023;16:00 UTC;[Age of Empires II];JorDan's Medieval Brawl Season 2 #3 [JorDan's Medieval Brawl/Season 2/3];MegaRandom [MegaRandom];1v1;dogao [Dogao] [Brazil] [Brazil] [Gurjaras] [Gurjaras];<;TheViper [Portuguese] [Portuguese] [Norway] [Norway] [TheViper];;Gurjaras;Portuguese;Portuguese;FALSE;;;;;;;;
08/02/2023;16:00 UTC;[Age of Empires II];JorDan's Medieval Brawl Season 2 #3 [JorDan's Medieval Brawl/Season 2/3];MegaRandom [MegaRandom];1v1;Yo [Yo] [China] [China] [Burgundians] [Burgundians];<;FreakinAndy [Mongols] [Mongols] [Austria] [Austria] [FreakinAndy];;Burgundians;Mongols;Mongols;FALSE;;;;;;;;
08/02/2023;16:00 UTC;[Age of Empires II];JorDan's Medieval Brawl Season 2 #3 [JorDan's Medieval Brawl/Season 2/3];MegaRandom [MegaRandom];1v1;Sitaux [Sitaux] [France] [France] [Chinese] [Chinese];<;Vinchester [Hindustanis] [Hindustanis] [Russia] [Russia] [Vinchester];(G1) [Watch VOD] [Watch VOD];Chinese;Hindustanis;Hindustanis;FALSE;;;;;;;;
08/02/2023;16:00 UTC;[Age of Empires II];JorDan's Medieval Brawl Season 2 #3 [JorDan's Medieval Brawl/Season 2/3];MegaRandom [MegaRandom];1v1;ACCM [ACCM] [Vietnam] [Vietnam] [Lithuanians] [Lithuanians];>;Barles [Spanish] [Spanish] [Poland] [Poland] [Barles];;Lithuanians;Spanish;Lithuanians;FALSE;;;;;;;;
25/01/2023;19:15 UTC;[Age of Empires II];JorDan's Medieval Brawl Season 2 #1 [JorDan's Medieval Brawl/Season 2/1];MegaRandom [MegaRandom];1v1;TheViper [TheViper] [Norway] [Norway] [Spanish] [Spanish];>;Hera [Portuguese] [Portuguese] [Canada] [Canada] [Hera];(G1) [Watch VOD] [Watch VOD];Spanish;Portuguese;Spanish;FALSE;;;;;;;;
25/01/2023;16:00 UTC;[Age of Empires II];JorDan's Medieval Brawl Season 2 #1 [JorDan's Medieval Brawl/Season 2/1];MegaRandom [MegaRandom];1v1;Valas [Valas] [Finland] [Finland] [Aztecs] [Aztecs];<;TheViper [Portuguese] [Portuguese] [Norway] [Norway] [TheViper];;Aztecs;Portuguese;Portuguese;FALSE;;;;;;;;
25/01/2023;16:00 UTC;[Age of Empires II];JorDan's Medieval Brawl Season 2 #1 [JorDan's Medieval Brawl/Season 2/1];MegaRandom [MegaRandom];1v1;Daniel [Daniel] [United States] [United States] [Lithuanians] [Lithuanians];>;Sitaux [Italians] [Italians] [France] [France] [Sitaux];;Lithuanians;Italians;Lithuanians;FALSE;;;;;;;;
25/01/2023;16:00 UTC;[Age of Empires II];JorDan's Medieval Brawl Season 2 #1 [JorDan's Medieval Brawl/Season 2/1];MegaRandom [MegaRandom];1v1;Villese [Villese] [Finland] [Finland] [Lithuanians] [Lithuanians];<;Hera [Mongols] [Mongols] [Canada] [Canada] [Hera];(G2) [Watch VOD] [Watch VOD];Lithuanians;Mongols;Mongols;FALSE;;;;;;;;
18/01/2023;19:30 UTC;[Age of Empires II];Plünderparty: Season #6 - 1st League [Plünderparty/6];MegaRandom [MegaRandom];1v1;Wean Dinchester [Wean Dinchester] [Austria] [Austria] [Mongols] [Mongols];<;Target331 [Poles] [Poles] [Germany] [Germany] [Target331];;Mongols;Poles;Poles;FALSE;;;;;;;;
26/07/2022;20:50 UTC;[Age of Empires II];Lady of the Elephant [Lady of the Elephant];MegaRandom [MegaRandom];1v1;LaBrianne [LaBrianne (page does not exist)] [Argentina] [Argentina] [Gurjaras] [Gurjaras];<;Gabi [Persians] [Persians] [Brazil] [Brazil] [Gabi];;Gurjaras;Persians;Persians;FALSE;;;;;;;;
18/07/2022;16:15 UTC;[Age of Empires II];Lady of the Elephant [Lady of the Elephant];MegaRandom [MegaRandom];1v1;Julinse [Julinse] [Germany] [Germany] [Gurjaras] [Gurjaras];<;LaBrianne [Khmer] [Khmer] [Argentina] [Argentina] [LaBrianne (page does not exist)];;Gurjaras;Khmer;Khmer;FALSE;;;;;;;;
03/07/2022;20:00 UTC;[Age of Empires II];Lady of the Elephant [Lady of the Elephant];MegaRandom [MegaRandom];1v1;Gem [Gem (page does not exist)] [United States] [United States] [Gurjaras] [Gurjaras];<;Mica_ [Gurjaras] [Gurjaras] [Argentina] [Argentina] [Mica];(G2) [Watch VOD] [Watch VOD];Gurjaras;Gurjaras;Gurjaras;TRUE;;;;;;;;
02/07/2022;20:00 UTC;[Age of Empires II];Ragnarök [Ragnarök];MegaRandom [MegaRandom];1v1;ffavorite_1 [Ffavorite 1] [United States] [United States] [Burgundians] [Burgundians];<;Frost_9 [Poles] [Poles] [Sweden] [Sweden] [Frost 9];;Burgundians;Poles;Poles;FALSE;;;;;;;;
01/07/2022;20:00 UTC;[Age of Empires II];Ragnarök [Ragnarök];MegaRandom [MegaRandom];1v1;True [True] [United States] [United States] [Burgundians] [Burgundians];>;kelar [Burgundians] [Burgundians] [Germany] [Germany] [Kelar];;Burgundians;Burgundians;Burgundians;TRUE;;;;;;;;
28/06/2022;17:10 UTC;[Age of Empires II];Ragnarök [Ragnarök];MegaRandom [MegaRandom];1v1;kelar [Kelar] [Germany] [Germany] [Lithuanians] [Lithuanians];<;Solara [Vikings] [Vikings] [Israel] [Israel] [Solara];;Lithuanians;Vikings;Vikings;FALSE;;;;;;;;
25/06/2022;20:00 UTC;[Age of Empires II];Lady of the Elephant [Lady of the Elephant];MegaRandom [MegaRandom];1v1;Kerrigan [Kerrigan (page does not exist)] [Brazil] [Brazil] [Malay] [Malay];<;Gwen [Dravidians] [Dravidians] [United States] [United States] [Gwen (page does not exist)];(G3) [Watch VOD] [Watch VOD];Malay;Dravidians;Dravidians;FALSE;;;;;;;;
22/06/2022;19:00 UTC;[Age of Empires II];JorDan's Medieval Brawl Season 1 Finals [JorDan's Medieval Brawl/Season 1/Finals];MegaRandom [MegaRandom];1v1;Hera [Hera] [Canada] [Canada] [Maya] [Maya];>;Yo [Britons] [Britons] [China] [China] [Yo];(G1) [Watch VOD] [Watch VOD];Maya;Britons;Maya;FALSE;;;;;;;;
22/06/2022;17:30 UTC;[Age of Empires II];JorDan's Medieval Brawl Season 1 Finals [JorDan's Medieval Brawl/Season 1/Finals];MegaRandom [MegaRandom];1v1;Hera [Hera] [Canada] [Canada] [Maya] [Maya];>;Villese [Lithuanians] [Lithuanians] [Finland] [Finland] [Villese];(G3) [Watch VOD] [Watch VOD];Maya;Lithuanians;Maya;FALSE;;;;;;;;
22/06/2022;15:00 UTC;[Age of Empires II];JorDan's Medieval Brawl Season 1 Finals [JorDan's Medieval Brawl/Season 1/Finals];MegaRandom [MegaRandom];1v1;ACCM [ACCM] [Vietnam] [Vietnam] [Hindustanis] [Hindustanis];>;Yo [Burgundians] [Burgundians] [China] [China] [Yo];(G3) [Watch VOD] [Watch VOD];Hindustanis;Burgundians;Hindustanis;FALSE;;;;;;;;
19/06/2022;16:00 UTC;[Age of Empires II];Ragnarök [Ragnarök];MegaRandom [MegaRandom];1v1;Paulad [Paulad (page does not exist)] [France] [France] [Italians] [Italians];<;kelar [Vikings] [Vikings] [Germany] [Germany] [Kelar];;Italians;Vikings;Vikings;FALSE;;;;;;;;
18/06/2022;17:00 UTC;[Age of Empires II];Ragnarök [Ragnarök];MegaRandom [MegaRandom];1v1;c3mbrich [C3mbrich] [Spain] [Spain] [Cumans] [Cumans];<;True [Spanish] [Spanish] [United States] [United States] [True];;Cumans;Spanish;Spanish;FALSE;;;;;;;;
13/06/2022;19:00 UTC;[Age of Empires II];Ragnarök [Ragnarök];MegaRandom [MegaRandom];1v1;Paulad [Paulad (page does not exist)] [France] [France] [Teutons] [Teutons];>;harryboysam [Teutons] [Teutons] [United Kingdom] [United Kingdom] [Harryboysam (page does not exist)];;Teutons;Teutons;Teutons;TRUE;;;;;;;;
12/06/2022;15:25 UTC;[Age of Empires II];Ragnarök [Ragnarök];MegaRandom [MegaRandom];1v1;Ubetnir [Ubetnir] [Turkey] [Turkey] [Franks] [Franks];<;Solara [Huns] [Huns] [Israel] [Israel] [Solara];;Franks;Huns;Huns;FALSE;;;;;;;;
09/06/2022;19:00 UTC;[Age of Empires II];Ragnarök [Ragnarök];MegaRandom [MegaRandom];1v1;Tipe [Tipe (page does not exist)] [Hungary] [Hungary] [Malians] [Malians];<;Zayu [Byzantines] [Byzantines] [Germany] [Germany] [Zayu (page does not exist)];;Malians;Byzantines;Byzantines;FALSE;;;;;;;;
08/06/2022;18:30 UTC;[Age of Empires II];JorDan's Medieval Brawl Season 1 #5 [JorDan's Medieval Brawl/Season 1/5];MegaRandom [MegaRandom];1v1;Villese [Villese] [Finland] [Finland] [Vietnamese] [Vietnamese];>;Vinchester [Gurjaras] [Gurjaras] [Russia] [Russia] [Vinchester];(G1) [Watch VOD] [Watch VOD];Vietnamese;Gurjaras;Vietnamese;FALSE;;;;;;;;
08/06/2022;15:00 UTC;[Age of Empires II];JorDan's Medieval Brawl Season 1 #5 [JorDan's Medieval Brawl/Season 1/5];MegaRandom [MegaRandom];1v1;classicpro [Classicpro] [Ukraine] [Ukraine] [Aztecs] [Aztecs];>;dogao [Vikings] [Vikings] [Brazil] [Brazil] [Dogao];;Aztecs;Vikings;Aztecs;FALSE;;;;;;;;
08/06/2022;15:00 UTC;[Age of Empires II];JorDan's Medieval Brawl Season 1 #5 [JorDan's Medieval Brawl/Season 1/5];MegaRandom [MegaRandom];1v1;F1Re [F1Re] [Brazil] [Brazil] [Maya] [Maya];>;Vinchester [Gurjaras] [Gurjaras] [Russia] [Russia] [Vinchester];;Maya;Gurjaras;Maya;FALSE;;;;;;;;
07/06/2022;16:00 UTC;[Age of Empires II];Ragnarök [Ragnarök];MegaRandom [MegaRandom];1v1;c3mbrich [C3mbrich] [Spain] [Spain] [Spanish] [Spanish];>;kamrat qp [Franks] [Franks] [Sweden] [Sweden] [Kamrat qp (page does not exist)];;Spanish;Franks;Spanish;FALSE;;;;;;;;
07/06/2022;15:00 UTC;[Age of Empires II];Hera vs DauT Bo21 [DauT vs Hera/6];MegaRandom [MegaRandom];1v1;DauT [DauT] [Serbia] [Serbia] [Mongols] [Mongols];>;Hera [Inca] [Inca] [Canada] [Canada] [Hera];[Watch VOD] [Watch VOD];Mongols;Inca;Mongols;FALSE;;;;;;;;
04/06/2022;20:00 UTC;[Age of Empires II];Ragnarök [Ragnarök];MegaRandom [MegaRandom];1v1;boOmstik [BoOmstik (page does not exist)] [United States] [United States] [Slavs] [Slavs];>;el lechero [Saracens] [Saracens] [United States] [United States] [El lechero (page does not exist)];;Slavs;Saracens;Slavs;FALSE;;;;;;;;
04/06/2022;18:00 UTC;[Age of Empires II];Ragnarök [Ragnarök];MegaRandom [MegaRandom];1v1;Ubetnir [Ubetnir] [Turkey] [Turkey] [Franks] [Franks];>;Darkillermon [Huns] [Huns] [Brazil] [Brazil] [Darkillermon (page does not exist)];;Franks;Huns;Franks;FALSE;;;;;;;;
03/06/2022;19:00 UTC;[Age of Empires II];Ragnarök [Ragnarök];MegaRandom [MegaRandom];1v1;Paulad [Paulad (page does not exist)] [France] [France] [Franks] [Franks];>;Zamaa [Huns] [Huns] [Argentina] [Argentina] [Zamaa (page does not exist)];;Franks;Huns;Franks;FALSE;;;;;;;;
02/06/2022;23:00 UTC;[Age of Empires II];Ragnarök [Ragnarök];MegaRandom [MegaRandom];1v1;c3mbrich [C3mbrich] [Spain] [Spain] [Vietnamese] [Vietnamese];<;ffavorite_1 [Khmer] [Khmer] [United States] [United States] [Ffavorite 1];;Vietnamese;Khmer;Khmer;FALSE;;;;;;;;
02/06/2022;22:00 UTC;[Age of Empires II];Ragnarök [Ragnarök];MegaRandom [MegaRandom];1v1;Yeoman [Yeoman (page does not exist)] [United Kingdom] [United Kingdom] [Teutons] [Teutons];<;kamrat qp [Slavs] [Slavs] [Sweden] [Sweden] [Kamrat qp (page does not exist)];;Teutons;Slavs;Slavs;FALSE;;;;;;;;
02/06/2022;21:00 UTC;[Age of Empires II];Ragnarök [Ragnarök];MegaRandom [MegaRandom];1v1;AR12 [AR12] [Germany] [Germany] [Gurjaras] [Gurjaras];<;True [Japanese] [Japanese] [United States] [United States] [True];;Gurjaras;Japanese;Japanese;FALSE;;;;;;;;
31/05/2022;16:30 UTC;[Age of Empires II];Ragnarök [Ragnarök];MegaRandom [MegaRandom];1v1;Funny_Liquid [Funny Liquid (page does not exist)] [Israel] [Israel] [Poles] [Poles];>;Brix [Bohemians] [Bohemians] [Germany] [Germany] [Brix (page does not exist)];;Poles;Bohemians;Poles;FALSE;;;;;;;;
28/05/2022;21:00 UTC;[Age of Empires II];Ragnarök [Ragnarök];MegaRandom [MegaRandom];1v1;Yeoman [Yeoman (page does not exist)] [United Kingdom] [United Kingdom] [Teutons] [Teutons];<;ffavorite_1 [Slavs] [Slavs] [United States] [United States] [Ffavorite 1];;Teutons;Slavs;Slavs;FALSE;;;;;;;;
26/05/2022;20:00 UTC;[Age of Empires II];Ragnarök [Ragnarök];MegaRandom [MegaRandom];1v1;Tipe [Tipe (page does not exist)] [Hungary] [Hungary] [Vietnamese] [Vietnamese];<;bruh [Khmer] [Khmer] [Brazil] [Brazil] [BruH];;Vietnamese;Khmer;Khmer;FALSE;;;;;;;;
26/05/2022;16:10 UTC;[Age of Empires II];Ragnarök [Ragnarök];MegaRandom [MegaRandom];1v1;kamrat qp [Kamrat qp (page does not exist)] [Sweden] [Sweden] [Vietnamese] [Vietnamese];>;c3mbrich [Khmer] [Khmer] [Spain] [Spain] [C3mbrich];;Vietnamese;Khmer;Vietnamese;FALSE;;;;;;;;
22/05/2022;19:40 UTC;[Age of Empires II];OnlyBans [OnlyBans];MegaRandom [MegaRandom];1v1;Villese [Villese] [Finland] [Finland] [Poles] [Poles];<;Yo [Berbers] [Berbers] [China] [China] [Yo];;Poles;Berbers;Berbers;FALSE;;;;;;;;
18/05/2022;14:00 UTC;[Age of Empires II];OnlyBans [OnlyBans];MegaRandom [MegaRandom];1v1;DauT [DauT] [Serbia] [Serbia] [Malay] [Malay];>;Yo [Berbers] [Berbers] [China] [China] [Yo];;Malay;Berbers;Malay;FALSE;;;;;;;;
12/05/2022;17:00 UTC;[Age of Empires II];JorDan's Medieval Brawl Season 1 #3 [JorDan's Medieval Brawl/Season 1/3];MegaRandom [MegaRandom];1v1;classicpro [Classicpro] [Ukraine] [Ukraine] [Mongols] [Mongols];<;Villese [Berbers] [Berbers] [Finland] [Finland] [Villese];;Mongols;Berbers;Berbers;FALSE;;;;;;;;
12/05/2022;16:30 UTC;[Age of Empires II];JorDan's Medieval Brawl Season 1 #3 [JorDan's Medieval Brawl/Season 1/3];MegaRandom [MegaRandom];1v1;ACCM [ACCM] [Vietnam] [Vietnam] [Mongols] [Mongols];>;Nicov [Lithuanians] [Lithuanians] [Argentina] [Argentina] [Nicov];(G3) [Watch VOD] [Watch VOD];Mongols;Lithuanians;Mongols;FALSE;;;;;;;;
12/05/2022;12:00 UTC;[Age of Empires II];OnlyBans [OnlyBans];MegaRandom [MegaRandom];1v1;DauT [DauT] [Serbia] [Serbia] [Burgundians] [Burgundians];>;JorDan_AoE [Burmese] [Burmese] [Germany] [Germany] [JorDan AoE];[Watch VOD] [Watch VOD];Burgundians;Burmese;Burgundians;FALSE;;;;;;;;
11/05/2022;18:00 UTC;[Age of Empires II];OnlyBans [OnlyBans];MegaRandom [MegaRandom];1v1;dogao [Dogao] [Brazil] [Brazil] [Burgundians] [Burgundians];<;Villese [Bohemians] [Bohemians] [Finland] [Finland] [Villese];;Burgundians;Bohemians;Bohemians;FALSE;;;;;;;;
10/05/2022;15:00 UTC;[Age of Empires II];OnlyBans [OnlyBans];MegaRandom [MegaRandom];1v1;DauT [DauT] [Serbia] [Serbia] [Mongols] [Mongols];>;BacT [Burmese] [Burmese] [Vietnam] [Vietnam] [BacT];;Mongols;Burmese;Mongols;FALSE;;;;;;;;
02/05/2022;19:00 UTC;[Age of Empires II];OnlyBans [OnlyBans];MegaRandom [MegaRandom];1v1;dogao [Dogao] [Brazil] [Brazil] [Poles] [Poles];>;miguel [Berbers] [Berbers] [Brazil] [Brazil] [Miguel];;Poles;Berbers;Poles;FALSE;;;;;;;;
01/05/2022;17:30 UTC;[Age of Empires II];OnlyBans [OnlyBans];MegaRandom [MegaRandom];1v1;Emil :D [Emil :D] [Denmark] [Denmark] [Tatars] [Tatars];<;Yo [Magyars] [Magyars] [China] [China] [Yo];;Tatars;Magyars;Magyars;FALSE;;;;;;;;
27/04/2022;19:00 UTC;[Age of Empires II];OnlyBans [OnlyBans];MegaRandom [MegaRandom];1v1;Kongen_42 [Kongensgade] [Denmark] [Denmark] [Berbers] [Berbers];<;miguel [Japanese] [Japanese] [Brazil] [Brazil] [Miguel];[Watch VOD] [Watch VOD];Berbers;Japanese;Japanese;FALSE;;;;;;;;
27/04/2022;16:30 UTC;[Age of Empires II];OnlyBans [OnlyBans];MegaRandom [MegaRandom];1v1;TRM [TRM] [Switzerland] [Switzerland] [Magyars] [Magyars];<;Yo [Britons] [Britons] [China] [China] [Yo];[Watch VOD] [Watch VOD];Magyars;Britons;Britons;FALSE;;;;;;;;
21/04/2022;02:00 UTC;[Age of Empires II];OnlyBans: Qualifier [OnlyBans/Qualifier];MegaRandom [MegaRandom];1v1;Adam [Adam (Mexican player)] [Mexico] [Mexico] [Aztecs] [Aztecs];<;Survivalist [Turks] [Turks] [Canada] [Canada] [Survivalist];;Aztecs;Turks;Turks;FALSE;;;;;;;;
20/04/2022;19:00 UTC;[Age of Empires II];OnlyBans: Qualifier [OnlyBans/Qualifier];MegaRandom [MegaRandom];1v1;Toady [Toady] [United Kingdom] [United Kingdom] [Goths] [Goths];<;Ubetnir [Tatars] [Tatars] [Turkey] [Turkey] [Ubetnir];;Goths;Tatars;Tatars;FALSE;;;;;;;;
18/04/2022;15:00 UTC;[Age of Empires II];OnlyBans: Qualifier [OnlyBans/Qualifier];MegaRandom [MegaRandom];1v1;SpringTV [Spring] [United States] [United States] [Magyars] [Magyars];<;TRM [Bulgarians] [Bulgarians] [Switzerland] [Switzerland] [TRM];;Magyars;Bulgarians;Bulgarians;FALSE;;;;;;;;
16/04/2022;19:30 UTC;[Age of Empires II];OnlyBans: Qualifier [OnlyBans/Qualifier];MegaRandom [MegaRandom];1v1;Toady [Toady] [United Kingdom] [United Kingdom] [Tatars] [Tatars];>;webber [Britons] [Britons] [Argentina] [Argentina] [Webber];;Tatars;Britons;Tatars;FALSE;;;;;;;;
06/03/2022;21:50 UTC;[Age of Empires II];Mega Random Madness [Mega Random Madness];MegaRandom [MegaRandom];1v1;True [True] [United States] [United States] [Celts] [Celts];>;PoLaR [Vikings] [Vikings] [United Kingdom] [United Kingdom] [PoLaR];(G1) [Watch VOD] [Watch VOD];Celts;Vikings;Celts;FALSE;;;;;;;;
03/03/2022;17:00 UTC;[Age of Empires II];DauT vs TaToH Bo21 [DauT vs TaToH/6];MegaRandom [MegaRandom];1v1;TaToH [TaToH] [Spain] [Spain] [Italians] [Italians];<;DauT [Persians] [Persians] [Serbia] [Serbia] [DauT];[Watch VOD] [Watch VOD];Italians;Persians;Persians;FALSE;;;;;;;;
27/12/2021;16:00 UTC;[Age of Empires II];Chris vs DauT (2) [Chris vs DauT/2];MegaRandom [MegaRandom];1v1;DauT [DauT] [Serbia] [Serbia] [Mongols] [Mongols];>;Chris [Mongols] [Mongols] [Canada] [Canada] [Chris];;Mongols;Mongols;Mongols;TRUE;;;;;;;;
22/11/2021;15:00 UTC;[Age of Empires II];Moscow Cybersport 4: Superfinal [Moscow Cybersport/4];MegaRandom [MegaRandom];1v1;DSAWEr [DSAWEr (page does not exist)] [Russia] [Russia] [Byzantines] [Byzantines];>;WhiteFangAoK16 [Magyars] [Magyars] [Russia] [Russia] [WhiteFangAoK16 (page does not exist)];;Byzantines;Magyars;Byzantines;FALSE;;;;;;;;
10/10/2021;13:25 UTC;[Age of Empires II];Empirematics: Gold Championship [Empirematics/Gold Championship];MegaRandom [MegaRandom];1v1;Kasva [Kasva] [Turkey] [Turkey] [Mongols] [Mongols];<;BadBoy [Indians] [Indians] [Vietnam] [Vietnam] [BadBoy];;Mongols;Indians;Indians;FALSE;;;;;;;;
06/10/2021;13:00 UTC;[Age of Empires II];Empirematics: Gold Championship [Empirematics/Gold Championship];MegaRandom [MegaRandom];1v1;BacT [BacT] [Vietnam] [Vietnam] [Franks] [Franks];<;ACCM [Lithuanians] [Lithuanians] [Vietnam] [Vietnam] [ACCM];;Franks;Lithuanians;Lithuanians;FALSE;;;;;;;;
13/09/2021;17:00 UTC;[Age of Empires II];Empirematics: Gold Championship [Empirematics/Gold Championship];MegaRandom [MegaRandom];1v1;BadBoy [BadBoy] [Vietnam] [Vietnam] [Indians] [Indians];>;Cl3m3nT [Mongols] [Mongols] [France] [France] [Cl3m3nT];;Indians;Mongols;Indians;FALSE;;;;;;;;
09/09/2021;17:00 UTC;[Age of Empires II];Clown Legion League [Clown Legion League/1];MegaRandom [MegaRandom];1v1;D3rp [D3rp] [Netherlands] [Netherlands] [Persians] [Persians];<;Darknoob [Maya] [Maya] [Netherlands] [Netherlands] [Darknoob];;Persians;Maya;Maya;FALSE;;;;;;;;
07/09/2021;18:30 UTC;[Age of Empires II];Clown Legion League [Clown Legion League/1];MegaRandom [MegaRandom];1v1;D3rp [D3rp] [Netherlands] [Netherlands] [Maya] [Maya];>;DracKeN [Italians] [Italians] [Czechia] [Czechia] [DracKeN];;Maya;Italians;Maya;FALSE;;;;;;;;
02/09/2021;21:00 UTC;[Age of Empires II];Clown Legion League [Clown Legion League/1];MegaRandom [MegaRandom];1v1;The_Bloodless [The Bloodless] [United States] [United States] [Berbers] [Berbers];>;Rmcoo [Italians] [Italians] [Lithuania] [Lithuania] [Rmcoo];;Berbers;Italians;Berbers;FALSE;;;;;;;;
02/09/2021;17:00 UTC;[Age of Empires II];Empirematics: Gold Championship [Empirematics/Gold Championship];MegaRandom [MegaRandom];1v1;Kasva [Kasva] [Turkey] [Turkey] [Britons] [Britons];>;Overtaken [Maya] [Maya] [Estonia] [Estonia] [Overtaken];;Britons;Maya;Britons;FALSE;;;;;;;;
02/09/2021;14:30 UTC;[Age of Empires II];Clown Legion League [Clown Legion League/1];MegaRandom [MegaRandom];1v1;Rmcoo [Rmcoo] [Lithuania] [Lithuania] [Italians] [Italians];>;JonSlow [Spanish] [Spanish] [Israel] [Israel] [JonSlow];;Italians;Spanish;Italians;FALSE;;;;;;;;
01/09/2021;17:00 UTC;[Age of Empires II];Empirematics: Gold Championship [Empirematics/Gold Championship];MegaRandom [MegaRandom];1v1;RediRodion [Feige] [Poland] [Poland] [Saracens] [Saracens];<;Cl3m3nT [Mongols] [Mongols] [France] [France] [Cl3m3nT];;Saracens;Mongols;Mongols;FALSE;;;;;;;;
31/08/2021;16:00 UTC;[Age of Empires II];Clown Legion League [Clown Legion League/1];MegaRandom [MegaRandom];1v1;The_Bloodless [The Bloodless] [United States] [United States] [Persians] [Persians];>;D3rp [Mongols] [Mongols] [Netherlands] [Netherlands] [D3rp];;Persians;Mongols;Persians;FALSE;;;;;;;;
30/08/2021;15:00 UTC;[Age of Empires II];Clown Legion League [Clown Legion League/1];MegaRandom [MegaRandom];1v1;JonSlow [JonSlow] [Israel] [Israel] [Celts] [Celts];>;DracKeN [Italians] [Italians] [Czechia] [Czechia] [DracKeN];;Celts;Italians;Celts;FALSE;;;;;;;;
29/08/2021;18:00 UTC;[Age of Empires II];MrPlanner vs Survivalist [MrPlanner vs Survivalist];MegaRandom [MegaRandom];1v1;Survivalist [Survivalist] [Canada] [Canada] [Franks] [Franks];<;MrPlanner [Tatars] [Tatars] [Slovenia] [Slovenia] [MrPlanner];(G4) [Watch VOD] [Watch VOD];Franks;Tatars;Tatars;FALSE;;;;;;;;
26/08/2021;16:20 UTC;[Age of Empires II];Clown Legion League [Clown Legion League/1];MegaRandom [MegaRandom];1v1;The_Bloodless [The Bloodless] [United States] [United States] [Mongols] [Mongols];<;Darknoob [Indians] [Indians] [Netherlands] [Netherlands] [Darknoob];;Mongols;Indians;Indians;FALSE;;;;;;;;
26/08/2021;14:00 UTC;[Age of Empires II];Clown Legion League [Clown Legion League/1];MegaRandom [MegaRandom];1v1;D3rp [D3rp] [Netherlands] [Netherlands] [Maya] [Maya];>;Rmcoo [Mongols] [Mongols] [Lithuania] [Lithuania] [Rmcoo];;Maya;Mongols;Maya;FALSE;;;;;;;;
26/08/2021;14:00 UTC;[Age of Empires II];Empirematics: Gold Championship [Empirematics/Gold Championship];MegaRandom [MegaRandom];1v1;BacT [BacT] [Vietnam] [Vietnam] [Cumans] [Cumans];>;Dr.Kozmonot [Burgundians] [Burgundians] [Turkey] [Turkey] [Dr.Kozmonot];;Cumans;Burgundians;Cumans;FALSE;;;;;;;;
25/08/2021;21:00 UTC;[Age of Empires II];Clown Legion League [Clown Legion League/1];MegaRandom [MegaRandom];1v1;JonSlow [JonSlow] [Israel] [Israel] [Mongols] [Mongols];<;Darknoob [Franks] [Franks] [Netherlands] [Netherlands] [Darknoob];;Mongols;Franks;Franks;FALSE;;;;;;;;
25/08/2021;17:00 UTC;[Age of Empires II];Empirematics: Gold Championship [Empirematics/Gold Championship];MegaRandom [MegaRandom];1v1;Nahuel05_ [Nahuel05] [Argentina] [Argentina] [Mongols] [Mongols];<;Overtaken [Britons] [Britons] [Estonia] [Estonia] [Overtaken];;Mongols;Britons;Britons;FALSE;;;;;;;;
25/08/2021;16:00 UTC;[Age of Empires II];Clown Legion League [Clown Legion League/1];MegaRandom [MegaRandom];1v1;DracKeN [DracKeN] [Czechia] [Czechia] [Italians] [Italians];>;Rmcoo [Mongols] [Mongols] [Lithuania] [Lithuania] [Rmcoo];;Italians;Mongols;Italians;FALSE;;;;;;;;
24/08/2021;18:15 UTC;[Age of Empires II];Empirematics: Gold Championship [Empirematics/Gold Championship];MegaRandom [MegaRandom];1v1;RediRodion [Feige] [Poland] [Poland] [Saracens] [Saracens];>;Eli [Franks] [Franks] [United States] [United States] [Eli];;Saracens;Franks;Saracens;FALSE;;;;;;;;
24/08/2021;15:45 UTC;[Age of Empires II];Empirematics: Gold Championship [Empirematics/Gold Championship];MegaRandom [MegaRandom];1v1;Dark [Dark] [Russia] [Russia] [Malay] [Malay];>;BadBoy [Mongols] [Mongols] [Vietnam] [Vietnam] [BadBoy];;Malay;Mongols;Malay;FALSE;;;;;;;;
21/08/2021;09:00 UTC;[Age of Empires II];Helichaos Showmatch - Capoch vs F1Re [Capoch vs F1Re];MegaRandom [MegaRandom];1v1;F1Re [F1Re] [Brazil] [Brazil] [Berbers] [Berbers];<;Capoch [Britons] [Britons] [Argentina] [Argentina] [Capoch];;Berbers;Britons;Britons;FALSE;;;;;;;;
19/08/2021;20:00 UTC;[Age of Empires II];Empirematics: Gold Championship [Empirematics/Gold Championship];MegaRandom [MegaRandom];1v1;Lucky_Rox [Lucky Rox] [Argentina] [Argentina] [Persians] [Persians];<;Cl3m3nT [Japanese] [Japanese] [France] [France] [Cl3m3nT];;Persians;Japanese;Japanese;FALSE;;;;;;;;
19/08/2021;18:00 UTC;[Age of Empires II];Empirematics: Gold Championship [Empirematics/Gold Championship];MegaRandom [MegaRandom];1v1;Lavie_Head [Lavie Head] [Belarus] [Belarus] [Ethiopians] [Ethiopians];>;Mocoforte [Mongols] [Mongols] [Brazil] [Brazil] [Mocoforte (page does not exist)];;Ethiopians;Mongols;Ethiopians;FALSE;;;;;;;;
17/08/2021;04:00 UTC;[Age of Empires II];Empirematics: Gold Championship [Empirematics/Gold Championship];MegaRandom [MegaRandom];1v1;Noisick [Noisick] [Chile] [Chile] [Mongols] [Mongols];<;ACCM [Berbers] [Berbers] [Vietnam] [Vietnam] [ACCM];;Mongols;Berbers;Berbers;FALSE;;;;;;;;
16/08/2021;12:45 UTC;[Age of Empires II];Shikari League [Shikari League];MegaRandom [MegaRandom];1v1;aoe2hostage [Aoe2hostage (page does not exist)] [United States] [United States] [Ethiopians] [Ethiopians];<;VF/DW [Lithuanians] [Lithuanians] [Argentina] [Argentina] [VF/DW (page does not exist)];;Ethiopians;Lithuanians;Lithuanians;FALSE;;;;;;;;
15/08/2021;14:30 UTC;[Age of Empires II];Shikari League [Shikari League];MegaRandom [MegaRandom];1v1;King_Boo [King Boo] [United Kingdom] [United Kingdom] [Franks] [Franks];>;The_Dragonstar [Turks] [Turks] [India] [India] [The Dragonstar];;Franks;Turks;Franks;FALSE;;;;;;;;
15/08/2021;14:00 UTC;[Age of Empires II];Empirematics: Gold Championship [Empirematics/Gold Championship];MegaRandom [MegaRandom];1v1;RediRodion [Feige] [Poland] [Poland] [Britons] [Britons];>;The Punisher [Poles] [Poles] [Turkey] [Turkey] [The Punisher (page does not exist)];;Britons;Poles;Britons;FALSE;;;;;;;;
15/08/2021;13:00 UTC;[Age of Empires II];Shikari League [Shikari League];MegaRandom [MegaRandom];1v1;VF/DW [VF/DW (page does not exist)] [Argentina] [Argentina] [Turks] [Turks];<;The_Dragonstar [Britons] [Britons] [India] [India] [The Dragonstar];;Turks;Britons;Britons;FALSE;;;;;;;;
14/08/2021;16:30 UTC;[Age of Empires II];Empirematics: Gold Championship [Empirematics/Gold Championship];MegaRandom [MegaRandom];1v1;dataidiot [Dataidiot (page does not exist)] [Brazil] [Brazil] [Indians] [Indians];<;Eli [Berbers] [Berbers] [United States] [United States] [Eli];;Indians;Berbers;Berbers;FALSE;;;;;;;;
13/08/2021;22:15 UTC;[Age of Empires II];Shikari League [Shikari League];MegaRandom [MegaRandom];1v1;VF/DW [VF/DW (page does not exist)] [Argentina] [Argentina] [Goths] [Goths];>;Lucas Ducas [Celts] [Celts] [United States] [United States] [Lucas Ducas (page does not exist)];;Goths;Celts;Goths;FALSE;;;;;;;;
13/08/2021;19:00 UTC;[Age of Empires II];Shikari League [Shikari League];MegaRandom [MegaRandom];1v1;aoe2hostage [Aoe2hostage (page does not exist)] [United States] [United States] [Turks] [Turks];<;King_Boo [Poles] [Poles] [United Kingdom] [United Kingdom] [King Boo];;Turks;Poles;Poles;FALSE;;;;;;;;
13/08/2021;18:00 UTC;[Age of Empires II];Shikari League [Shikari League];MegaRandom [MegaRandom];1v1;aoe2hostage [Aoe2hostage (page does not exist)] [United States] [United States] [Maya] [Maya];>;JohnNash [Malians] [Malians] [Pakistan] [Pakistan] [JohnNash (page does not exist)];;Maya;Malians;Maya;FALSE;;;;;;;;
13/08/2021;09:00 UTC;[Age of Empires II];Empirematics: Gold Championship [Empirematics/Gold Championship];MegaRandom [MegaRandom];1v1;SongSong [SongSong] [Vietnam] [Vietnam] [Lithuanians] [Lithuanians];>;TheMole_ [Malians] [Malians] [France] [France] [TheMole (page does not exist)];;Lithuanians;Malians;Lithuanians;FALSE;;;;;;;;
15/07/2021;12:00 UTC;[Age of Empires II];Villese vs Zuppi [Villese vs Zuppi];MegaRandom [MegaRandom];1v1;Zuppi [Zuppi] [Finland] [Finland] [Goths] [Goths];<;Villese [Lithuanians] [Lithuanians] [Finland] [Finland] [Villese];;Goths;Lithuanians;Lithuanians;FALSE;;;;;;;;
19/05/2021;13:30 UTC;[Age of Empires II];Good Old Times Cup [Good Old Times Cup];MegaRandom [MegaRandom];1v1;ACCM [ACCM] [Vietnam] [Vietnam] [Maya] [Maya];>;DauT [Mongols] [Mongols] [Serbia] [Serbia] [DauT];;Maya;Mongols;Maya;FALSE;;;;;;;;
09/05/2021;18:30 UTC;[Age of Empires II];French Women's Tournament [French Women's Tournament];MegaRandom [MegaRandom];1v1;Kougrialka [Kougrialka] [France] [France] [Japanese] [Japanese];>;daehiise [Malians] [Malians] [Switzerland] [Switzerland] [Daehiise];;Japanese;Malians;Japanese;FALSE;;;;;;;;
03/05/2021;18:00 UTC;[Age of Empires II];French Women's Tournament [French Women's Tournament];MegaRandom [MegaRandom];1v1;Aixela38 [Aixela38 (page does not exist)] [France] [France] [Persians] [Persians];>;Nathapowa [Lithuanians] [Lithuanians] [Switzerland] [Switzerland] [Nathapowa (page does not exist)];;Persians;Lithuanians;Persians;FALSE;;;;;;;;
30/04/2021;18:30 UTC;[Age of Empires II];French Women's Tournament [French Women's Tournament];MegaRandom [MegaRandom];1v1;Synfoni06 [Synfoni06 (page does not exist)] [France] [France] [Slavs] [Slavs];<;Aixela38 [Persians] [Persians] [France] [France] [Aixela38 (page does not exist)];;Slavs;Persians;Persians;FALSE;;;;;;;;
26/04/2021;16:00 UTC;[Age of Empires II];Good Old Times Cup [Good Old Times Cup];MegaRandom [MegaRandom];1v1;DauT [DauT] [Serbia] [Serbia] [Mongols] [Mongols];<;BruH [Maya] [Maya] [Brazil] [Brazil] [BruH];;Mongols;Maya;Maya;FALSE;;;;;;;;
25/04/2021;18:30 UTC;[Age of Empires II];French Women's Tournament [French Women's Tournament];MegaRandom [MegaRandom];1v1;Aixela38 [Aixela38 (page does not exist)] [France] [France] [Japanese] [Japanese];<;daehiise [Mongols] [Mongols] [Switzerland] [Switzerland] [Daehiise];;Japanese;Mongols;Mongols;FALSE;;;;;;;;
24/04/2021;11:00 UTC;[Age of Empires II];Lavie Head vs Ted [Lavie Head vs Ted];MegaRandom [MegaRandom];1v1;Ted [Ted (page does not exist)] [United Kingdom] [United Kingdom] [Maya] [Maya];>;Lavie Head [Persians] [Persians] [Belarus] [Belarus] [Lavie Head];(G6) [Watch VOD] [Watch VOD];Maya;Persians;Maya;FALSE;;;;;;;;
23/04/2021;16:00 UTC;[Age of Empires II];Pablito_AOE Showmatch - Capoch vs Sitaux [Capoch vs Sitaux];MegaRandom [MegaRandom];1v1;Sitaux [Sitaux] [France] [France] [Burgundians] [Burgundians];>;Capoch [Teutons] [Teutons] [Argentina] [Argentina] [Capoch];;Burgundians;Teutons;Burgundians;FALSE;;;;;;;;
23/04/2021;14:00 UTC;[Age of Empires II];Good Old Times Cup [Good Old Times Cup];MegaRandom [MegaRandom];1v1;BacT [BacT] [Vietnam] [Vietnam] [Mongols] [Mongols];<;BruH [Maya] [Maya] [Brazil] [Brazil] [BruH];;Mongols;Maya;Maya;FALSE;;;;;;;;
22/04/2021;11:30 UTC;[Age of Empires II];grathwrang Showmatch - JorDan_AoE vs Villese [Grathwrang/Showmatch/JorDan AoE vs Villese];MegaRandom [MegaRandom];1v1;Villese [Villese] [Finland] [Finland] [Berbers] [Berbers];>;JorDan_AoE [Mongols] [Mongols] [Germany] [Germany] [JorDan AoE];(G3) [Watch VOD] [Watch VOD];Berbers;Mongols;Berbers;FALSE;;;;;;;;
10/04/2021;20:55 UTC;[Age of Empires II];ObaTheGreatt Showmatch - bruh vs GoKu [Bruh vs GoKu];MegaRandom [MegaRandom];1v1;GoKu [GoKu] [Brazil] [Brazil] [Britons] [Britons];<;bruh [Maya] [Maya] [Brazil] [Brazil] [BruH];(G6) [Watch VOD] [Watch VOD];Britons;Maya;Maya;FALSE;;;;;;;;
06/04/2021;14:00 UTC;[Age of Empires II];Good Old Times Cup [Good Old Times Cup];MegaRandom [MegaRandom];1v1;LaaaaaN [LaN] [Spain] [Spain] [Maya] [Maya];<;saymyname [Maya] [Maya] [Vietnam] [Vietnam] [Saymyname];;Maya;Maya;Maya;TRUE;;;;;;;;
03/04/2021;07:30 UTC;[Age of Empires II];grathwrang Showmatch - BacT vs slam [Grathwrang/Showmatch/BacT vs slam];MegaRandom [MegaRandom];1v1;slam [Slam] [Canada] [Canada] [Maya] [Maya];>;BacT [Mongols] [Mongols] [Vietnam] [Vietnam] [BacT];(G3) [Watch VOD] [Watch VOD];Maya;Mongols;Maya;FALSE;;;;;;;;
31/03/2021;14:00 UTC;[Age of Empires II];Good Old Times Cup [Good Old Times Cup];MegaRandom [MegaRandom];1v1;Kasva [Kasva] [Turkey] [Turkey] [Maya] [Maya];<;ACCM [Maya] [Maya] [Vietnam] [Vietnam] [ACCM];;Maya;Maya;Maya;TRUE;;;;;;;;
31/03/2021;12:00 UTC;[Age of Empires II];Good Old Times Cup [Good Old Times Cup];MegaRandom [MegaRandom];1v1;SamayanKay [BlinG] [United Kingdom] [United Kingdom] [Maya] [Maya];<;BacT [Maya] [Maya] [Vietnam] [Vietnam] [BacT];;Maya;Maya;Maya;TRUE;;;;;;;;
30/03/2021;03:00 UTC;[Age of Empires II];Good Old Times Cup [Good Old Times Cup];MegaRandom [MegaRandom];1v1;The_Dragonstar [The Dragonstar] [India] [India] [Maya] [Maya];>;BruH [Maya] [Maya] [Brazil] [Brazil] [BruH];;Maya;Maya;Maya;TRUE;;;;;;;;
14/03/2021;22:20 UTC;[Age of Empires II];Queen's Clash: Gold League [Queen's Clash/1/Gold League];MegaRandom [MegaRandom];1v1;Ofelia [OfeliaAoE] [Spain] [Spain] [Persians] [Persians];>;ashleylynn [Lithuanians] [Lithuanians] [United States] [United States] [Ashleylynn];;Persians;Lithuanians;Persians;FALSE;;;;;;;;
14/03/2021;17:30 UTC;[Age of Empires II];Queen's Clash: Silver League [Queen's Clash/1/Silver League];MegaRandom [MegaRandom];1v1;Flor_13 [Flor 13 (page does not exist)] [Argentina] [Argentina] [Saracens] [Saracens];<;Chipmunk [Inca] [Inca] [Taiwan] [Taiwan] [Chipmunk (page does not exist)];;Saracens;Inca;Inca;FALSE;;;;;;;;
14/03/2021;14:00 UTC;[Age of Empires II];Queen's Clash: Silver League [Queen's Clash/1/Silver League];MegaRandom [MegaRandom];1v1;Chipmunk [Chipmunk (page does not exist)] [Taiwan] [Taiwan] [Chinese] [Chinese];<;Tileä [Berbers] [Berbers] [New Zealand] [New Zealand] [Tileä];;Chinese;Berbers;Berbers;FALSE;;;;;;;;
28/02/2021;18:00 UTC;[Age of Empires II];Gabi vs Lavie_Head [Gabi vs Lavie Head];MegaRandom [MegaRandom];1v1;Lavie_Head [Lavie Head] [Belarus] [Belarus] [Turks] [Turks];<;Gabi [Spanish] [Spanish] [Brazil] [Brazil] [Gabi];;Turks;Spanish;Spanish;FALSE;;;;;;;;
13/02/2021;20:00 UTC;[Age of Empires II];OGN_EMPIRES Showmatch - PROject_Belgium vs Sitaux [PROject Belgium vs Sitaux/2];MegaRandom [MegaRandom];1v1;Sitaux [Sitaux] [France] [France] [Berbers] [Berbers];<;PROject_Belgium [Japanese] [Japanese] [Belgium] [Belgium] [PROject Belgium];(G7) [Watch VOD] [Watch VOD];Berbers;Japanese;Japanese;FALSE;;;;;;;;
09/02/2021;13:00 UTC;[Age of Empires II];DauT vs Vivi [DauT vs Vivi/2];MegaRandom [MegaRandom];1v1;Vivi [Vivi] [China] [China] [Malay] [Malay];<;DauT [Malay] [Malay] [Serbia] [Serbia] [DauT];;Malay;Malay;Malay;TRUE;;;;;;;;
30/01/2021;20:00 UTC;[Age of Empires II];OGN_EMPIRES Showmatch - PROject_Belgium vs Sitaux [PROject Belgium vs Sitaux/1];MegaRandom [MegaRandom];1v1;Sitaux [Sitaux] [France] [France] [Berbers] [Berbers];<;PROject_Belgium [Japanese] [Japanese] [Belgium] [Belgium] [PROject Belgium];(G7) [Watch VOD] [Watch VOD];Berbers;Japanese;Japanese;FALSE;;;;;;;;
;;;;;;;;;;;;;;;;;;;;;
;;;;;;;;;;;;;;;;;;;;;
;;;;;;;;;;;;;;;;;;;;;
;;;;;;;;;;;;;;;;;;;;;
;;;;;;;;;;;;;;;;;;;;;
;;;;;;;;;;;;;;;;;;;;;
;;;;;;;;;;;;;;;;;;;;;
;;;;;;;;;;;;;;;;;;;;;
;;;;;;;;;;;;;;;;;;;;;
;;;;;;;;;;;;;;;;;;;;;
;;;;;;;;;;;;;;;;;;;;;
;;;;;;;;;;;;;;;;;;;;;
;;;;;;;;;;;;;;;;;;;;;
;;;;;;;;;;;;;;;;;;;;;
;;;;;;;;;;;;;;;;;;;;;
;;;;;;;;;;;;;;;;;;;;;
;;;;;;;;;;;;;;;;;;;;;
;;;;;;;;;;;;;;;;;;;;;
;;;;;;;;;;;;;;;;;;;;;
;;;;;;;;;;;;;;;;;;;;;
;;;;;;;;;;;;;;;;;;;;;
;;;;;;;;;;;;;;;;;;;;;
;;;;;;;;;;;;;;;;;;;;;
;;;;;;;;;;;;;;;;;;;;;
;;;;;;;;;;;;;;;;;;;;;
;;;;;;;;;;;;;;;;;;;;;
;;;;;;;;;;;;;;;;;;;;;
;;;;;;;;;;;;;;;;;;;;;
;;;;;;;;;;;;;;;;;;;;;
;;;;;;;;;;;;;;;;;;;;;
;;;;;;;;;;;;;;;;;;;;;
;;;;;;;;;;;;;;;;;;;;;
;;;;;;;;;;;;;;;;;;;;;
;;;;;;;;;;;;;;;;;;;;;
;;;;;;;;;;;;;;;;;;;;;
;;;;;;;;;;;;;;;;;;;;;
;;;;;;;;;;;;;;;;;;;;;
;;;;;;;;;;;;;;;;;;;;;
;;;;;;;;;;;;;;;;;;;;;
;;;;;;;;;;;;;;;;;;;;;
;;;;;;;;;;;;;;;;;;;;;
;;;;;;;;;;;;;;;;;;;;;
;;;;;;;;;;;;;;;;;;;;;
;;;;;;;;;;;;;;;;;;;;;
;;;;;;;;;;;;;;;;;;;;;
;;;;;;;;;;;;;;;;;;;;;
;;;;;;;;;;;;;;;;;;;;;
;;;;;;;;;;;;;;;;;;;;;
;;;;;;;;;;;;;;;;;;;;;
;;;;;;;;;;;;;;;;;;;;;
;;;;;;;;;;;;;;;;;;;;;
;;;;;;;;;;;;;;;;;;;;;
;;;;;;;;;;;;;;;;;;;;;
;;;;;;;;;;;;;;;;;;;;;
;;;;;;;;;;;;;;;;;;;;;
;;;;;;;;;;;;;;;;;;;;;
;;;;;;;;;;;;;;;;;;;;;
;;;;;;;;;;;;;;;;;;;;;
;;;;;;;;;;;;;;;;;;;;;
;;;;;;;;;;;;;;;;;;;;;
;;;;;;;;;;;;;;;;;;;;;
;;;;;;;;;;;;;;;;;;;;;
;;;;;;;;;;;;;;;;;;;;;
;;;;;;;;;;;;;;;;;;;;;
;;;;;;;;;;;;;;;;;;;;;
;;;;;;;;;;;;;;;;;;;;;
;;;;;;;;;;;;;;;;;;;;;
;;;;;;;;;;;;;;;;;;;;;
;;;;;;;;;;;;;;;;;;;;;
;;;;;;;;;;;;;;;;;;;;;
;;;;;;;;;;;;;;;;;;;;;
;;;;;;;;;;;;;;;;;;;;;
;;;;;;;;;;;;;;;;;;;;;
;;;;;;;;;;;;;;;;;;;;;
;;;;;;;;;;;;;;;;;;;;;
;;;;;;;;;;;;;;;;;;;;;
;;;;;;;;;;;;;;;;;;;;;
;;;;;;;;;;;;;;;;;;;;;
;;;;;;;;;;;;;;;;;;;;;
;;;;;;;;;;;;;;;;;;;;;
;;;;;;;;;;;;;;;;;;;;;
;;;;;;;;;;;;;;;;;;;;;
;;;;;;;;;;;;;;;;;;;;;
;;;;;;;;;;;;;;;;;;;;;
;;;;;;;;;;;;;;;;;;;;;
;;;;;;;;;;;;;;;;;;;;;
;;;;;;;;;;;;;;;;;;;;;
;;;;;;;;;;;;;;;;;;;;;
;;;;;;;;;;;;;;;;;;;;;
;;;;;;;;;;;;;;;;;;;;;
;;;;;;;;;;;;;;;;;;;;;
;;;;;;;;;;;;;;;;;;;;;
;;;;;;;;;;;;;;;;;;;;;
;;;;;;;;;;;;;;;;;;;;;
;;;;;;;;;;;;;;;;;;;;;
;;;;;;;;;;;;;;;;;;;;;
;;;;;;;;;;;;;;;;;;;;;
;;;;;;;;;;;;;;;;;;;;;
;;;;;;;;;;;;;;;;;;;;;
;;;;;;;;;;;;;;;;;;;;;
;;;;;;;;;;;;;;;;;;;;;
;;;;;;;;;;;;;;;;;;;;;
;;;;;;;;;;;;;;;;;;;;;
;;;;;;;;;;;;;;;;;;;;;
;;;;;;;;;;;;;;;;;;;;;
;;;;;;;;;;;;;;;;;;;;;
;;;;;;;;;;;;;;;;;;;;;
;;;;;;;;;;;;;;;;;;;;;
;;;;;;;;;;;;;;;;;;;;;
;;;;;;;;;;;;;;;;;;;;;
;;;;;;;;;;;;;;;;;;;;;
;;;;;;;;;;;;;;;;;;;;;
;;;;;;;;;;;;;;;;;;;;;
;;;;;;;;;;;;;;;;;;;;;
;;;;;;;;;;;;;;;;;;;;;
;;;;;;;;;;;;;;;;;;;;;
;;;;;;;;;;;;;;;;;;;;;
;;;;;;;;;;;;;;;;;;;;;
;;;;;;;;;;;;;;;;;;;;;
;;;;;;;;;;;;;;;;;;;;;
;;;;;;;;;;;;;;;;;;;;;
;;;;;;;;;;;;;;;;;;;;;
;;;;;;;;;;;;;;;;;;;;;
;;;;;;;;;;;;;;;;;;;;;
;;;;;;;;;;;;;;;;;;;;;
;;;;;;;;;;;;;;;;;;;;;
;;;;;;;;;;;;;;;;;;;;;
;;;;;;;;;;;;;;;;;;;;;
;;;;;;;;;;;;;;;;;;;;;
;;;;;;;;;;;;;;;;;;;;;
;;;;;;;;;;;;;;;;;;;;;
;;;;;;;;;;;;;;;;;;;;;
;;;;;;;;;;;;;;;;;;;;;
;;;;;;;;;;;;;;;;;;;;;
;;;;;;;;;;;;;;;;;;;;;
;;;;;;;;;;;;;;;;;;;;;
;;;;;;;;;;;;;;;;;;;;;
;;;;;;;;;;;;;;;;;;;;;
;;;;;;;;;;;;;;;;;;;;;
;;;;;;;;;;;;;;;;;;;;;
;;;;;;;;;;;;;;;;;;;;;
;;;;;;;;;;;;;;;;;;;;;
;;;;;;;;;;;;;;;;;;;;;
;;;;;;;;;;;;;;;;;;;;;
;;;;;;;;;;;;;;;;;;;;;
;;;;;;;;;;;;;;;;;;;;;
;;;;;;;;;;;;;;;;;;;;;
;;;;;;;;;;;;;;;;;;;;;
;;;;;;;;;;;;;;;;;;;;;
;;;;;;;;;;;;;;;;;;;;;
;;;;;;;;;;;;;;;;;;;;;
;;;;;;;;;;;;;;;;;;;;;
;;;;;;;;;;;;;;;;;;;;;
;;;;;;;;;;;;;;;;;;;;;
;;;;;;;;;;;;;;;;;;;;;
;;;;;;;;;;;;;;;;;;;;;
;;;;;;;;;;;;;;;;;;;;;
;;;;;;;;;;;;;;;;;;;;;
;;;;;;;;;;;;;;;;;;;;;
;;;;;;;;;;;;;;;;;;;;;
;;;;;;;;;;;;;;;;;;;;;
;;;;;;;;;;;;;;;;;;;;;
;;;;;;;;;;;;;;;;;;;;;
;;;;;;;;;;;;;;;;;;;;;
;;;;;;;;;;;;;;;;;;;;;
;;;;;;;;;;;;;;;;;;;;;
;;;;;;;;;;;;;;;;;;;;;
;;;;;;;;;;;;;;;;;;;;;
;;;;;;;;;;;;;;;;;;;;;
;;;;;;;;;;;;;;;;;;;;;
;;;;;;;;;;;;;;;;;;;;;
;;;;;;;;;;;;;;;;;;;;;
;;;;;;;;;;;;;;;;;;;;;
;;;;;;;;;;;;;;;;;;;;;
;;;;;;;;;;;;;;;;;;;;;
;;;;;;;;;;;;;;;;;;;;;
;;;;;;;;;;;;;;;;;;;;;
;;;;;;;;;;;;;;;;;;;;;
;;;;;;;;;;;;;;;;;;;;;
;;;;;;;;;;;;;;;;;;;;;
;;;;;;;;;;;;;;;;;;;;;
;;;;;;;;;;;;;;;;;;;;;
;;;;;;;;;;;;;;;;;;;;;
;;;;;;;;;;;;;;;;;;;;;
;;;;;;;;;;;;;;;;;;;;;
;;;;;;;;;;;;;;;;;;;;;
;;;;;;;;;;;;;;;;;;;;;
;;;;;;;;;;;;;;;;;;;;;
;;;;;;;;;;;;;;;;;;;;;
;;;;;;;;;;;;;;;;;;;;;
;;;;;;;;;;;;;;;;;;;;;
;;;;;;;;;;;;;;;;;;;;;
;;;;;;;;;;;;;;;;;;;;;
;;;;;;;;;;;;;;;;;;;;;
;;;;;;;;;;;;;;;;;;;;;
;;;;;;;;;;;;;;;;;;;;;
;;;;;;;;;;;;;;;;;;;;;
;;;;;;;;;;;;;;;;;;;;;
;;;;;;;;;;;;;;;;;;;;;
;;;;;;;;;;;;;;;;;;;;;
;;;;;;;;;;;;;;;;;;;;;
;;;;;;;;;;;;;;;;;;;;;
;;;;;;;;;;;;;;;;;;;;;
;;;;;;;;;;;;;;;;;;;;;
;;;;;;;;;;;;;;;;;;;;;
;;;;;;;;;;;;;;;;;;;;;
;;;;;;;;;;;;;;;;;;;;;
;;;;;;;;;;;;;;;;;;;;;
;;;;;;;;;;;;;;;;;;;;;
;;;;;;;;;;;;;;;;;;;;;
;;;;;;;;;;;;;;;;;;;;;
;;;;;;;;;;;;;;;;;;;;;
;;;;;;;;;;;;;;;;;;;;;
;;;;;;;;;;;;;;;;;;;;;
;;;;;;;;;;;;;;;;;;;;;
;;;;;;;;;;;;;;;;;;;;;
;;;;;;;;;;;;;;;;;;;;;
;;;;;;;;;;;;;;;;;;;;;
;;;;;;;;;;;;;;;;;;;;;
;;;;;;;;;;;;;;;;;;;;;
;;;;;;;;;;;;;;;;;;;;;
;;;;;;;;;;;;;;;;;;;;;
;;;;;;;;;;;;;;;;;;;;;
;;;;;;;;;;;;;;;;;;;;;
;;;;;;;;;;;;;;;;;;;;;
;;;;;;;;;;;;;;;;;;;;;
;;;;;;;;;;;;;;;;;;;;;
;;;;;;;;;;;;;;;;;;;;;
;;;;;;;;;;;;;;;;;;;;;
;;;;;;;;;;;;;;;;;;;;;
;;;;;;;;;;;;;;;;;;;;;
;;;;;;;;;;;;;;;;;;;;;
;;;;;;;;;;;;;;;;;;;;;
;;;;;;;;;;;;;;;;;;;;;
;;;;;;;;;;;;;;;;;;;;;
;;;;;;;;;;;;;;;;;;;;;
;;;;;;;;;;;;;;;;;;;;;
;;;;;;;;;;;;;;;;;;;;;
;;;;;;;;;;;;;;;;;;;;;
;;;;;;;;;;;;;;;;;;;;;
;;;;;;;;;;;;;;;;;;;;;
;;;;;;;;;;;;;;;;;;;;;
;;;;;;;;;;;;;;;;;;;;;
;;;;;;;;;;;;;;;;;;;;;
;;;;;;;;;;;;;;;;;;;;;
;;;;;;;;;;;;;;;;;;;;;
;;;;;;;;;;;;;;;;;;;;;
;;;;;;;;;;;;;;;;;;;;;
;;;;;;;;;;;;;;;;;;;;;
;;;;;;;;;;;;;;;;;;;;;
;;;;;;;;;;;;;;;;;;;;;
;;;;;;;;;;;;;;;;;;;;;
;;;;;;;;;;;;;;;;;;;;;
;;;;;;;;;;;;;;;;;;;;;
;;;;;;;;;;;;;;;;;;;;;
;;;;;;;;;;;;;;;;;;;;;
;;;;;;;;;;;;;;;;;;;;;
;;;;;;;;;;;;;;;;;;;;;
;;;;;;;;;;;;;;;;;;;;;
;;;;;;;;;;;;;;;;;;;;;
;;;;;;;;;;;;;;;;;;;;;
;;;;;;;;;;;;;;;;;;;;;
;;;;;;;;;;;;;;;;;;;;;
;;;;;;;;;;;;;;;;;;;;;
;;;;;;;;;;;;;;;;;;;;;
;;;;;;;;;;;;;;;;;;;;;
;;;;;;;;;;;;;;;;;;;;;
;;;;;;;;;;;;;;;;;;;;;
;;;;;;;;;;;;;;;;;;;;;
;;;;;;;;;;;;;;;;;;;;;
;;;;;;;;;;;;;;;;;;;;;
;;;;;;;;;;;;;;;;;;;;;
;;;;;;;;;;;;;;;;;;;;;
;;;;;;;;;;;;;;;;;;;;;
;;;;;;;;;;;;;;;;;;;;;
;;;;;;;;;;;;;;;;;;;;;
;;;;;;;;;;;;;;;;;;;;;
;;;;;;;;;;;;;;;;;;;;;
;;;;;;;;;;;;;;;;;;;;;
;;;;;;;;;;;;;;;;;;;;;
;;;;;;;;;;;;;;;;;;;;;
;;;;;;;;;;;;;;;;;;;;;
;;;;;;;;;;;;;;;;;;;;;
;;;;;;;;;;;;;;;;;;;;;
;;;;;;;;;;;;;;;;;;;;;
;;;;;;;;;;;;;;;;;;;;;
;;;;;;;;;;;;;;;;;;;;;
;;;;;;;;;;;;;;;;;;;;;
;;;;;;;;;;;;;;;;;;;;;
;;;;;;;;;;;;;;;;;;;;;
;;;;;;;;;;;;;;;;;;;;;
;;;;;;;;;;;;;;;;;;;;;
;;;;;;;;;;;;;;;;;;;;;
;;;;;;;;;;;;;;;;;;;;;
;;;;;;;;;;;;;;;;;;;;;
;;;;;;;;;;;;;;;;;;;;;
;;;;;;;;;;;;;;;;;;;;;
;;;;;;;;;;;;;;;;;;;;;
;;;;;;;;;;;;;;;;;;;;;
;;;;;;;;;;;;;;;;;;;;;
;;;;;;;;;;;;;;;;;;;;;
;;;;;;;;;;;;;;;;;;;;;
;;;;;;;;;;;;;;;;;;;;;
;;;;;;;;;;;;;;;;;;;;;
;;;;;;;;;;;;;;;;;;;;;
;;;;;;;;;;;;;;;;;;;;;
;;;;;;;;;;;;;;;;;;;;;
;;;;;;;;;;;;;;;;;;;;;
;;;;;;;;;;;;;;;;;;;;;
;;;;;;;;;;;;;;;;;;;;;
;;;;;;;;;;;;;;;;;;;;;
;;;;;;;;;;;;;;;;;;;;;
;;;;;;;;;;;;;;;;;;;;;
;;;;;;;;;;;;;;;;;;;;;
;;;;;;;;;;;;;;;;;;;;;
;;;;;;;;;;;;;;;;;;;;;
;;;;;;;;;;;;;;;;;;;;;
;;;;;;;;;;;;;;;;;;;;;
;;;;;;;;;;;;;;;;;;;;;
;;;;;;;;;;;;;;;;;;;;;
;;;;;;;;;;;;;;;;;;;;;
;;;;;;;;;;;;;;;;;;;;;
;;;;;;;;;;;;;;;;;;;;;
;;;;;;;;;;;;;;;;;;;;;
;;;;;;;;;;;;;;;;;;;;;
;;;;;;;;;;;;;;;;;;;;;
;;;;;;;;;;;;;;;;;;;;;
;;;;;;;;;;;;;;;;;;;;;
;;;;;;;;;;;;;;;;;;;;;
;;;;;;;;;;;;;;;;;;;;;
;;;;;;;;;;;;;;;;;;;;;
;;;;;;;;;;;;;;;;;;;;;
;;;;;;;;;;;;;;;;;;;;;
;;;;;;;;;;;;;;;;;;;;;
;;;;;;;;;;;;;;;;;;;;;
;;;;;;;;;;;;;;;;;;;;;
;;;;;;;;;;;;;;;;;;;;;
;;;;;;;;;;;;;;;;;;;;;
;;;;;;;;;;;;;;;;;;;;;
;;;;;;;;;;;;;;;;;;;;;
;;;;;;;;;;;;;;;;;;;;;
;;;;;;;;;;;;;;;;;;;;;
;;;;;;;;;;;;;;;;;;;;;
;;;;;;;;;;;;;;;;;;;;;
;;;;;;;;;;;;;;;;;;;;;
;;;;;;;;;;;;;;;;;;;;;
;;;;;;;;;;;;;;;;;;;;;
;;;;;;;;;;;;;;;;;;;;;
;;;;;;;;;;;;;;;;;;;;;
;;;;;;;;;;;;;;;;;;;;;
;;;;;;;;;;;;;;;;;;;;;
;;;;;;;;;;;;;;;;;;;;;
;;;;;;;;;;;;;;;;;;;;;
;;;;;;;;;;;;;;;;;;;;;
;;;;;;;;;;;;;;;;;;;;;
;;;;;;;;;;;;;;;;;;;;;
;;;;;;;;;;;;;;;;;;;;;
;;;;;;;;;;;;;;;;;;;;;
;;;;;;;;;;;;;;;;;;;;;
;;;;;;;;;;;;;;;;;;;;;
;;;;;;;;;;;;;;;;;;;;;
;;;;;;;;;;;;;;;;;;;;;
;;;;;;;;;;;;;;;;;;;;;
;;;;;;;;;;;;;;;;;;;;;
;;;;;;;;;;;;;;;;;;;;;
;;;;;;;;;;;;;;;;;;;;;
;;;;;;;;;;;;;;;;;;;;;
;;;;;;;;;;;;;;;;;;;;;
;;;;;;;;;;;;;;;;;;;;;
;;;;;;;;;;;;;;;;;;;;;
;;;;;;;;;;;;;;;;;;;;;
;;;;;;;;;;;;;;;;;;;;;
;;;;;;;;;;;;;;;;;;;;;
;;;;;;;;;;;;;;;;;;;;;
;;;;;;;;;;;;;;;;;;;;;
;;;;;;;;;;;;;;;;;;;;;
;;;;;;;;;;;;;;;;;;;;;
;;;;;;;;;;;;;;;;;;;;;
;;;;;;;;;;;;;;;;;;;;;
;;;;;;;;;;;;;;;;;;;;;
;;;;;;;;;;;;;;;;;;;;;
;;;;;;;;;;;;;;;;;;;;;
;;;;;;;;;;;;;;;;;;;;;
;;;;;;;;;;;;;;;;;;;;;
;;;;;;;;;;;;;;;;;;;;;
;;;;;;;;;;;;;;;;;;;;;
;;;;;;;;;;;;;;;;;;;;;
;;;;;;;;;;;;;;;;;;;;;
;;;;;;;;;;;;;;;;;;;;;
;;;;;;;;;;;;;;;;;;;;;
;;;;;;;;;;;;;;;;;;;;;
;;;;;;;;;;;;;;;;;;;;;
;;;;;;;;;;;;;;;;;;;;;
;;;;;;;;;;;;;;;;;;;;;
;;;;;;;;;;;;;;;;;;;;;
;;;;;;;;;;;;;;;;;;;;;
;;;;;;;;;;;;;;;;;;;;;
;;;;;;;;;;;;;;;;;;;;;
;;;;;;;;;;;;;;;;;;;;;
;;;;;;;;;;;;;;;;;;;;;
;;;;;;;;;;;;;;;;;;;;;
;;;;;;;;;;;;;;;;;;;;;
;;;;;;;;;;;;;;;;;;;;;
;;;;;;;;;;;;;;;;;;;;;
;;;;;;;;;;;;;;;;;;;;;
;;;;;;;;;;;;;;;;;;;;;
;;;;;;;;;;;;;;;;;;;;;
;;;;;;;;;;;;;;;;;;;;;
;;;;;;;;;;;;;;;;;;;;;
;;;;;;;;;;;;;;;;;;;;;
;;;;;;;;;;;;;;;;;;;;;
;;;;;;;;;;;;;;;;;;;;;
;;;;;;;;;;;;;;;;;;;;;
;;;;;;;;;;;;;;;;;;;;;
;;;;;;;;;;;;;;;;;;;;;
;;;;;;;;;;;;;;;;;;;;;
;;;;;;;;;;;;;;;;;;;;;
;;;;;;;;;;;;;;;;;;;;;
;;;;;;;;;;;;;;;;;;;;;
;;;;;;;;;;;;;;;;;;;;;
;;;;;;;;;;;;;;;;;;;;;
;;;;;;;;;;;;;;;;;;;;;
;;;;;;;;;;;;;;;;;;;;;
;;;;;;;;;;;;;;;;;;;;;
;;;;;;;;;;;;;;;;;;;;;
;;;;;;;;;;;;;;;;;;;;;
;;;;;;;;;;;;;;;;;;;;;
;;;;;;;;;;;;;;;;;;;;;
;;;;;;;;;;;;;;;;;;;;;
;;;;;;;;;;;;;;;;;;;;;
;;;;;;;;;;;;;;;;;;;;;
;;;;;;;;;;;;;;;;;;;;;
;;;;;;;;;;;;;;;;;;;;;
;;;;;;;;;;;;;;;;;;;;;
;;;;;;;;;;;;;;;;;;;;;
;;;;;;;;;;;;;;;;;;;;;
;;;;;;;;;;;;;;;;;;;;;
;;;;;;;;;;;;;;;;;;;;;
;;;;;;;;;;;;;;;;;;;;;
;;;;;;;;;;;;;;;;;;;;;
;;;;;;;;;;;;;;;;;;;;;
;;;;;;;;;;;;;;;;;;;;;
;;;;;;;;;;;;;;;;;;;;;
;;;;;;;;;;;;;;;;;;;;;
;;;;;;;;;;;;;;;;;;;;;
;;;;;;;;;;;;;;;;;;;;;
;;;;;;;;;;;;;;;;;;;;;
;;;;;;;;;;;;;;;;;;;;;
;;;;;;;;;;;;;;;;;;;;;
;;;;;;;;;;;;;;;;;;;;;
;;;;;;;;;;;;;;;;;;;;;
;;;;;;;;;;;;;;;;;;;;;
;;;;;;;;;;;;;;;;;;;;;
;;;;;;;;;;;;;;;;;;;;;
;;;;;;;;;;;;;;;;;;;;;
;;;;;;;;;;;;;;;;;;;;;
;;;;;;;;;;;;;;;;;;;;;
;;;;;;;;;;;;;;;;;;;;;
;;;;;;;;;;;;;;;;;;;;;
;;;;;;;;;;;;;;;;;;;;;
;;;;;;;;;;;;;;;;;;;;;
;;;;;;;;;;;;;;;;;;;;;
;;;;;;;;;;;;;;;;;;;;;
;;;;;;;;;;;;;;;;;;;;;
;;;;;;;;;;;;;;;;;;;;;
;;;;;;;;;;;;;;;;;;;;;
;;;;;;;;;;;;;;;;;;;;;
;;;;;;;;;;;;;;;;;;;;;
;;;;;;;;;;;;;;;;;;;;;
;;;;;;;;;;;;;;;;;;;;;
;;;;;;;;;;;;;;;;;;;;;
;;;;;;;;;;;;;;;;;;;;;
;;;;;;;;;;;;;;;;;;;;;
;;;;;;;;;;;;;;;;;;;;;
;;;;;;;;;;;;;;;;;;;;;
;;;;;;;;;;;;;;;;;;;;;
;;;;;;;;;;;;;;;;;;;;;
;;;;;;;;;;;;;;;;;;;;;
;;;;;;;;;;;;;;;;;;;;;
;;;;;;;;;;;;;;;;;;;;;
;;;;;;;;;;;;;;;;;;;;;
;;;;;;;;;;;;;;;;;;;;;
;;;;;;;;;;;;;;;;;;;;;
;;;;;;;;;;;;;;;;;;;;;
;;;;;;;;;;;;;;;;;;;;;
;;;;;;;;;;;;;;;;;;;;;
;;;;;;;;;;;;;;;;;;;;;
;;;;;;;;;;;;;;;;;;;;;
;;;;;;;;;;;;;;;;;;;;;
;;;;;;;;;;;;;;;;;;;;;
;;;;;;;;;;;;;;;;;;;;;
;;;;;;;;;;;;;;;;;;;;;
;;;;;;;;;;;;;;;;;;;;;
;;;;;;;;;;;;;;;;;;;;;
;;;;;;;;;;;;;;;;;;;;;
;;;;;;;;;;;;;;;;;;;;;
;;;;;;;;;;;;;;;;;;;;;
;;;;;;;;;;;;;;;;;;;;;
;;;;;;;;;;;;;;;;;;;;;
;;;;;;;;;;;;;;;;;;;;;
;;;;;;;;;;;;;;;;;;;;;
;;;;;;;;;;;;;;;;;;;;;
;;;;;;;;;;;;;;;;;;;;;
;;;;;;;;;;;;;;;;;;;;;
;;;;;;;;;;;;;;;;;;;;;
;;;;;;;;;;;;;;;;;;;;;
;;;;;;;;;;;;;;;;;;;;;
;;;;;;;;;;;;;;;;;;;;;
;;;;;;;;;;;;;;;;;;;;;
;;;;;;;;;;;;;;;;;;;;;
;;;;;;;;;;;;;;;;;;;;;
;;;;;;;;;;;;;;;;;;;;;
;;;;;;;;;;;;;;;;;;;;;
;;;;;;;;;;;;;;;;;;;;;
;;;;;;;;;;;;;;;;;;;;;
;;;;;;;;;;;;;;;;;;;;;
;;;;;;;;;;;;;;;;;;;;;
;;;;;;;;;;;;;;;;;;;;;
;;;;;;;;;;;;;;;;;;;;;
;;;;;;;;;;;;;;;;;;;;;
;;;;;;;;;;;;;;;;;;;;;
;;;;;;;;;;;;;;;;;;;;;
;;;;;;;;;;;;;;;;;;;;;
;;;;;;;;;;;;;;;;;;;;;
;;;;;;;;;;;;;;;;;;;;;
;;;;;;;;;;;;;;;;;;;;;
;;;;;;;;;;;;;;;;;;;;;
;;;;;;;;;;;;;;;;;;;;;
;;;;;;;;;;;;;;;;;;;;;
;;;;;;;;;;;;;;;;;;;;;
;;;;;;;;;;;;;;;;;;;;;
;;;;;;;;;;;;;;;;;;;;;
;;;;;;;;;;;;;;;;;;;;;
;;;;;;;;;;;;;;;;;;;;;
;;;;;;;;;;;;;;;;;;;;;
;;;;;;;;;;;;;;;;;;;;;
;;;;;;;;;;;;;;;;;;;;;
;;;;;;;;;;;;;;;;;;;;;
;;;;;;;;;;;;;;;;;;;;;
;;;;;;;;;;;;;;;;;;;;;
;;;;;;;;;;;;;;;;;;;;;
;;;;;;;;;;;;;;;;;;;;;
;;;;;;;;;;;;;;;;;;;;;
;;;;;;;;;;;;;;;;;;;;;
;;;;;;;;;;;;;;;;;;;;;
;;;;;;;;;;;;;;;;;;;;;
;;;;;;;;;;;;;;;;;;;;;
;;;;;;;;;;;;;;;;;;;;;
;;;;;;;;;;;;;;;;;;;;;
;;;;;;;;;;;;;;;;;;;;;
;;;;;;;;;;;;;;;;;;;;;
;;;;;;;;;;;;;;;;;;;;;
;;;;;;;;;;;;;;;;;;;;;
;;;;;;;;;;;;;;;;;;;;;
;;;;;;;;;;;;;;;;;;;;;
;;;;;;;;;;;;;;;;;;;;;
;;;;;;;;;;;;;;;;;;;;;
;;;;;;;;;;;;;;;;;;;;;
;;;;;;;;;;;;;;;;;;;;;
;;;;;;;;;;;;;;;;;;;;;
;;;;;;;;;;;;;;;;;;;;;
;;;;;;;;;;;;;;;;;;;;;
;;;;;;;;;;;;;;;;;;;;;
;;;;;;;;;;;;;;;;;;;;;
;;;;;;;;;;;;;;;;;;;;;
;;;;;;;;;;;;;;;;;;;;;
;;;;;;;;;;;;;;;;;;;;;
;;;;;;;;;;;;;;;;;;;;;
;;;;;;;;;;;;;;;;;;;;;
;;;;;;;;;;;;;;;;;;;;;
;;;;;;;;;;;;;;;;;;;;;
;;;;;;;;;;;;;;;;;;;;;
;;;;;;;;;;;;;;;;;;;;;
;;;;;;;;;;;;;;;;;;;;;
;;;;;;;;;;;;;;;;;;;;;
;;;;;;;;;;;;;;;;;;;;;
;;;;;;;;;;;;;;;;;;;;;
;;;;;;;;;;;;;;;;;;;;;
;;;;;;;;;;;;;;;;;;;;;
;;;;;;;;;;;;;;;;;;;;;
;;;;;;;;;;;;;;;;;;;;;
;;;;;;;;;;;;;;;;;;;;;
;;;;;;;;;;;;;;;;;;;;;
;;;;;;;;;;;;;;;;;;;;;
;;;;;;;;;;;;;;;;;;;;;
;;;;;;;;;;;;;;;;;;;;;
;;;;;;;;;;;;;;;;;;;;;
;;;;;;;;;;;;;;;;;;;;;
;;;;;;;;;;;;;;;;;;;;;
;;;;;;;;;;;;;;;;;;;;;
;;;;;;;;;;;;;;;;;;;;;
;;;;;;;;;;;;;;;;;;;;;
;;;;;;;;;;;;;;;;;;;;;
;;;;;;;;;;;;;;;;;;;;;
;;;;;;;;;;;;;;;;;;;;;
;;;;;;;;;;;;;;;;;;;;;
;;;;;;;;;;;;;;;;;;;;;
;;;;;;;;;;;;;;;;;;;;;
;;;;;;;;;;;;;;;;;;;;;
;;;;;;;;;;;;;;;;;;;;;
;;;;;;;;;;;;;;;;;;;;;
;;;;;;;;;;;;;;;;;;;;;
;;;;;;;;;;;;;;;;;;;;;
;;;;;;;;;;;;;;;;;;;;;
;;;;;;;;;;;;;;;;;;;;;
;;;;;;;;;;;;;;;;;;;;;
;;;;;;;;;;;;;;;;;;;;;
;;;;;;;;;;;;;;;;;;;;;
;;;;;;;;;;;;;;;;;;;;;
;;;;;;;;;;;;;;;;;;;;;
;;;;;;;;;;;;;;;;;;;;;
;;;;;;;;;;;;;;;;;;;;;
;;;;;;;;;;;;;;;;;;;;;
;;;;;;;;;;;;;;;;;;;;;
;;;;;;;;;;;;;;;;;;;;;
;;;;;;;;;;;;;;;;;;;;;
;;;;;;;;;;;;;;;;;;;;;
;;;;;;;;;;;;;;;;;;;;;
;;;;;;;;;;;;;;;;;;;;;
;;;;;;;;;;;;;;;;;;;;;
;;;;;;;;;;;;;;;;;;;;;
;;;;;;;;;;;;;;;;;;;;;
;;;;;;;;;;;;;;;;;;;;;
;;;;;;;;;;;;;;;;;;;;;
;;;;;;;;;;;;;;;;;;;;;
;;;;;;;;;;;;;;;;;;;;;
;;;;;;;;;;;;;;;;;;;;;
;;;;;;;;;;;;;;;;;;;;;
;;;;;;;;;;;;;;;;;;;;;
;;;;;;;;;;;;;;;;;;;;;
;;;;;;;;;;;;;;;;;;;;;
;;;;;;;;;;;;;;;;;;;;;
;;;;;;;;;;;;;;;;;;;;;
;;;;;;;;;;;;;;;;;;;;;
;;;;;;;;;;;;;;;;;;;;;
;;;;;;;;;;;;;;;;;;;;;
;;;;;;;;;;;;;;;;;;;;;
;;;;;;;;;;;;;;;;;;;;;
;;;;;;;;;;;;;;;;;;;;;
;;;;;;;;;;;;;;;;;;;;;
;;;;;;;;;;;;;;;;;;;;;
;;;;;;;;;;;;;;;;;;;;;
;;;;;;;;;;;;;;;;;;;;;
;;;;;;;;;;;;;;;;;;;;;
;;;;;;;;;;;;;;;;;;;;;
;;;;;;;;;;;;;;;;;;;;;
;;;;;;;;;;;;;;;;;;;;;
;;;;;;;;;;;;;;;;;;;;;
;;;;;;;;;;;;;;;;;;;;;
;;;;;;;;;;;;;;;;;;;;;
;;;;;;;;;;;;;;;;;;;;;
;;;;;;;;;;;;;;;;;;;;;
;;;;;;;;;;;;;;;;;;;;;
;;;;;;;;;;;;;;;;;;;;;
;;;;;;;;;;;;;;;;;;;;;
;;;;;;;;;;;;;;;;;;;;;
;;;;;;;;;;;;;;;;;;;;;
;;;;;;;;;;;;;;;;;;;;;
;;;;;;;;;;;;;;;;;;;;;
;;;;;;;;;;;;;;;;;;;;;
;;;;;;;;;;;;;;;;;;;;;
;;;;;;;;;;;;;;;;;;;;;
;;;;;;;;;;;;;;;;;;;;;
;;;;;;;;;;;;;;;;;;;;;
;;;;;;;;;;;;;;;;;;;;;
;;;;;;;;;;;;;;;;;;;;;
;;;;;;;;;;;;;;;;;;;;;
;;;;;;;;;;;;;;;;;;;;;
;;;;;;;;;;;;;;;;;;;;;
;;;;;;;;;;;;;;;;;;;;;
;;;;;;;;;;;;;;;;;;;;;
;;;;;;;;;;;;;;;;;;;;;
;;;;;;;;;;;;;;;;;;;;;
;;;;;;;;;;;;;;;;;;;;;
;;;;;;;;;;;;;;;;;;;;;
;;;;;;;;;;;;;;;;;;;;;
;;;;;;;;;;;;;;;;;;;;;
;;;;;;;;;;;;;;;;;;;;;
;;;;;;;;;;;;;;;;;;;;;
;;;;;;;;;;;;;;;;;;;;;
;;;;;;;;;;;;;;;;;;;;;
;;;;;;;;;;;;;;;;;;;;;
;;;;;;;;;;;;;;;;;;;;;
;;;;;;;;;;;;;;;;;;;;;
;;;;;;;;;;;;;;;;;;;;;
;;;;;;;;;;;;;;;;;;;;;
;;;;;;;;;;;;;;;;;;;;;
;;;;;;;;;;;;;;;;;;;;;
;;;;;;;;;;;;;;;;;;;;;
;;;;;;;;;;;;;;;;;;;;;
;;;;;;;;;;;;;;;;;;;;;
;;;;;;;;;;;;;;;;;;;;;
;;;;;;;;;;;;;;;;;;;;;
;;;;;;;;;;;;;;;;;;;;;
;;;;;;;;;;;;;;;;;;;;;
;;;;;;;;;;;;;;;;;;;;;
;;;;;;;;;;;;;;;;;;;;;
;;;;;;;;;;;;;;;;;;;;;
;;;;;;;;;;;;;;;;;;;;;
;;;;;;;;;;;;;;;;;;;;;
;;;;;;;;;;;;;;;;;;;;;
;;;;;;;;;;;;;;;;;;;;;
;;;;;;;;;;;;;;;;;;;;;
;;;;;;;;;;;;;;;;;;;;;
;;;;;;;;;;;;;;;;;;;;;
;;;;;;;;;;;;;;;;;;;;;
;;;;;;;;;;;;;;;;;;;;;
;;;;;;;;;;;;;;;;;;;;;
;;;;;;;;;;;;;;;;;;;;;
;;;;;;;;;;;;;;;;;;;;;
;;;;;;;;;;;;;;;;;;;;;
;;;;;;;;;;;;;;;;;;;;;
;;;;;;;;;;;;;;;;;;;;;
;;;;;;;;;;;;;;;;;;;;;
;;;;;;;;;;;;;;;;;;;;;
;;;;;;;;;;;;;;;;;;;;;
;;;;;;;;;;;;;;;;;;;;;
;;;;;;;;;;;;;;;;;;;;;
;;;;;;;;;;;;;;;;;;;;;
;;;;;;;;;;;;;;;;;;;;;
;;;;;;;;;;;;;;;;;;;;;
;;;;;;;;;;;;;;;;;;;;;
;;;;;;;;;;;;;;;;;;;;;
;;;;;;;;;;;;;;;;;;;;;
;;;;;;;;;;;;;;;;;;;;;
;;;;;;;;;;;;;;;;;;;;;
;;;;;;;;;;;;;;;;;;;;;
;;;;;;;;;;;;;;;;;;;;;
;;;;;;;;;;;;;;;;;;;;;
;;;;;;;;;;;;;;;;;;;;;
;;;;;;;;;;;;;;;;;;;;;
;;;;;;;;;;;;;;;;;;;;;
;;;;;;;;;;;;;;;;;;;;;
;;;;;;;;;;;;;;;;;;;;;
;;;;;;;;;;;;;;;;;;;;;
;;;;;;;;;;;;;;;;;;;;;
;;;;;;;;;;;;;;;;;;;;;
;;;;;;;;;;;;;;;;;;;;;
;;;;;;;;;;;;;;;;;;;;;
;;;;;;;;;;;;;;;;;;;;;
;;;;;;;;;;;;;;;;;;;;;
;;;;;;;;;;;;;;;;;;;;;
;;;;;;;;;;;;;;;;;;;;;
;;;;;;;;;;;;;;;;;;;;;
;;;;;;;;;;;;;;;;;;;;;
;;;;;;;;;;;;;;;;;;;;;
;;;;;;;;;;;;;;;;;;;;;
;;;;;;;;;;;;;;;;;;;;;
;;;;;;;;;;;;;;;;;;;;;
;;;;;;;;;;;;;;;;;;;;;
;;;;;;;;;;;;;;;;;;;;;
;;;;;;;;;;;;;;;;;;;;;
;;;;;;;;;;;;;;;;;;;;;
;;;;;;;;;;;;;;;;;;;;;
;;;;;;;;;;;;;;;;;;;;;
;;;;;;;;;;;;;;;;;;;;;
;;;;;;;;;;;;;;;;;;;;;
;;;;;;;;;;;;;;;;;;;;;
;;;;;;;;;;;;;;;;;;;;;
;;;;;;;;;;;;;;;;;;;;;
;;;;;;;;;;;;;;;;;;;;;
;;;;;;;;;;;;;;;;;;;;;
;;;;;;;;;;;;;;;;;;;;;
;;;;;;;;;;;;;;;;;;;;;
;;;;;;;;;;;;;;;;;;;;;
;;;;;;;;;;;;;;;;;;;;;
;;;;;;;;;;;;;;;;;;;;;
;;;;;;;;;;;;;;;;;;;;;
;;;;;;;;;;;;;;;;;;;;;
;;;;;;;;;;;;;;;;;;;;;
;;;;;;;;;;;;;;;;;;;;;
;;;;;;;;;;;;;;;;;;;;;
;;;;;;;;;;;;;;;;;;;;;
;;;;;;;;;;;;;;;;;;;;;
;;;;;;;;;;;;;;;;;;;;;
;;;;;;;;;;;;;;;;;;;;;
;;;;;;;;;;;;;;;;;;;;;
;;;;;;;;;;;;;;;;;;;;;
;;;;;;;;;;;;;;;;;;;;;
;;;;;;;;;;;;;;;;;;;;;
;;;;;;;;;;;;;;;;;;;;;
;;;;;;;;;;;;;;;;;;;;;
;;;;;;;;;;;;;;;;;;;;;
;;;;;;;;;;;;;;;;;;;;;
;;;;;;;;;;;;;;;;;;;;;
;;;;;;;;;;;;;;;;;;;;;
;;;;;;;;;;;;;;;;;;;;;
;;;;;;;;;;;;;;;;;;;;;
;;;;;;;;;;;;;;;;;;;;;
;;;;;;;;;;;;;;;;;;;;;
;;;;;;;;;;;;;;;;;;;;;
;;;;;;;;;;;;;;;;;;;;;
;;;;;;;;;;;;;;;;;;;;;
;;;;;;;;;;;;;;;;;;;;;
;;;;;;;;;;;;;;;;;;;;;
;;;;;;;;;;;;;;;;;;;;;
;;;;;;;;;;;;;;;;;;;;;
