Date;Time;G;Tournament;Map;Mode;Opponent;;Vs. Opponent;VOD;Civ1;Civ2;Win;Mirror;Civ List;Picks;Wins;Win Rate;CDPS Score;Skukuza;Total matches;77
01/03/2026;20:30 UTC;[Age of Empires II];La Caída del Estandarte [La Caída del Estandarte];Skukuza [Skukuza];1v1;Nahue05 [Nahuel05] [Argentina] [Argentina] [Lithuanians] [Lithuanians];<;Eskabe [Persians] [Persians] [Argentina] [Argentina] [Eskabe];;Lithuanians;Persians;Persians;FALSE;Armenians;9;2;22%;11,51;Skukuza;;
20/02/2026;23:00 UTC;[Age of Empires II];La Caída del Estandarte [La Caída del Estandarte];Skukuza [Skukuza];1v1;Eskabe [Eskabe] [Argentina] [Argentina] [Lithuanians] [Lithuanians];<;Prisma09 [Chinese] [Chinese] [Argentina] [Argentina] [Prisma09];;Lithuanians;Chinese;Chinese;FALSE;Aztecs;2;1;50%;55,56;Skukuza;;
09/11/2025;11:55 UTC;[Age of Empires II];Danmarksmesterskaberne 2025 [Danmarksmesterskaberne/2025];Skukuza [Skukuza];1v1;Harty [Harty (page does not exist)] [Denmark] [Denmark] [Chinese] [Chinese];<;Flempopo [Mongols] [Mongols] [Denmark] [Denmark] [Flempopo (page does not exist)];;Chinese;Mongols;Mongols;FALSE;Bengalis;0;0;0%;0,00;Skukuza;;
08/11/2025;15:00 UTC;[Age of Empires II];Danmarksmesterskaberne 2025 [Danmarksmesterskaberne/2025];Skukuza [Skukuza];1v1;The Night Panda [The Night Panda (page does not exist)] [Denmark] [Denmark] [Khmer] [Khmer];>;Fredoodle_ [Armenians] [Armenians] [Denmark] [Denmark] [Fredoodle (page does not exist)];;Khmer;Armenians;Khmer;FALSE;Berbers;1;1;100%;64,67;Skukuza;;
25/10/2025;11:15 UTC;[Age of Empires II];Danmarksmesterskaberne 2025 [Danmarksmesterskaberne/2025];Skukuza [Skukuza];1v1;Mauseren [Mauseren (page does not exist)] [Denmark] [Denmark] [Mongols] [Mongols];>;LuNaGaMing [Persians] [Persians] [Denmark] [Denmark] [LuNaGaMing (page does not exist)];;Mongols;Persians;Mongols;FALSE;Bohemians;0;0;0%;0,00;Skukuza;;
23/10/2025;17:00 UTC;[Age of Empires II];Danmarksmesterskaberne 2025 [Danmarksmesterskaberne/2025];Skukuza [Skukuza];1v1;Flempopo [Flempopo (page does not exist)] [Denmark] [Denmark] [Lithuanians] [Lithuanians];<;Good_luck [Goths] [Goths] [Denmark] [Denmark] [Good luck];;Lithuanians;Goths;Goths;FALSE;Britons;1;0;0%;0,00;Skukuza;;
20/10/2025;15:30 UTC;[Age of Empires II];Danmarksmesterskaberne 2025 [Danmarksmesterskaberne/2025];Skukuza [Skukuza];1v1;Harty [Harty (page does not exist)] [Denmark] [Denmark] [Mayans] [Mayans];<;Emil :D [Khmer] [Khmer] [Denmark] [Denmark] [Emil :D];;Mayans;Khmer;Khmer;FALSE;Bulgarians;5;3;60%;65,38;Skukuza;;
15/10/2025;18:55 UTC;[Age of Empires II];Danmarksmesterskaberne 2025 [Danmarksmesterskaberne/2025];Skukuza [Skukuza];1v1;Sandland [Sandland (page does not exist)] [Denmark] [Denmark] [Malay] [Malay];<;Dobbs351 [Celts] [Celts] [Denmark] [Denmark] [Dobbs351];;Malay;Celts;Celts;FALSE;Burgundians;0;0;0%;0,00;Skukuza;;
10/10/2025;18:55 UTC;[Age of Empires II];Danmarksmesterskaberne 2025 [Danmarksmesterskaberne/2025];Skukuza [Skukuza];1v1;The Night Panda [The Night Panda (page does not exist)] [Denmark] [Denmark] [Ethiopians] [Ethiopians];<;Emil :D [Chinese] [Chinese] [Denmark] [Denmark] [Emil :D];;Ethiopians;Chinese;Chinese;FALSE;Burmese;1;0;0%;0,00;Skukuza;;
10/10/2025;18:40 UTC;[Age of Empires II];Danmarksmesterskaberne 2025 [Danmarksmesterskaberne/2025];Skukuza [Skukuza];1v1;Harty [Harty (page does not exist)] [Denmark] [Denmark] [Chinese] [Chinese];>;Quando [Incas] [Incas] [Denmark] [Denmark] [Quando (page does not exist)];;Chinese;Incas;Chinese;FALSE;Byzantines;2;0;0%;0,00;Skukuza;;
14/09/2025;15:00 UTC;[Age of Empires II];Sudden Dessaster 2 [Sudden Dessaster/2];Skukuza [Skukuza];1v1;FreakinAndy [FreakinAndy] [Austria] [Austria] [Jurchens] [Jurchens];>;Lewis [Khmer] [Khmer] [United Kingdom] [United Kingdom] [Lewis];(G2) [Watch VOD] [Watch VOD];Jurchens;Khmer;Jurchens;FALSE;Celts;3;2;67%;65,20;Skukuza;;
13/09/2025;15:00 UTC;[Age of Empires II];Sudden Dessaster 2 [Sudden Dessaster/2];Skukuza [Skukuza];1v1;FreakinAndy [FreakinAndy] [Austria] [Austria] [Mongols] [Mongols];>;Sora Kuma [Khitans] [Khitans] [Taiwan] [Taiwan] [Sora Kuma];(G3) [Watch VOD] [Watch VOD];Mongols;Khitans;Mongols;FALSE;Chinese;7;4;57%;65,57;Skukuza;;
11/09/2025;16:00 UTC;[Age of Empires II];Sudden Dessaster 2 [Sudden Dessaster/2];Skukuza [Skukuza];1v1;classicpro [Classicpro] [Ukraine] [Ukraine] [Japanese] [Japanese];<;Sora Kuma [Armenians] [Armenians] [Taiwan] [Taiwan] [Sora Kuma];(G4) [Watch VOD] [Watch VOD];Japanese;Armenians;Armenians;FALSE;Cumans;0;0;0%;0,00;Skukuza;;
07/09/2025;18:30 UTC;[Age of Empires II];Sudden Dessaster 2 [Sudden Dessaster/2];Skukuza [Skukuza];1v1;classicpro [Classicpro] [Ukraine] [Ukraine] [Chinese] [Chinese];<;Nicov [Jurchens] [Jurchens] [Argentina] [Argentina] [Nicov];(G1) [Watch VOD] [Watch VOD];Chinese;Jurchens;Jurchens;FALSE;Dravidians;3;1;33%;33,74;Skukuza;;
07/09/2025;16:00 UTC;[Age of Empires II];Sudden Dessaster 2 [Sudden Dessaster/2];Skukuza [Skukuza];1v1;Lewis [Lewis] [United Kingdom] [United Kingdom] [Georgians] [Georgians];<;Barles [Mongols] [Mongols] [Poland] [Poland] [Barles];(G3) [Watch VOD] [Watch VOD];Georgians;Mongols;Mongols;FALSE;Ethiopians;1;0;0%;0,00;Skukuza;;
06/09/2025;16:00 UTC;[Age of Empires II];Sudden Dessaster 2 [Sudden Dessaster/2];Skukuza [Skukuza];1v1;Capoch [Capoch] [Argentina] [Argentina] [Japanese] [Japanese];<;Yo [Khmer] [Khmer] [China] [China] [Yo];(G2) [Watch VOD] [Watch VOD];Japanese;Khmer;Khmer;FALSE;Franks;0;0;0%;0,00;Skukuza;;
05/09/2025;18:00 UTC;[Age of Empires II];Sudden Dessaster 2 [Sudden Dessaster/2];Skukuza [Skukuza];1v1;Kingstone [KingstoNe] [Mexico] [Mexico] [Khmer] [Khmer];<;Hearttt [Georgians] [Georgians] [Peru] [Peru] [Hearttt];(G3) [Watch VOD] [Watch VOD];Khmer;Georgians;Georgians;FALSE;Georgians;7;1;14%;4,13;Skukuza;;
29/08/2025;19:00 UTC;[Age of Empires II];Sudden Dessaster 2 [Sudden Dessaster/2];Skukuza [Skukuza];1v1;Kingstone [KingstoNe] [Mexico] [Mexico] [Lithuanians] [Lithuanians];>;Sitaux [Khmer] [Khmer] [France] [France] [Sitaux];(G3) [Watch VOD] [Watch VOD];Lithuanians;Khmer;Lithuanians;FALSE;Goths;21;12;57%;72,30;Skukuza;;
29/08/2025;18:00 UTC;[Age of Empires II];Sudden Dessaster 2 [Sudden Dessaster/2];Skukuza [Skukuza];1v1;StonePleaseAoE [StonePleaseAoE] [Germany] [Germany] [Incas] [Incas];>;FreakinAndy [Georgians] [Georgians] [Austria] [Austria] [FreakinAndy];(G3) [Watch VOD] [Watch VOD];Incas;Georgians;Incas;FALSE;Gurjaras;0;0;0%;0,00;Skukuza;;
29/08/2025;15:30 UTC;[Age of Empires II];Sudden Dessaster 2 [Sudden Dessaster/2];Skukuza [Skukuza];1v1;IBUYPOWER [IBUYPOWER] [China] [China] [Britons] [Britons];<;Hearttt [Japanese] [Japanese] [Peru] [Peru] [Hearttt];(G2) [Watch VOD] [Watch VOD];Britons;Japanese;Japanese;FALSE;Hindustanis;0;0;0%;0,00;Skukuza;;
28/08/2025;15:00 UTC;[Age of Empires II];Sudden Dessaster 2 [Sudden Dessaster/2];Skukuza [Skukuza];1v1;Dragonstar [The Dragonstar] [India] [India] [Goths] [Goths];<;Capoch [Romans] [Romans] [Argentina] [Argentina] [Capoch];[Watch VOD] [Watch VOD];Goths;Romans;Romans;FALSE;Huns;0;0;0%;0,00;Skukuza;;
26/08/2025;18:00 UTC;[Age of Empires II];Sudden Dessaster 2 [Sudden Dessaster/2];Skukuza [Skukuza];1v1;Bad Koala [Bad Koala] [China] [China] [Armenians] [Armenians];<;Barles [Mongols] [Mongols] [Poland] [Poland] [Barles];(G3) [Watch VOD] [Watch VOD];Armenians;Mongols;Mongols;FALSE;Incas;4;3;75%;72,68;Skukuza;;
24/08/2025;15:00 UTC;[Age of Empires II];Sudden Dessaster 2 [Sudden Dessaster/2];Skukuza [Skukuza];1v1;chart [Chart] [Japan] [Japan] [Khmer] [Khmer];<;DauT [Portuguese] [Portuguese] [Serbia] [Serbia] [DauT];(G2) [Watch VOD] [Watch VOD];Khmer;Portuguese;Portuguese;FALSE;Italians;0;0;0%;0,00;Skukuza;;
23/08/2025;21:30 UTC;[Age of Empires II];Sudden Dessaster 2 [Sudden Dessaster/2];Skukuza [Skukuza];1v1;Survivalist [Survivalist] [Canada] [Canada] [Byzantines] [Byzantines];<;Lewis [Goths] [Goths] [United Kingdom] [United Kingdom] [Lewis];;Byzantines;Goths;Goths;FALSE;Japanese;10;6;60%;70,33;Skukuza;;
23/08/2025;16:00 UTC;[Age of Empires II];Sudden Dessaster 2 [Sudden Dessaster/2];Skukuza [Skukuza];1v1;Combito [Combito] [Mexico] [Mexico] [Jurchens] [Jurchens];<;Dragonstar [Romans] [Romans] [India] [India] [The Dragonstar];(G2) [Watch VOD] [Watch VOD];Jurchens;Romans;Romans;FALSE;Jurchens;3;2;67%;65,20;Skukuza;;
23/08/2025;01:00 UTC;[Age of Empires II];Sudden Dessaster 2 [Sudden Dessaster/2];Skukuza [Skukuza];1v1;DuDuZhu [DuDuZhu] [China] [China] [Armenians] [Armenians];<;Lucho [Romans] [Romans] [Argentina] [Argentina] [Lucho];;Armenians;Romans;Romans;FALSE;Khitans;4;2;50%;57,92;Skukuza;;
21/08/2025;14:00 UTC;[Age of Empires II];Sudden Dessaster 2 [Sudden Dessaster/2];Skukuza [Skukuza];1v1;Wade77 [Wade77 (page does not exist)] [Hong Kong] [Hong Kong] [Persians] [Persians];>;classicpro [Georgians] [Georgians] [Ukraine] [Ukraine] [Classicpro];;Persians;Georgians;Persians;FALSE;Khmer;10;4;40%;52,58;Skukuza;;
21/08/2025;12:30 UTC;[Age of Empires II];Sudden Dessaster 2 [Sudden Dessaster/2];Skukuza [Skukuza];1v1;Dennis [Dennis] [Hong Kong] [Hong Kong] [Sicilians] [Sicilians];<;JorDan_AoE [Khitans] [Khitans] [Germany] [Germany] [JorDan AoE];(G3) [Watch VOD] [Watch VOD];Sicilians;Khitans;Khitans;FALSE;Koreans;3;2;67%;65,20;Skukuza;;
20/08/2025;16:00 UTC;[Age of Empires II];Sudden Dessaster 2 [Sudden Dessaster/2];Skukuza [Skukuza];1v1;Target331 [Target331] [Germany] [Germany] [Persians] [Persians];<;IBUYPOWER [Mongols] [Mongols] [China] [China] [IBUYPOWER];[Watch VOD] [Watch VOD];Persians;Mongols;Mongols;FALSE;Lithuanians;8;1;13%;2,92;Skukuza;;
20/08/2025;16:00 UTC;[Age of Empires II];Sudden Dessaster 2 [Sudden Dessaster/2];Skukuza [Skukuza];1v1;T90Official [T90Official] [United States] [United States] [Lithuanians] [Lithuanians];<;Sora Kuma [Khitans] [Khitans] [Taiwan] [Taiwan] [Sora Kuma];(G1) [Watch VOD] [Watch VOD];Lithuanians;Khitans;Khitans;FALSE;Magyars;0;0;0%;0,00;Skukuza;;
20/08/2025;14:00 UTC;[Age of Empires II];Sudden Dessaster 2 [Sudden Dessaster/2];Skukuza [Skukuza];1v1;Socksyy [Socksyy] [Australia] [Australia] [Burmese] [Burmese];<;Capoch [Goths] [Goths] [Argentina] [Argentina] [Capoch];[Watch VOD] [Watch VOD];Burmese;Goths;Goths;FALSE;Malay;1;0;0%;0,00;Skukuza;;
19/08/2025;21:00 UTC;[Age of Empires II];Sudden Dessaster 2 [Sudden Dessaster/2];Skukuza [Skukuza];1v1;Acro17 [Acro17] [Germany] [Germany] [Georgians] [Georgians];<;Nicov [Romans] [Romans] [Argentina] [Argentina] [Nicov];(G4) [Watch VOD] [Watch VOD];Georgians;Romans;Romans;FALSE;Malians;1;0;0%;0,00;Skukuza;;
19/08/2025;15:00 UTC;[Age of Empires II];Sudden Dessaster 2 [Sudden Dessaster/2];Skukuza [Skukuza];1v1;dog9you [Dog9you (page does not exist)] [Hong Kong] [Hong Kong] [Mongols] [Mongols];>;Barles [Persians] [Persians] [Poland] [Poland] [Barles];(G2) [Watch VOD] [Watch VOD];Mongols;Persians;Mongols;FALSE;Mapuche;0;0;0%;0,00;Skukuza;;
05/08/2025;16:00 UTC;[Age of Empires II];Sudden Dessaster 2: Showmatch #1 [Sudden Dessaster/2/Showmatch/1];Skukuza [Skukuza];1v1;Yo [Yo] [China] [China] [Mongols] [Mongols];>;DauT [Japanese] [Japanese] [Serbia] [Serbia] [DauT];(G1) [Watch VOD] [Watch VOD];Mongols;Japanese;Mongols;FALSE;Mayans;1;0;0%;0,00;Skukuza;;
30/07/2025;13:00 UTC;[Age of Empires II];LingHe Cup [LingHe Cup];Skukuza [Skukuza];1v1;lyx [Lyx] [China] [China] [Armenians] [Armenians];>;Sora Kuma [Khitans] [Khitans] [Taiwan] [Taiwan] [Sora Kuma];(G2) [Watch VOD] [Watch VOD];Armenians;Khitans;Armenians;FALSE;Mongols;13;12;100%;103,34;Skukuza;;
24/07/2025;13:50 UTC;[Age of Empires II];LingHe Cup [LingHe Cup];Skukuza [Skukuza];1v1;Dennis [Dennis] [Hong Kong] [Hong Kong] [Sicilians] [Sicilians];>;Bad Koala [Dravidians] [Dravidians] [China] [China] [Bad Koala];(G1) [Watch VOD] [Watch VOD];Sicilians;Dravidians;Sicilians;FALSE;Muisca;0;0;0%;0,00;Skukuza;;
19/07/2025;13:00 UTC;[Age of Empires II];LingHe Cup [LingHe Cup];Skukuza [Skukuza];1v1;Dennis [Dennis] [Hong Kong] [Hong Kong] [Sicilians] [Sicilians];>;Dooidy [Byzantines] [Byzantines] [China] [China] [Dooidy (page does not exist)];(G3) [Watch VOD] [Watch VOD];Sicilians;Byzantines;Sicilians;FALSE;Persians;5;2;40%;52,11;Skukuza;;
31/05/2025;18:30 UTC;[Age of Empires II];Warlords IV [Warlords/4];Skukuza [Skukuza];1v1;TaToH [TaToH] [Spain] [Spain] [Malians] [Malians];<;Hera [Dravidians] [Dravidians] [Canada] [Canada] [Hera];(G5) [Watch VOD] [Watch VOD];Malians;Dravidians;Dravidians;FALSE;Poles;0;0;0%;0,00;Skukuza;;
29/05/2025;18:00 UTC;[Age of Empires II];Warlords IV [Warlords/4];Skukuza [Skukuza];1v1;Vinchester [Vinchester] [Russia] [Russia] [Romans] [Romans];<;Hera [Mongols] [Mongols] [Canada] [Canada] [Hera];(G4) [Watch VOD] [Watch VOD];Romans;Mongols;Mongols;FALSE;Portuguese;1;1;100%;64,67;Skukuza;;
28/05/2025;18:50 UTC;[Age of Empires II];Warlords IV [Warlords/4];Skukuza [Skukuza];1v1;Hearttt [Hearttt] [Peru] [Peru] [Romans] [Romans];<;Barles [Japanese] [Japanese] [Poland] [Poland] [Barles];(G4) [Watch VOD] [Watch VOD];Romans;Japanese;Japanese;FALSE;Puru;0;0;0%;0,00;Skukuza;;
28/05/2025;15:05 UTC;[Age of Empires II];Warlords IV [Warlords/4];Skukuza [Skukuza];1v1;Yo [Yo] [China] [China] [Sicilians] [Sicilians];<;MbL [Goths] [Goths] [Norway] [Norway] [MbL];(G4) [Watch VOD] [Watch VOD];Sicilians;Goths;Goths;FALSE;Romans;19;11;58%;72,51;Skukuza;;
22/05/2025;14:00 UTC;[Age of Empires II];Warlords IV [Warlords/4];Skukuza [Skukuza];1v1;DauT [DauT] [Serbia] [Serbia] [Khmer] [Khmer];<;ACCM [Incas] [Incas] [Vietnam] [Vietnam] [ACCM];(G2) [Watch VOD] [Watch VOD];Khmer;Incas;Incas;FALSE;Saracens;0;0;0%;0,00;Skukuza;;
21/05/2025;14:00 UTC;[Age of Empires II];Warlords IV [Warlords/4];Skukuza [Skukuza];1v1;Barles [Barles] [Poland] [Poland] [Japanese] [Japanese];>;Yo [Dravidians] [Dravidians] [China] [China] [Yo];(G2) [Watch VOD] [Watch VOD];Japanese;Dravidians;Japanese;FALSE;Shu;0;0;0%;0,00;Skukuza;;
10/05/2025;17:05 UTC;[Age of Empires II];Warlords IV: Qualifier #3 [Warlords/4/Qualifier/3];Skukuza [Skukuza];1v1;DuDuZhu [DuDuZhu] [China] [China] [Lithuanians] [Lithuanians];<;JorDan_AoE [Romans] [Romans] [Germany] [Germany] [JorDan AoE];(G4) [Watch VOD] [Watch VOD];Lithuanians;Romans;Romans;FALSE;Sicilians;10;5;50%;61,46;Skukuza;;
10/05/2025;14:00 UTC;[Age of Empires II];Warlords IV: Qualifier #3 [Warlords/4/Qualifier/3];Skukuza [Skukuza];1v1;JorDan_AoE [JorDan AoE] [Germany] [Germany] [Khmer] [Khmer];>;Nicov [Georgians] [Georgians] [Argentina] [Argentina] [Nicov];(G3) [Watch VOD] [Watch VOD];Khmer;Georgians;Khmer;FALSE;Slavs;0;0;0%;0,00;Skukuza;;
10/05/2025;14:00 UTC;[Age of Empires II];Warlords IV: Qualifier #3 [Warlords/4/Qualifier/3];Skukuza [Skukuza];1v1;DuDuZhu [DuDuZhu] [China] [China] [Koreans] [Koreans];>;Margougou [Goths] [Goths] [France] [France] [Margougou];;Koreans;Goths;Koreans;FALSE;Spanish;0;0;0%;0,00;Skukuza;;
10/05/2025;14:00 UTC;[Age of Empires II];Warlords IV: Qualifier #3 [Warlords/4/Qualifier/3];Skukuza [Skukuza];1v1;Valas [Valas] [Finland] [Finland] [Romans] [Romans];>;Sora Kuma [Khmer] [Khmer] [Taiwan] [Taiwan] [Sora Kuma];;Romans;Khmer;Romans;FALSE;Tatars;0;0;0%;0,00;Skukuza;;
10/05/2025;14:00 UTC;[Age of Empires II];Warlords IV: Qualifier #3 [Warlords/4/Qualifier/3];Skukuza [Skukuza];1v1;Ganji [Ganji] [Sweden] [Sweden] [Romans] [Romans];<;Ciskhan [Goths] [Goths] [France] [France] [Ciskhan];;Romans;Goths;Goths;FALSE;Teutons;0;0;0%;0,00;Skukuza;;
09/05/2025;17:00 UTC;[Age of Empires II];Warlords IV: Qualifier #3 [Warlords/4/Qualifier/3];Skukuza [Skukuza];1v1;NeoZz [NeoZz] [France] [France] [Mongols] [Mongols];<;KingstoNe [Mongols] [Mongols] [Mexico] [Mexico] [KingstoNe];;Mongols;Mongols;Mongols;TRUE;Tupi;0;0;0%;0,00;Skukuza;;
09/05/2025;17:00 UTC;[Age of Empires II];Warlords IV: Qualifier #3 [Warlords/4/Qualifier/3];Skukuza [Skukuza];1v1;Ozone [Ozone] [Colombia] [Colombia] [Koreans] [Koreans];>;DracKen [Goths] [Goths] [Czechia] [Czechia] [DracKeN];;Koreans;Goths;Koreans;FALSE;Turks;0;0;0%;0,00;Skukuza;;
09/05/2025;15:30 UTC;[Age of Empires II];Warlords IV: Qualifier #3 [Warlords/4/Qualifier/3];Skukuza [Skukuza];1v1;chart [Chart] [Japan] [Japan] [Bulgarians] [Bulgarians];>;AntagonisT [Goths] [Goths] [Russia] [Russia] [IAnTaGoNiStI];;Bulgarians;Goths;Bulgarians;FALSE;Vietnamese;0;0;0%;0,00;Skukuza;;
07/05/2025;08:00 UTC;[Age of Empires II];Warlords IV: Qualifier #3 [Warlords/4/Qualifier/3];Skukuza [Skukuza];1v1;JorDan_AoE [JorDan AoE] [Germany] [Germany] [Romans] [Romans];>;Bad Koala [Koreans] [Koreans] [China] [China] [Bad Koala];(G2) [Watch VOD] [Watch VOD];Romans;Koreans;Romans;FALSE;Vikings;0;0;0%;0,00;Skukuza;;
06/05/2025;14:00 UTC;[Age of Empires II];Warlords IV: Qualifier #3 [Warlords/4/Qualifier/3];Skukuza [Skukuza];1v1;Thŕnh C? Qu?ng Tr? [Thŕnh C? Qu?ng Tr?] [Vietnam] [Vietnam] [Incas] [Incas];>;z40 [Japanese] [Japanese] [Taiwan] [Taiwan] [Z40];(G4) [Watch VOD] [Watch VOD];Incas;Japanese;Incas;FALSE;Wei;0;0;0%;0,00;Skukuza;;
04/05/2025;15:15 UTC;[Age of Empires II];Warlords IV: Qualifier #2 [Warlords/4/Qualifier/2];Skukuza [Skukuza];1v1;Nicov [Nicov] [Argentina] [Argentina] [Georgians] [Georgians];<;Barles [Goths] [Goths] [Poland] [Poland] [Barles];(G2) [Watch VOD] [Watch VOD];Georgians;Goths;Goths;FALSE;Wu;0;0;0%;0,00;Skukuza;;
03/05/2025;17:20 UTC;[Age of Empires II];Warlords IV: Qualifier #2 [Warlords/4/Qualifier/2];Skukuza [Skukuza];1v1;Lucho [Lucho] [Argentina] [Argentina] [Romans] [Romans];<;Barles [Japanese] [Japanese] [Poland] [Poland] [Barles];;Romans;Japanese;Japanese;FALSE;;;;;;;;
03/05/2025;16:15 UTC;[Age of Empires II];Warlords IV: Qualifier #2 [Warlords/4/Qualifier/2];Skukuza [Skukuza];1v1;Dragonstar [The Dragonstar] [India] [India] [Goths] [Goths];<;MbL [Sicilians] [Sicilians] [Norway] [Norway] [MbL];;Goths;Sicilians;Sicilians;FALSE;;;;;;;;
03/05/2025;14:00 UTC;[Age of Empires II];Warlords IV: Qualifier #2 [Warlords/4/Qualifier/2];Skukuza [Skukuza];1v1;Sora Kuma [Sora Kuma] [Taiwan] [Taiwan] [Sicilians] [Sicilians];>;DOOMSTER :D [Celts] [Celts] [India] [India] [DOOMSTER];;Sicilians;Celts;Sicilians;FALSE;;;;;;;;
02/05/2025;17:00 UTC;[Age of Empires II];Warlords IV: Qualifier #2 [Warlords/4/Qualifier/2];Skukuza [Skukuza];1v1;shiXo.# [ShiXo.] [Germany] [Germany] [Romans] [Romans];<;Barles [Mongols] [Mongols] [Poland] [Poland] [Barles];;Romans;Mongols;Mongols;FALSE;;;;;;;;
02/05/2025;15:00 UTC;[Age of Empires II];Warlords IV: Qualifier #2 [Warlords/4/Qualifier/2];Skukuza [Skukuza];1v1;DOOMSTER :D [DOOMSTER] [India] [India] [Celts] [Celts];>;Margougou [Aztecs] [Aztecs] [France] [France] [Margougou];;Celts;Aztecs;Celts;FALSE;;;;;;;;
02/05/2025;12:00 UTC;[Age of Empires II];Warlords IV: Qualifier #2 [Warlords/4/Qualifier/2];Skukuza [Skukuza];1v1;Rayz [Rayz] [Taiwan] [Taiwan] [Goths] [Goths];>;Valas [Lithuanians] [Lithuanians] [Finland] [Finland] [Valas];;Goths;Lithuanians;Goths;FALSE;;;;;;;;
01/05/2025;13:00 UTC;[Age of Empires II];Warlords IV: Qualifier #2 [Warlords/4/Qualifier/2];Skukuza [Skukuza];1v1;Blve [Blve (page does not exist)] [Taiwan] [Taiwan] [Armenians] [Armenians];<;Sora Kuma [Goths] [Goths] [Taiwan] [Taiwan] [Sora Kuma];(G4) [Watch VOD] [Watch VOD];Armenians;Goths;Goths;FALSE;;;;;;;;
27/04/2025;19:40 UTC;[Age of Empires II];Warlords IV: Qualifier #1 [Warlords/4/Qualifier/1];Skukuza [Skukuza];1v1;Barles [Barles] [Poland] [Poland] [Japanese] [Japanese];>;Sebastian [Sicilians] [Sicilians] [Uruguay] [Uruguay] [Sebastian];(G3) [Watch VOD] [Watch VOD];Japanese;Sicilians;Japanese;FALSE;;;;;;;;
26/04/2025;19:40 UTC;[Age of Empires II];Warlords IV: Qualifier #1 [Warlords/4/Qualifier/1];Skukuza [Skukuza];1v1;FreakinAndy [FreakinAndy] [Austria] [Austria] [Armenians] [Armenians];<;Vinchester [Berbers] [Berbers] [Russia] [Russia] [Vinchester];(G3) [Watch VOD] [Watch VOD];Armenians;Berbers;Berbers;FALSE;;;;;;;;
26/04/2025;16:30 UTC;[Age of Empires II];Warlords IV: Qualifier #1 [Warlords/4/Qualifier/1];Skukuza [Skukuza];1v1;Nicov [Nicov] [Argentina] [Argentina] [Bulgarians] [Bulgarians];<;Barles [Romans] [Romans] [Poland] [Poland] [Barles];;Bulgarians;Romans;Romans;FALSE;;;;;;;;
26/04/2025;16:25 UTC;[Age of Empires II];Warlords IV: Qualifier #1 [Warlords/4/Qualifier/1];Skukuza [Skukuza];1v1;Sora Kuma [Sora Kuma] [Taiwan] [Taiwan] [Romans] [Romans];<;Sebastian [Goths] [Goths] [Uruguay] [Uruguay] [Sebastian];;Romans;Goths;Goths;FALSE;;;;;;;;
26/04/2025;14:00 UTC;[Age of Empires II];Warlords IV: Qualifier #1 [Warlords/4/Qualifier/1];Skukuza [Skukuza];1v1;iBUYPOWER [IBUYPOWER] [China] [China] [Armenians] [Armenians];<;Sebastian [Goths] [Goths] [Uruguay] [Uruguay] [Sebastian];;Armenians;Goths;Goths;FALSE;;;;;;;;
26/04/2025;14:00 UTC;[Age of Empires II];Warlords IV: Qualifier #1 [Warlords/4/Qualifier/1];Skukuza [Skukuza];1v1;Daniel [Daniel] [United States] [United States] [Sicilians] [Sicilians];<;Yo [Goths] [Goths] [China] [China] [Yo];;Sicilians;Goths;Goths;FALSE;;;;;;;;
26/04/2025;14:00 UTC;[Age of Empires II];Warlords IV: Qualifier #1 [Warlords/4/Qualifier/1];Skukuza [Skukuza];1v1;Sora Kuma [Sora Kuma] [Taiwan] [Taiwan] [Sicilians] [Sicilians];>;Dark [Goths] [Goths] [Russia] [Russia] [Dark];;Sicilians;Goths;Sicilians;FALSE;;;;;;;;
26/04/2025;14:00 UTC;[Age of Empires II];Warlords IV: Qualifier #1 [Warlords/4/Qualifier/1];Skukuza [Skukuza];1v1;Margougou [Margougou] [France] [France] [Lithuanians] [Lithuanians];<;KingstoNe [Romans] [Romans] [Mexico] [Mexico] [KingstoNe];;Lithuanians;Romans;Romans;FALSE;;;;;;;;
25/04/2025;19:05 UTC;[Age of Empires II];Warlords IV: Qualifier #1 [Warlords/4/Qualifier/1];Skukuza [Skukuza];1v1;Sobek [Sobek] [Chile] [Chile] [Bulgarians] [Bulgarians];<;DracKeN [Mongols] [Mongols] [Czechia] [Czechia] [DracKeN];(G2) [Watch VOD] [Watch VOD];Bulgarians;Mongols;Mongols;FALSE;;;;;;;;
25/04/2025;18:55 UTC;[Age of Empires II];Warlords IV: Qualifier #1 [Warlords/4/Qualifier/1];Skukuza [Skukuza];1v1;Sziky [Sziky] [Hungary] [Hungary] [Goths] [Goths];<;FreakinAndy [Romans] [Romans] [Austria] [Austria] [FreakinAndy];(G3) [Watch VOD] [Watch VOD];Goths;Romans;Romans;FALSE;;;;;;;;
25/04/2025;17:20 UTC;[Age of Empires II];Warlords IV: Qualifier #1 [Warlords/4/Qualifier/1];Skukuza [Skukuza];1v1;NeoZz [NeoZz] [France] [France] [Goths] [Goths];<;DauT [Romans] [Romans] [Serbia] [Serbia] [DauT];(G3) [Watch VOD] [Watch VOD];Goths;Romans;Romans;FALSE;;;;;;;;
25/04/2025;16:15 UTC;[Age of Empires II];Warlords IV: Qualifier #1 [Warlords/4/Qualifier/1];Skukuza [Skukuza];1v1;El_Matador [El Matador] [Germany] [Germany] [Romans] [Romans];<;Margougou [Aztecs] [Aztecs] [France] [France] [Margougou];;Romans;Aztecs;Aztecs;FALSE;;;;;;;;
25/04/2025;16:15 UTC;[Age of Empires II];Warlords IV: Qualifier #1 [Warlords/4/Qualifier/1];Skukuza [Skukuza];1v1;Monoz [Monoz] [Argentina] [Argentina] [Goths] [Goths];<;dogao [Japanese] [Japanese] [Brazil] [Brazil] [Dogao];;Goths;Japanese;Japanese;FALSE;;;;;;;;
25/04/2025;16:15 UTC;[Age of Empires II];Warlords IV: Qualifier #1 [Warlords/4/Qualifier/1];Skukuza [Skukuza];1v1;Fedex [Fedex] [Argentina] [Argentina] [Chinese] [Chinese];<;Barles [Goths] [Goths] [Poland] [Poland] [Barles];;Chinese;Goths;Goths;FALSE;;;;;;;;
24/04/2025;08:00 UTC;[Age of Empires II];Warlords IV: Qualifier #1 [Warlords/4/Qualifier/1];Skukuza [Skukuza];1v1;Emil :D [Emil :D] [Denmark] [Denmark] [Chinese] [Chinese];>;Mihai06 [Armenians] [Armenians] [Romania] [Romania] [Mihai06];;Chinese;Armenians;Chinese;FALSE;;;;;;;;
22/04/2025;01:00 UTC;[Age of Empires II];Warlords IV: Qualifier #1 [Warlords/4/Qualifier/1];Skukuza [Skukuza];1v1;DuDuZhu [DuDuZhu] [China] [China] [Bulgarians] [Bulgarians];>;Nicov [Romans] [Romans] [Argentina] [Argentina] [Nicov];(G3) [Watch VOD] [Watch VOD];Bulgarians;Romans;Bulgarians;FALSE;;;;;;;;
13/04/2025;14:00 UTC;[Age of Empires II];Warlords IV: Showmatch - Sebastian vs Yo [Warlords/4/Showmatch];Skukuza [Skukuza];1v1;Yo [Yo] [China] [China] [Sicilians] [Sicilians];<;Sebastian [Bulgarians] [Bulgarians] [Uruguay] [Uruguay] [Sebastian];(G7) [Watch VOD] [Watch VOD];Sicilians;Bulgarians;Bulgarians;FALSE;;;;;;;;
