Date;Time;G;Tournament;Map;Mode;Opponent;;Vs. Opponent;VOD;Civ1;Civ2;Win;Mirror;Civ List;Picks;Wins;Win Rate;CDPS Score;Strandred;Total matches;110
06/03/2026;20:00 UTC;[Age of Empires II];T90 Titans League 5: Platinum League [T90 Titans League/5/Platinum League];Stranded (2020) [Stranded (2020)];1v1;Ciskhan [Ciskhan] [France] [France] [Vikings] [Vikings];>;Hera [Italians] [Italians] [Canada] [Canada] [Hera];(G2) [Watch VOD] [Watch VOD];Vikings;Italians;Vikings;FALSE;Armenians;5;1;0%;0,00;Strandred;;
02/03/2026;20:30 UTC;[Age of Empires II];T90 Titans League 5: Gold League [T90 Titans League/5/Gold League];Stranded (2020) [Stranded (2020)];1v1;Kasva [Kasva] [Turkey] [Turkey] [Koreans] [Koreans];<;dogao [Portuguese] [Portuguese] [Brazil] [Brazil] [Dogao];(G3) [Watch VOD] [Watch VOD];Koreans;Portuguese;Portuguese;FALSE;Aztecs;3;2;0%;0,00;Strandred;;
02/03/2026;16:00 UTC;[Age of Empires II];T90 Titans League 5: Gold League [T90 Titans League/5/Gold League];Stranded (2020) [Stranded (2020)];1v1;Villese [Villese] [Finland] [Finland] [Dravidians] [Dravidians];<;DauT [Wu] [Wu] [Serbia] [Serbia] [DauT];(G3) [Watch VOD] [Watch VOD];Dravidians;Wu;Wu;FALSE;Bengalis;3;1;50%;49,16;Strandred;;
28/02/2026;18:30 UTC;[Age of Empires II];T90 Titans League 5: Gold League [T90 Titans League/5/Gold League];Stranded (2020) [Stranded (2020)];1v1;Margougou [Margougou] [France] [France] [Malians] [Malians];>;StonePleaseAoE [Romans] [Romans] [Germany] [Germany] [StonePleaseAoE];(G1) [Watch VOD] [Watch VOD];Malians;Romans;Malians;FALSE;Berbers;1;1;0%;0,00;Strandred;;
26/02/2026;19:50 UTC;[Age of Empires II];T90 Titans League 5: Gold League [T90 Titans League/5/Gold League];Stranded (2020) [Stranded (2020)];1v1;miguel [Miguel] [Brazil] [Brazil] [Georgians] [Georgians];<;Valas [Dravidians] [Dravidians] [Finland] [Finland] [Valas];(G3) [Watch VOD] [Watch VOD];Georgians;Dravidians;Dravidians;FALSE;Bohemians;0;0;0%;0,00;Strandred;;
26/02/2026;16:00 UTC;[Age of Empires II];T90 Titans League 5: Gold League [T90 Titans League/5/Gold League];Stranded (2020) [Stranded (2020)];1v1;wide [Wide] [Russia] [Russia] [Muisca] [Muisca];>;Overtaken [Dravidians] [Dravidians] [Estonia] [Estonia] [Overtaken];(G1) [Watch VOD] [Watch VOD];Muisca;Dravidians;Muisca;FALSE;Britons;1;0;0%;0,00;Strandred;;
23/02/2026;23:00 UTC;[Age of Empires II];T90 Titans League 5: Platinum League [T90 Titans League/5/Platinum League];Stranded (2020) [Stranded (2020)];1v1;Hearttt [Hearttt] [Peru] [Peru] [Vikings] [Vikings];<;Hera [Italians] [Italians] [Canada] [Canada] [Hera];(G3) [Watch VOD] [Watch VOD];Vikings;Italians;Italians;FALSE;Bulgarians;0;0;0%;0,00;Strandred;;
21/02/2026;19:15 UTC;[Age of Empires II];T90 Titans League 5: Platinum League [T90 Titans League/5/Platinum League];Stranded (2020) [Stranded (2020)];1v1;Lucho [Lucho] [Argentina] [Argentina] [Italians] [Italians];<;Ciskhan [Dravidians] [Dravidians] [France] [France] [Ciskhan];(G1) [Watch VOD] [Watch VOD];Italians;Dravidians;Dravidians;FALSE;Burgundians;0;0;0%;0,00;Strandred;;
20/02/2026;17:45 UTC;[Age of Empires II];T90 Titans League 5: Platinum League [T90 Titans League/5/Platinum League];Stranded (2020) [Stranded (2020)];1v1;TaToH [TaToH] [Spain] [Spain] [Huns] [Huns];<;Liereyy [Italians] [Italians] [Austria] [Austria] [Liereyy];(G2) [Watch VOD] [Watch VOD];Huns;Italians;Italians;FALSE;Burmese;0;0;0%;0,00;Strandred;;
20/02/2026;16:00 UTC;[Age of Empires II];T90 Titans League 5: Platinum League [T90 Titans League/5/Platinum League];Stranded (2020) [Stranded (2020)];1v1;Running [Running] [Germany] [Germany] [Lithuanians] [Lithuanians];<;Lewis [Persians] [Persians] [United Kingdom] [United Kingdom] [Lewis];(G1) [Watch VOD] [Watch VOD];Lithuanians;Persians;Persians;FALSE;Byzantines;1;0;0%;0,00;Strandred;;
19/02/2026;20:00 UTC;[Age of Empires II];T90 Titans League 5: Silver League [T90 Titans League/5/Silver League];Stranded (2020) [Stranded (2020)];1v1;Ozone [Ozone] [Colombia] [Colombia] [Lithuanians] [Lithuanians];<;Combito [Wu] [Wu] [Mexico] [Mexico] [Combito];(G2) [Watch VOD] [Watch VOD];Lithuanians;Wu;Wu;FALSE;Celts;1;0;0%;0,00;Strandred;;
19/02/2026;17:40 UTC;[Age of Empires II];T90 Titans League 5: Silver League [T90 Titans League/5/Silver League];Stranded (2020) [Stranded (2020)];1v1;Youpudding [Youpudding] [Taiwan] [Taiwan] [Malay] [Malay];>;chart [Italians] [Italians] [Japan] [Japan] [Chart];(G2) [Watch VOD] [Watch VOD];Malay;Italians;Malay;FALSE;Chinese;14;9;67%;73,97;Strandred;;
18/02/2026;20:00 UTC;[Age of Empires II];T90 Titans League 5: Gold League [T90 Titans League/5/Gold League];Stranded (2020) [Stranded (2020)];1v1;Ganji [Ganji] [Sweden] [Sweden] [Armenians] [Armenians];<;Kingstone [Huns] [Huns] [Mexico] [Mexico] [KingstoNe];(G3) [Watch VOD] [Watch VOD];Armenians;Huns;Huns;FALSE;Cumans;1;0;0%;0,00;Strandred;;
18/02/2026;16:00 UTC;[Age of Empires II];T90 Titans League 5: Silver League [T90 Titans League/5/Silver League];Stranded (2020) [Stranded (2020)];1v1;Target331 [Target331] [Germany] [Germany] [Koreans] [Koreans];>;Blve [Mayans] [Mayans] [Taiwan] [Taiwan] [Blve (page does not exist)];(G1) [Watch VOD] [Watch VOD];Koreans;Mayans;Koreans;FALSE;Dravidians;24;18;75%;89,45;Strandred;;
17/02/2026;15:45 UTC;[Age of Empires II];T90 Titans League 5: Silver League [T90 Titans League/5/Silver League];Stranded (2020) [Stranded (2020)];1v1;Bad Koala [Bad Koala] [China] [China] [Huns] [Huns];>;Nahue05 [Malians] [Malians] [Argentina] [Argentina] [Nahuel05];(G2) [Watch VOD] [Watch VOD];Huns;Malians;Huns;FALSE;Ethiopians;2;0;0%;0,00;Strandred;;
16/02/2026;19:00 UTC;[Age of Empires II];T90 Titans League 5: Gold League [T90 Titans League/5/Gold League];Stranded (2020) [Stranded (2020)];1v1;StonePleaseAoE [StonePleaseAoE] [Germany] [Germany] [Dravidians] [Dravidians];>;Kasva [Japanese] [Japanese] [Turkey] [Turkey] [Kasva];(G3) [Watch VOD] [Watch VOD];Dravidians;Japanese;Dravidians;FALSE;Franks;0;0;0%;0,00;Strandred;;
16/02/2026;18:00 UTC;[Age of Empires II];T90 Titans League 5: Platinum League [T90 Titans League/5/Platinum League];Stranded (2020) [Stranded (2020)];1v1;Lucho [Lucho] [Argentina] [Argentina] [Malians] [Malians];<;Hearttt [Wu] [Wu] [Peru] [Peru] [Hearttt];(G1) [Watch VOD] [Watch VOD];Malians;Wu;Wu;FALSE;Georgians;11;8;67%;78,72;Strandred;;
14/02/2026;19:00 UTC;[Age of Empires II];T90 Titans League 5: Platinum League [T90 Titans League/5/Platinum League];Stranded (2020) [Stranded (2020)];1v1;MbL [MbL] [Norway] [Norway] [Wu] [Wu];<;Liereyy [Japanese] [Japanese] [Austria] [Austria] [Liereyy];(G3) [Watch VOD] [Watch VOD];Wu;Japanese;Japanese;FALSE;Goths;0;0;0%;0,00;Strandred;;
14/02/2026;16:00 UTC;[Age of Empires II];T90 Titans League 5: Platinum League [T90 Titans League/5/Platinum League];Stranded (2020) [Stranded (2020)];1v1;Vivi [Vivi] [China] [China] [Malians] [Malians];<;Dragonstar [Dravidians] [Dravidians] [India] [India] [The Dragonstar];(G3) [Watch VOD] [Watch VOD];Malians;Dravidians;Dravidians;FALSE;Gurjaras;0;0;0%;0,00;Strandred;;
13/02/2026;16:00 UTC;[Age of Empires II];T90 Titans League 5: Platinum League [T90 Titans League/5/Platinum League];Stranded (2020) [Stranded (2020)];1v1;ACCM [ACCM] [Vietnam] [Vietnam] [Italians] [Italians];>;Nicov [Incas] [Incas] [Argentina] [Argentina] [Nicov];(G1) [Watch VOD] [Watch VOD];Italians;Incas;Italians;FALSE;Hindustanis;1;1;100%;60,93;Strandred;;
13/02/2026;14:00 UTC;[Age of Empires II];T90 Titans League 5: Platinum League [T90 Titans League/5/Platinum League];Stranded (2020) [Stranded (2020)];1v1;Yo [Yo] [China] [China] [Huns] [Huns];<;Hera [Malians] [Malians] [Canada] [Canada] [Hera];(G1) [Watch VOD] [Watch VOD];Huns;Malians;Malians;FALSE;Huns;16;11;69%;79,19;Strandred;;
11/02/2026;21:00 UTC;[Age of Empires II];T90 Titans League 5: Gold League [T90 Titans League/5/Gold League];Stranded (2020) [Stranded (2020)];1v1;F1Re [F1Re] [Brazil] [Brazil] [Lithuanians] [Lithuanians];<;Sobek [Dravidians] [Dravidians] [Chile] [Chile] [Sobek];(G3) [Watch VOD] [Watch VOD];Lithuanians;Dravidians;Dravidians;FALSE;Incas;2;0;0%;0,00;Strandred;;
11/02/2026;17:00 UTC;[Age of Empires II];T90 Titans League 5: Gold League [T90 Titans League/5/Gold League];Stranded (2020) [Stranded (2020)];1v1;Kasva [Kasva] [Turkey] [Turkey] [Koreans] [Koreans];>;classicpro [Persians] [Persians] [Ukraine] [Ukraine] [Classicpro];(G1) [Watch VOD] [Watch VOD];Koreans;Persians;Koreans;FALSE;Italians;18;8;44%;57,09;Strandred;;
11/02/2026;16:00 UTC;[Age of Empires II];T90 Titans League 5: Silver League [T90 Titans League/5/Silver League];Stranded (2020) [Stranded (2020)];1v1;GoKu [GoKu] [Brazil] [Brazil] [Malians] [Malians];<;NeoZz [Chinese] [Chinese] [France] [France] [NeoZz];(G2) [Watch VOD] [Watch VOD];Malians;Chinese;Chinese;FALSE;Japanese;21;8;40%;51,14;Strandred;;
10/02/2026;16:00 UTC;[Age of Empires II];T90 Titans League 5: Silver League [T90 Titans League/5/Silver League];Stranded (2020) [Stranded (2020)];1v1;Dr.Kozmonot [Dr.Kozmonot] [Turkey] [Turkey] [Lithuanians] [Lithuanians];>;Gabi [Koreans] [Koreans] [Brazil] [Brazil] [Gabi];(G3) [Watch VOD] [Watch VOD];Lithuanians;Koreans;Lithuanians;FALSE;Jurchens;0;0;0%;0,00;Strandred;;
10/02/2026;14:00 UTC;[Age of Empires II];T90 Titans League 5: Silver League [T90 Titans League/5/Silver League];Stranded (2020) [Stranded (2020)];1v1;saymyname [Saymyname] [Vietnam] [Vietnam] [Koreans] [Koreans];<;Youpudding [Dravidians] [Dravidians] [Taiwan] [Taiwan] [Youpudding];(G1) [Watch VOD] [Watch VOD];Koreans;Dravidians;Dravidians;FALSE;Khitans;0;0;0%;0,00;Strandred;;
09/02/2026;17:40 UTC;[Age of Empires II];T90 Titans League 5: Platinum League [T90 Titans League/5/Platinum League];Stranded (2020) [Stranded (2020)];1v1;FreakinAndy [FreakinAndy] [Austria] [Austria] [Italians] [Italians];<;Sebastian [Persians] [Persians] [Uruguay] [Uruguay] [Sebastian];(G1) [Watch VOD] [Watch VOD];Italians;Persians;Persians;FALSE;Khmer;2;2;100%;69,03;Strandred;;
09/02/2026;17:00 UTC;[Age of Empires II];T90 Titans League 5: Gold League [T90 Titans League/5/Gold League];Stranded (2020) [Stranded (2020)];1v1;miguel [Miguel] [Brazil] [Brazil] [Georgians] [Georgians];>;Overtaken [Saracens] [Saracens] [Estonia] [Estonia] [Overtaken];(G2) [Watch VOD] [Watch VOD];Georgians;Saracens;Georgians;FALSE;Koreans;17;10;58%;70,45;Strandred;;
08/02/2026;23:00 UTC;[Age of Empires II];T90 Titans League 5: Silver League [T90 Titans League/5/Silver League];Stranded (2020) [Stranded (2020)];1v1;Nahue05 [Nahuel05] [Argentina] [Argentina] [Malians] [Malians];>;St4rk [Italians] [Italians] [Brazil] [Brazil] [St4rk];(G2) [Watch VOD] [Watch VOD];Malians;Italians;Malians;FALSE;Lithuanians;5;2;25%;20,30;Strandred;;
08/02/2026;15:00 UTC;[Age of Empires II];T90 Titans League 5: Silver League [T90 Titans League/5/Silver League];Stranded (2020) [Stranded (2020)];1v1;ThunderboltX [ThunderboltX] [Bulgaria] [Bulgaria] [Mayans] [Mayans];<;Whocl [Malians] [Malians] [Chile] [Chile] [DreamCl];(G1) [Watch VOD] [Watch VOD];Mayans;Malians;Malians;FALSE;Magyars;1;0;0%;0,00;Strandred;;
06/02/2026;18:40 UTC;[Age of Empires II];T90 Titans League 5: Platinum League [T90 Titans League/5/Platinum League];Stranded (2020) [Stranded (2020)];1v1;lyx [Lyx] [China] [China] [Japanese] [Japanese];<;Liereyy [Persians] [Persians] [Austria] [Austria] [Liereyy];(G3) [Watch VOD] [Watch VOD];Japanese;Persians;Persians;FALSE;Malay;2;1;50%;54,50;Strandred;;
06/02/2026;17:00 UTC;[Age of Empires II];T90 Titans League 5: Silver League [T90 Titans League/5/Silver League];Stranded (2020) [Stranded (2020)];1v1;Gabi [Gabi] [Brazil] [Brazil] [Koreans] [Koreans];>;Monoz [Persians] [Persians] [Argentina] [Argentina] [Monoz];(G1) [Watch VOD] [Watch VOD];Koreans;Persians;Koreans;FALSE;Malians;20;12;65%;72,68;Strandred;;
05/02/2026;17:00 UTC;[Age of Empires II];T90 Titans League 5: Gold League [T90 Titans League/5/Gold League];Stranded (2020) [Stranded (2020)];1v1;miguel [Miguel] [Brazil] [Brazil] [Dravidians] [Dravidians];>;Villese [Wu] [Wu] [Finland] [Finland] [Villese];(G2) [Watch VOD] [Watch VOD];Dravidians;Wu;Dravidians;FALSE;Mapuche;0;0;0%;0,00;Strandred;;
03/02/2026;17:00 UTC;[Age of Empires II];T90 Titans League 5: Gold League [T90 Titans League/5/Gold League];Stranded (2020) [Stranded (2020)];1v1;Terz [Terz] [Germany] [Germany] [Japanese] [Japanese];<;Kasva [Koreans] [Koreans] [Turkey] [Turkey] [Kasva];(G1) [Watch VOD] [Watch VOD];Japanese;Koreans;Koreans;FALSE;Mayans;5;1;20%;10,26;Strandred;;
02/02/2026;19:00 UTC;[Age of Empires II];T90 Titans League 5: Silver League [T90 Titans League/5/Silver League];Stranded (2020) [Stranded (2020)];1v1;NeoZz [NeoZz] [France] [France] [Mayans] [Mayans];>;Babaorum [Byzantines] [Byzantines] [France] [France] [Babaorum];(G3) [Watch VOD] [Watch VOD];Mayans;Byzantines;Mayans;FALSE;Mongols;2;0;0%;0,00;Strandred;;
01/02/2026;21:00 UTC;[Age of Empires II];T90 Titans League 5: Silver League [T90 Titans League/5/Silver League];Stranded (2020) [Stranded (2020)];1v1;m0re [M0re] [Spain] [Spain] [Wu] [Wu];<;Nahue05 [Georgians] [Georgians] [Argentina] [Argentina] [Nahuel05];(G2) [Watch VOD] [Watch VOD];Wu;Georgians;Georgians;FALSE;Muisca;1;1;100%;60,93;Strandred;;
01/02/2026;14:00 UTC;[Age of Empires II];T90 Titans League 5: Silver League [T90 Titans League/5/Silver League];Stranded (2020) [Stranded (2020)];1v1;Whocl [DreamCl] [Chile] [Chile] [Japanese] [Japanese];<;Dr.Kozmonot [Georgians] [Georgians] [Turkey] [Turkey] [Dr.Kozmonot];(G1) [Watch VOD] [Watch VOD];Japanese;Georgians;Georgians;FALSE;Persians;15;9;60%;70,68;Strandred;;
29/01/2026;18:00 UTC;[Age of Empires II];T90 Titans League 5: Gold League [T90 Titans League/5/Gold League];Stranded (2020) [Stranded (2020)];1v1;miguel [Miguel] [Brazil] [Brazil] [Bengalis] [Bengalis];<;Prisma09 [Japanese] [Japanese] [Argentina] [Argentina] [Prisma09];(G1) [Watch VOD] [Watch VOD];Bengalis;Japanese;Japanese;FALSE;Poles;0;0;0%;0,00;Strandred;;
28/01/2026;17:00 UTC;[Age of Empires II];T90 Titans League 5: Silver League [T90 Titans League/5/Silver League];Stranded (2020) [Stranded (2020)];1v1;Target331 [Target331] [Germany] [Germany] [Portuguese] [Portuguese];<;NeoZz [Dravidians] [Dravidians] [France] [France] [NeoZz];(G1) [Watch VOD] [Watch VOD];Portuguese;Dravidians;Dravidians;FALSE;Portuguese;4;2;33%;39,35;Strandred;;
27/01/2026;08:00 UTC;[Age of Empires II];T90 Titans League 5: Silver League [T90 Titans League/5/Silver League];Stranded (2020) [Stranded (2020)];1v1;Youpudding [Youpudding] [Taiwan] [Taiwan] [Khmer] [Khmer];>;Survivalist [Shu] [Shu] [Canada] [Canada] [Survivalist];(G3) [Watch VOD] [Watch VOD];Khmer;Shu;Khmer;FALSE;Puru;0;0;0%;0,00;Strandred;;
26/01/2026;14:00 UTC;[Age of Empires II];T90 Titans League 5: Silver League [T90 Titans League/5/Silver League];Stranded (2020) [Stranded (2020)];1v1;Saymyname [Saymyname] [Vietnam] [Vietnam] [Georgians] [Georgians];>;Ozone [Shu] [Shu] [Colombia] [Colombia] [Ozone];(G3) [Watch VOD] [Watch VOD];Georgians;Shu;Georgians;FALSE;Romans;4;0;0%;0,00;Strandred;;
22/01/2026;13:00 UTC;[Age of Empires II];T90 Titans League 5: Silver League [T90 Titans League/5/Silver League];Stranded (2020) [Stranded (2020)];1v1;saymyname [Saymyname] [Vietnam] [Vietnam] [Italians] [Italians];>;chart [Mayans] [Mayans] [Japan] [Japan] [Chart];(G3) [Watch VOD] [Watch VOD];Italians;Mayans;Italians;FALSE;Saracens;2;0;0%;0,00;Strandred;;
21/01/2026;04:20 UTC;[Age of Empires II];T90 Titans League 5: Silver League [T90 Titans League/5/Silver League];Stranded (2020) [Stranded (2020)];1v1;Youpudding [Youpudding] [Taiwan] [Taiwan] [Celts] [Celts];<;Combito [Italians] [Italians] [Mexico] [Mexico] [Combito];(G2) [Watch VOD] [Watch VOD];Celts;Italians;Italians;FALSE;Shu;4;0;0%;0,00;Strandred;;
20/01/2026;17:00 UTC;[Age of Empires II];T90 Titans League 5: Silver League [T90 Titans League/5/Silver League];Stranded (2020) [Stranded (2020)];1v1;m0re [M0re] [Spain] [Spain] [Huns] [Huns];<;St4rk [Dravidians] [Dravidians] [Brazil] [Brazil] [St4rk];(G1) [Watch VOD] [Watch VOD];Huns;Dravidians;Dravidians;FALSE;Sicilians;1;0;0%;0,00;Strandred;;
19/01/2026;15:00 UTC;[Age of Empires II];T90 Titans League 5: Silver League [T90 Titans League/5/Silver League];Stranded (2020) [Stranded (2020)];1v1;NeoZz [NeoZz] [France] [France] [Georgians] [Georgians];>;Blve [Romans] [Romans] [Taiwan] [Taiwan] [Blve (page does not exist)];(G2) [Watch VOD] [Watch VOD];Georgians;Romans;Georgians;FALSE;Slavs;0;0;0%;0,00;Strandred;;
09/01/2026;01:00 UTC;[Age of Empires II];Copa Aconcagua 3 [Copa Aconcagua/3];Stranded (2020) [Stranded (2020)];1v1;ZARC [ZARC (page does not exist)] [Chile] [Chile] [Italians] [Italians];<;AboKeiTo [Wu] [Wu] [Chile] [Chile] [AboKeiTo];(G2) [Watch VOD] [Watch VOD];Italians;Wu;Wu;FALSE;Spanish;0;0;0%;0,00;Strandred;;
31/07/2025;14:00 UTC;[Age of Empires II];LingHe Cup: Showmatch 2 [LingHe Cup/Showmatch/2];Stranded (2020) [Stranded (2020)];1v1;Sora Kuma [Sora Kuma] [Taiwan] [Taiwan] [Armenians] [Armenians];<;Vivi [Huns] [Huns] [China] [China] [Vivi];(G3) [Watch VOD] [Watch VOD];Armenians;Huns;Huns;FALSE;Tatars;1;0;0%;0,00;Strandred;;
30/07/2025;13:00 UTC;[Age of Empires II];LingHe Cup [LingHe Cup];Stranded (2020) [Stranded (2020)];1v1;lyx [Lyx] [China] [China] [Malians] [Malians];>;Sora Kuma [Georgians] [Georgians] [Taiwan] [Taiwan] [Sora Kuma];(G3) [Watch VOD] [Watch VOD];Malians;Georgians;Malians;FALSE;Teutons;0;0;0%;0,00;Strandred;;
26/07/2025;14:00 UTC;[Age of Empires II];LingHe Cup [LingHe Cup];Stranded (2020) [Stranded (2020)];1v1;Youpudding [Youpudding] [Taiwan] [Taiwan] [Shu] [Shu];<;IBUYPOWER [Malians] [Malians] [China] [China] [IBUYPOWER];(G4) [Watch VOD] [Watch VOD];Shu;Malians;Malians;FALSE;Tupi;0;0;0%;0,00;Strandred;;
24/07/2025;12:00 UTC;[Age of Empires II];LingHe Cup [LingHe Cup];Stranded (2020) [Stranded (2020)];1v1;Blve [Blve (page does not exist)] [Taiwan] [Taiwan] [Britons] [Britons];<;MING [Georgians] [Georgians] [Hong Kong] [Hong Kong] [Ming (Hong Kongese player)];(G4) [Watch VOD] [Watch VOD];Britons;Georgians;Georgians;FALSE;Turks;0;0;0%;0,00;Strandred;;
22/07/2025;12:00 UTC;[Age of Empires II];LingHe Cup [LingHe Cup];Stranded (2020) [Stranded (2020)];1v1;MING [Ming (Hong Kongese player)] [Hong Kong] [Hong Kong] [Ethiopians] [Ethiopians];<;lyx [Malians] [Malians] [China] [China] [Lyx];(G5) [Watch VOD] [Watch VOD];Ethiopians;Malians;Malians;FALSE;Vietnamese;4;1;0%;0,00;Strandred;;
15/07/2025;12:00 UTC;[Age of Empires II];LingHe Cup [LingHe Cup];Stranded (2020) [Stranded (2020)];1v1;Blve [Blve (page does not exist)] [Taiwan] [Taiwan] [Shu] [Shu];<;Sora Kuma [Koreans] [Koreans] [Taiwan] [Taiwan] [Sora Kuma];(G2) [Watch VOD] [Watch VOD];Shu;Koreans;Koreans;FALSE;Vikings;3;1;50%;49,16;Strandred;;
01/06/2025;15:00 UTC;[Age of Empires II];Warlords IV [Warlords/4];Stranded (2020) [Stranded (2020)];1v1;Liereyy [Liereyy] [Austria] [Austria] [Japanese] [Japanese];<;TaToH [Persians] [Persians] [Spain] [Spain] [TaToH];(G2) [Watch VOD] [Watch VOD];Japanese;Persians;Persians;FALSE;Wei;0;0;0%;0,00;Strandred;;
31/05/2025;18:30 UTC;[Age of Empires II];Warlords IV [Warlords/4];Stranded (2020) [Stranded (2020)];1v1;TaToH [TaToH] [Spain] [Spain] [Wu] [Wu];>;Hera [Wu] [Wu] [Canada] [Canada] [Hera];(G1) [Watch VOD] [Watch VOD];Wu;Wu;Wu;TRUE;Wu;12;5;40%;53,81;Strandred;;
31/05/2025;15:00 UTC;[Age of Empires II];Warlords IV [Warlords/4];Stranded (2020) [Stranded (2020)];1v1;Liereyy [Liereyy] [Austria] [Austria] [Japanese] [Japanese];>;Yo [Tatars] [Tatars] [China] [China] [Yo];(G3) [Watch VOD] [Watch VOD];Japanese;Tatars;Japanese;FALSE;;;;;;;;
30/05/2025;18:30 UTC;[Age of Empires II];Warlords IV [Warlords/4];Stranded (2020) [Stranded (2020)];1v1;Hearttt [Hearttt] [Peru] [Peru] [Huns] [Huns];<;Liereyy [Chinese] [Chinese] [Austria] [Austria] [Liereyy];(G5) [Watch VOD] [Watch VOD];Huns;Chinese;Chinese;FALSE;;;;;;;;
30/05/2025;15:00 UTC;[Age of Empires II];Warlords IV [Warlords/4];Stranded (2020) [Stranded (2020)];1v1;Yo [Yo] [China] [China] [Georgians] [Georgians];<;TheViper [Huns] [Huns] [Norway] [Norway] [TheViper];(G6) [Watch VOD] [Watch VOD];Georgians;Huns;Huns;FALSE;;;;;;;;
28/05/2025;18:50 UTC;[Age of Empires II];Warlords IV [Warlords/4];Stranded (2020) [Stranded (2020)];1v1;Hearttt [Hearttt] [Peru] [Peru] [Malians] [Malians];>;Barles [Chinese] [Chinese] [Poland] [Poland] [Barles];(G1) [Watch VOD] [Watch VOD];Malians;Chinese;Malians;FALSE;;;;;;;;
27/05/2025;18:45 UTC;[Age of Empires II];Warlords IV [Warlords/4];Stranded (2020) [Stranded (2020)];1v1;Sitaux [Sitaux] [France] [France] [Huns] [Huns];>;Mihai06 [Wu] [Wu] [Romania] [Romania] [Mihai06];(G4) [Watch VOD] [Watch VOD];Huns;Wu;Huns;FALSE;;;;;;;;
26/05/2025;17:10 UTC;[Age of Empires II];Warlords IV [Warlords/4];Stranded (2020) [Stranded (2020)];1v1;Sitaux [Sitaux] [France] [France] [Wu] [Wu];<;Vinchester [Huns] [Huns] [Russia] [Russia] [Vinchester];(G2) [Watch VOD] [Watch VOD];Wu;Huns;Huns;FALSE;;;;;;;;
25/05/2025;14:10 UTC;[Age of Empires II];Warlords IV [Warlords/4];Stranded (2020) [Stranded (2020)];1v1;ACCM [ACCM] [Vietnam] [Vietnam] [Koreans] [Koreans];>;TheViper [Italians] [Italians] [Norway] [Norway] [TheViper];(G3) [Watch VOD] [Watch VOD];Koreans;Italians;Koreans;FALSE;;;;;;;;
24/05/2025;15:35 UTC;[Age of Empires II];Warlords IV [Warlords/4];Stranded (2020) [Stranded (2020)];1v1;FreakinAndy [FreakinAndy] [Austria] [Austria] [Chinese] [Chinese];<;Barles [Italians] [Italians] [Poland] [Poland] [Barles];(G3) [Watch VOD] [Watch VOD];Chinese;Italians;Italians;FALSE;;;;;;;;
23/05/2025;18:30 UTC;[Age of Empires II];Warlords IV [Warlords/4];Stranded (2020) [Stranded (2020)];1v1;Sitaux [Sitaux] [France] [France] [Malians] [Malians];<;Liereyy [Italians] [Italians] [Austria] [Austria] [Liereyy];(G4) [Watch VOD] [Watch VOD];Malians;Italians;Italians;FALSE;;;;;;;;
22/05/2025;16:50 UTC;[Age of Empires II];Warlords IV [Warlords/4];Stranded (2020) [Stranded (2020)];1v1;MbL [MbL] [Norway] [Norway] [Malay] [Malay];<;Hearttt [Malians] [Malians] [Peru] [Peru] [Hearttt];(G3) [Watch VOD] [Watch VOD];Malay;Malians;Malians;FALSE;;;;;;;;
21/05/2025;14:00 UTC;[Age of Empires II];Warlords IV [Warlords/4];Stranded (2020) [Stranded (2020)];1v1;Barles [Barles] [Poland] [Poland] [Huns] [Huns];<;Yo [Huns] [Huns] [China] [China] [Yo];(G1) [Watch VOD] [Watch VOD];Huns;Huns;Huns;TRUE;;;;;;;;
18/05/2025;17:30 UTC;[Age of Empires II];Warlords IV [Warlords/4];Stranded (2020) [Stranded (2020)];1v1;Barles [Barles] [Poland] [Poland] [Wu] [Wu];<;Hera [Japanese] [Japanese] [Canada] [Canada] [Hera];(G5) [Watch VOD] [Watch VOD];Wu;Japanese;Japanese;FALSE;;;;;;;;
13/05/2025;18:30 UTC;[Age of Empires II];Great British Discord Community Cup 2025 [Great British Discord Community Cup/2025];Stranded (2020) [Stranded (2020)];1v1;rgeadn [Rgeadn] [United Kingdom] [United Kingdom] [Malians] [Malians];>;DanMT [Koreans] [Koreans] [United Kingdom] [United Kingdom] [DanMT];(G2) [Watch VOD] [Watch VOD];Malians;Koreans;Malians;FALSE;;;;;;;;
11/05/2025;13:00 UTC;[Age of Empires II];Warlords IV: Qualifier #3 [Warlords/4/Qualifier/3];Stranded (2020) [Stranded (2020)];1v1;NeoZz [NeoZz] [France] [France] [Japanese] [Japanese];<;JorDan_AoE [Hindustanis] [Hindustanis] [Germany] [Germany] [JorDan AoE];(G2) [Watch VOD] [Watch VOD];Japanese;Hindustanis;Hindustanis;FALSE;;;;;;;;
09/05/2025;20:00 UTC;[Age of Empires II];Warlords IV: Qualifier #3 [Warlords/4/Qualifier/3];Stranded (2020) [Stranded (2020)];1v1;Biry [Biry] [Argentina] [Argentina] [Koreans] [Koreans];<;Capoch [Persians] [Persians] [Argentina] [Argentina] [Capoch];(G3) [Watch VOD] [Watch VOD];Koreans;Persians;Persians;FALSE;;;;;;;;
09/05/2025;16:00 UTC;[Age of Empires II];Warlords IV: Qualifier #3 [Warlords/4/Qualifier/3];Stranded (2020) [Stranded (2020)];1v1;Blve [Blve (page does not exist)] [Taiwan] [Taiwan] [Mayans] [Mayans];<;Margougou [Huns] [Huns] [France] [France] [Margougou];(G2) [Watch VOD] [Watch VOD];Mayans;Huns;Huns;FALSE;;;;;;;;
07/05/2025;08:00 UTC;[Age of Empires II];Warlords IV: Qualifier #3 [Warlords/4/Qualifier/3];Stranded (2020) [Stranded (2020)];1v1;JorDan_AoE [JorDan AoE] [Germany] [Germany] [Malians] [Malians];>;Bad Koala [Italians] [Italians] [China] [China] [Bad Koala];(G3) [Watch VOD] [Watch VOD];Malians;Italians;Malians;FALSE;;;;;;;;
06/05/2025;08:00 UTC;[Age of Empires II];Great British Discord Community Cup 2025 [Great British Discord Community Cup/2025];Stranded (2020) [Stranded (2020)];1v1;BOT Marley [BOT Marley (page does not exist)] [Germany] [Germany] [Portuguese] [Portuguese];<;Noszombie [Persians] [Persians] [Australia] [Australia] [Noszombie];(G3) [Watch VOD] [Watch VOD];Portuguese;Persians;Persians;FALSE;;;;;;;;
04/05/2025;18:10 UTC;[Age of Empires II];Warlords IV: Qualifier #2 [Warlords/4/Qualifier/2];Stranded (2020) [Stranded (2020)];1v1;Sitaux [Sitaux] [France] [France] [Huns] [Huns];>;MbL [Persians] [Persians] [Norway] [Norway] [MbL];(G4) [Watch VOD] [Watch VOD];Huns;Persians;Huns;FALSE;;;;;;;;
04/05/2025;13:00 UTC;[Age of Empires II];Warlords IV: Qualifier #2 [Warlords/4/Qualifier/2];Stranded (2020) [Stranded (2020)];1v1;Mihai06 [Mihai06] [Romania] [Romania] [Huns] [Huns];>;Vinchester [Dravidians] [Dravidians] [Russia] [Russia] [Vinchester];(G5) [Watch VOD] [Watch VOD];Huns;Dravidians;Huns;FALSE;;;;;;;;
02/05/2025;17:00 UTC;[Age of Empires II];Warlords IV: Qualifier #2 [Warlords/4/Qualifier/2];Stranded (2020) [Stranded (2020)];1v1;NeoZz [NeoZz] [France] [France] [Italians] [Italians];<;Villese [Bengalis] [Bengalis] [Finland] [Finland] [Villese];(G4) [Watch VOD] [Watch VOD];Italians;Bengalis;Bengalis;FALSE;;;;;;;;
02/05/2025;16:00 UTC;[Age of Empires II];Warlords IV: Qualifier #2 [Warlords/4/Qualifier/2];Stranded (2020) [Stranded (2020)];1v1;GoKu [GoKu] [Brazil] [Brazil] [Persians] [Persians];<;lyx [Chinese] [Chinese] [China] [China] [Lyx];(G3) [Watch VOD] [Watch VOD];Persians;Chinese;Chinese;FALSE;;;;;;;;
02/05/2025;14:35 UTC;[Age of Empires II];Warlords IV: Qualifier #2 [Warlords/4/Qualifier/2];Stranded (2020) [Stranded (2020)];1v1;JorDan_AoE [JorDan AoE] [Germany] [Germany] [Koreans] [Koreans];>;Ozone [Malians] [Malians] [Colombia] [Colombia] [Ozone];(G3) [Watch VOD] [Watch VOD];Koreans;Malians;Koreans;FALSE;;;;;;;;
01/05/2025;13:00 UTC;[Age of Empires II];Warlords IV: Qualifier #2 [Warlords/4/Qualifier/2];Stranded (2020) [Stranded (2020)];1v1;Blve [Blve (page does not exist)] [Taiwan] [Taiwan] [Ethiopians] [Ethiopians];<;Sora Kuma [Chinese] [Chinese] [Taiwan] [Taiwan] [Sora Kuma];(G1) [Watch VOD] [Watch VOD];Ethiopians;Chinese;Chinese;FALSE;;;;;;;;
27/04/2025;15:50 UTC;[Age of Empires II];Warlords IV: Qualifier #1 [Warlords/4/Qualifier/1];Stranded (2020) [Stranded (2020)];1v1;MbL [MbL] [Norway] [Norway] [Vietnamese] [Vietnamese];<;Yo [Koreans] [Koreans] [China] [China] [Yo];(G1) [Watch VOD] [Watch VOD];Vietnamese;Koreans;Koreans;FALSE;;;;;;;;
24/04/2025;12:00 UTC;[Age of Empires II];Warlords IV: Qualifier #1 [Warlords/4/Qualifier/1];Stranded (2020) [Stranded (2020)];1v1;saymyname [Saymyname] [Vietnam] [Vietnam] [Dravidians] [Dravidians];>;z40 [Persians] [Persians] [Taiwan] [Taiwan] [Z40];(G2) [Watch VOD] [Watch VOD];Dravidians;Persians;Dravidians;FALSE;;;;;;;;
24/04/2025;08:00 UTC;[Age of Empires II];Warlords IV: Qualifier #1 [Warlords/4/Qualifier/1];Stranded (2020) [Stranded (2020)];1v1;Blve [Blve (page does not exist)] [Taiwan] [Taiwan] [Aztecs] [Aztecs];<;Dark [Huns] [Huns] [Russia] [Russia] [Dark];(G4) [Watch VOD] [Watch VOD];Aztecs;Huns;Huns;FALSE;;;;;;;;
23/04/2025;18:00 UTC;[Age of Empires II];Warlords IV: Qualifier #1 [Warlords/4/Qualifier/1];Stranded (2020) [Stranded (2020)];1v1;Youpudding [Youpudding] [Taiwan] [Taiwan] [Japanese] [Japanese];<;Running [Portuguese] [Portuguese] [Germany] [Germany] [Running];(G4) [Watch VOD] [Watch VOD];Japanese;Portuguese;Portuguese;FALSE;;;;;;;;
23/04/2025;13:00 UTC;[Age of Empires II];Warlords IV: Qualifier #1 [Warlords/4/Qualifier/1];Stranded (2020) [Stranded (2020)];1v1;Dennis [Dennis] [Hong Kong] [Hong Kong] [Armenians] [Armenians];<;Valas [Dravidians] [Dravidians] [Finland] [Finland] [Valas];(G3) [Watch VOD] [Watch VOD];Armenians;Dravidians;Dravidians;FALSE;;;;;;;;
23/04/2025;13:00 UTC;[Age of Empires II];Warlords IV: Qualifier #1 [Warlords/4/Qualifier/1];Stranded (2020) [Stranded (2020)];1v1;iBUYPOWER [IBUYPOWER] [China] [China] [Koreans] [Koreans];>;lyx [Malians] [Malians] [China] [China] [Lyx];(G1) [Watch VOD] [Watch VOD];Koreans;Malians;Koreans;FALSE;;;;;;;;
08/12/2024;17:00 UTC;[Age of Empires II];Wandering Warriors Cup 2 [Wandering Warriors Cup/2];Stranded (2020) [Stranded (2020)];1v1;ACCM [ACCM] [Vietnam] [Vietnam] [Aztecs] [Aztecs];>;Liereyy [Mongols] [Mongols] [Austria] [Austria] [Liereyy];(G3) [Watch VOD] [Watch VOD];Aztecs;Mongols;Aztecs;FALSE;;;;;;;;
08/12/2024;14:45 UTC;[Age of Empires II];Wandering Warriors Cup 2 [Wandering Warriors Cup/2];Stranded (2020) [Stranded (2020)];1v1;Vinchester [Vinchester] [Russia] [Russia] [Chinese] [Chinese];>;Sebastian [Dravidians] [Dravidians] [Uruguay] [Uruguay] [Sebastian];(G4) [Watch VOD] [Watch VOD];Chinese;Dravidians;Chinese;FALSE;;;;;;;;
07/12/2024;18:20 UTC;[Age of Empires II];Wandering Warriors Cup 2 [Wandering Warriors Cup/2];Stranded (2020) [Stranded (2020)];1v1;Sebastian [Sebastian] [Uruguay] [Uruguay] [Chinese] [Chinese];<;Liereyy [Armenians] [Armenians] [Austria] [Austria] [Liereyy];(G4) [Watch VOD] [Watch VOD];Chinese;Armenians;Armenians;FALSE;;;;;;;;
07/12/2024;14:30 UTC;[Age of Empires II];Wandering Warriors Cup 2 [Wandering Warriors Cup/2];Stranded (2020) [Stranded (2020)];1v1;Vinchester [Vinchester] [Russia] [Russia] [Sicilians] [Sicilians];<;ACCM [Georgians] [Georgians] [Vietnam] [Vietnam] [ACCM];(G3) [Watch VOD] [Watch VOD];Sicilians;Georgians;Georgians;FALSE;;;;;;;;
05/12/2024;19:20 UTC;[Age of Empires II];Wandering Warriors Cup 2 [Wandering Warriors Cup/2];Stranded (2020) [Stranded (2020)];1v1;ACCM [ACCM] [Vietnam] [Vietnam] [Aztecs] [Aztecs];>;TheViper [Vietnamese] [Vietnamese] [Norway] [Norway] [TheViper];(G4) [Watch VOD] [Watch VOD];Aztecs;Vietnamese;Aztecs;FALSE;;;;;;;;
05/12/2024;15:00 UTC;[Age of Empires II];Wandering Warriors Cup 2 [Wandering Warriors Cup/2];Stranded (2020) [Stranded (2020)];1v1;Yo [Yo] [China] [China] [Armenians] [Armenians];<;Sebastian [Malians] [Malians] [Uruguay] [Uruguay] [Sebastian];(G3) [Watch VOD] [Watch VOD];Armenians;Malians;Malians;FALSE;;;;;;;;
03/12/2024;17:00 UTC;[Age of Empires II];Wandering Warriors Cup 2 [Wandering Warriors Cup/2];Stranded (2020) [Stranded (2020)];1v1;Nicov [Nicov] [Argentina] [Argentina] [Chinese] [Chinese];>;Hera [Chinese] [Chinese] [Canada] [Canada] [Hera];(G3) [Watch VOD] [Watch VOD];Chinese;Chinese;Chinese;TRUE;;;;;;;;
02/12/2024;16:40 UTC;[Age of Empires II];Wandering Warriors Cup 2 [Wandering Warriors Cup/2];Stranded (2020) [Stranded (2020)];1v1;Barles [Barles] [Poland] [Poland] [Chinese] [Chinese];<;ACCM [Chinese] [Chinese] [Vietnam] [Vietnam] [ACCM];(G4) [Watch VOD] [Watch VOD];Chinese;Chinese;Chinese;TRUE;;;;;;;;
02/12/2024;14:45 UTC;[Age of Empires II];Wandering Warriors Cup 2 [Wandering Warriors Cup/2];Stranded (2020) [Stranded (2020)];1v1;Hearttt [Hearttt] [Peru] [Peru] [Malians] [Malians];<;Vinchester [Dravidians] [Dravidians] [Russia] [Russia] [Vinchester];(G2) [Watch VOD] [Watch VOD];Malians;Dravidians;Dravidians;FALSE;;;;;;;;
30/11/2024;17:25 UTC;[Age of Empires II];Wandering Warriors Cup 2 [Wandering Warriors Cup/2];Stranded (2020) [Stranded (2020)];1v1;Liereyy [Liereyy] [Austria] [Austria] [Persians] [Persians];>;DauT [Incas] [Incas] [Serbia] [Serbia] [DauT];(G2) [Watch VOD] [Watch VOD];Persians;Incas;Persians;FALSE;;;;;;;;
30/11/2024;15:30 UTC;[Age of Empires II];Wandering Warriors Cup 2 [Wandering Warriors Cup/2];Stranded (2020) [Stranded (2020)];1v1;Sitaux [Sitaux] [France] [France] [Romans] [Romans];<;Yo [Georgians] [Georgians] [China] [China] [Yo];(G3) [Watch VOD] [Watch VOD];Romans;Georgians;Georgians;FALSE;;;;;;;;
26/11/2024;16:00 UTC;[Age of Empires II];Wandering Warriors Cup 2 [Wandering Warriors Cup/2];Stranded (2020) [Stranded (2020)];1v1;Margougou [Margougou] [France] [France] [Dravidians] [Dravidians];<;Nicov [Italians] [Italians] [Argentina] [Argentina] [Nicov];(G3) [Watch VOD] [Watch VOD];Dravidians;Italians;Italians;FALSE;;;;;;;;
26/11/2024;15:00 UTC;[Age of Empires II];Wandering Warriors Cup 2 [Wandering Warriors Cup/2];Stranded (2020) [Stranded (2020)];1v1;JBT [Jibatong] [China] [China] [Japanese] [Japanese];>;Hera [Italians] [Italians] [Canada] [Canada] [Hera];(G2) [Watch VOD] [Watch VOD];Japanese;Italians;Japanese;FALSE;;;;;;;;
26/11/2024;13:00 UTC;[Age of Empires II];Wandering Warriors Cup 2 [Wandering Warriors Cup/2];Stranded (2020) [Stranded (2020)];1v1;Sora Kuma [Sora Kuma] [Taiwan] [Taiwan] [Vietnamese] [Vietnamese];<;Sebastian [Persians] [Persians] [Uruguay] [Uruguay] [Sebastian];(G4) [Watch VOD] [Watch VOD];Vietnamese;Persians;Persians;FALSE;;;;;;;;
23/11/2024;17:00 UTC;[Age of Empires II];Wandering Warriors Cup 2 [Wandering Warriors Cup/2];Stranded (2020) [Stranded (2020)];1v1;Villese [Villese] [Finland] [Finland] [Dravidians] [Dravidians];>;MbL [Vikings] [Vikings] [Norway] [Norway] [MbL];(G3) [Watch VOD] [Watch VOD];Dravidians;Vikings;Dravidians;FALSE;;;;;;;;
21/11/2024;17:00 UTC;[Age of Empires II];Wandering Warriors Cup 2: Round of 128 & Round of 64 [Wandering Warriors Cup/2/Ro128 & Ro64];Stranded (2020) [Stranded (2020)];1v1;Overtaken [Overtaken] [Estonia] [Estonia] [Mongols] [Mongols];<;dogao [Dravidians] [Dravidians] [Brazil] [Brazil] [Dogao];(G1) [Watch VOD] [Watch VOD];Mongols;Dravidians;Dravidians;FALSE;;;;;;;;
20/11/2024;17:00 UTC;[Age of Empires II];Wandering Warriors Cup 2: Round of 128 & Round of 64 [Wandering Warriors Cup/2/Ro128 & Ro64];Stranded (2020) [Stranded (2020)];1v1;Ozone [Ozone] [Colombia] [Colombia] [Koreans] [Koreans];<;Nicov [Berbers] [Berbers] [Argentina] [Argentina] [Nicov];(G2) [Watch VOD] [Watch VOD];Koreans;Berbers;Berbers;FALSE;;;;;;;;
17/11/2024;12:00 UTC;[Age of Empires II];Wandering Warriors Cup 2: Round of 128 & Round of 64 [Wandering Warriors Cup/2/Ro128 & Ro64];Stranded (2020) [Stranded (2020)];1v1;Z40 [Z40] [Taiwan] [Taiwan] [Chinese] [Chinese];>;Villese [Japanese] [Japanese] [Finland] [Finland] [Villese];(G3) [Watch VOD] [Watch VOD];Chinese;Japanese;Chinese;FALSE;;;;;;;;
16/11/2024;19:00 UTC;[Age of Empires II];Wandering Warriors Cup 2: Round of 128 & Round of 64 [Wandering Warriors Cup/2/Ro128 & Ro64];Stranded (2020) [Stranded (2020)];1v1;boywonder_ [Boywonder (page does not exist)] [Turkey] [Turkey] [Japanese] [Japanese];<;dogao [Dravidians] [Dravidians] [Brazil] [Brazil] [Dogao];(G3) [Watch VOD] [Watch VOD];Japanese;Dravidians;Dravidians;FALSE;;;;;;;;
15/11/2024;17:00 UTC;[Age of Empires II];Wandering Warriors Cup 2: Round of 128 & Round of 64 [Wandering Warriors Cup/2/Ro128 & Ro64];Stranded (2020) [Stranded (2020)];1v1;Szikyyyy [Sziky] [Hungary] [Hungary] [Japanese] [Japanese];>;StonePleaseAoE [Koreans] [Koreans] [Germany] [Germany] [StonePleaseAoE];(G2) [Watch VOD] [Watch VOD];Japanese;Koreans;Japanese;FALSE;;;;;;;;
15/11/2024;15:00 UTC;[Age of Empires II];Wandering Warriors Cup 2: Round of 128 & Round of 64 [Wandering Warriors Cup/2/Ro128 & Ro64];Stranded (2020) [Stranded (2020)];1v1;TeMo [TeMo] [Morocco] [Morocco] [Japanese] [Japanese];<;Cloud [Chinese] [Chinese] [Taiwan] [Taiwan] [Cloud (Taiwanese player)];(G5) [Watch VOD] [Watch VOD];Japanese;Chinese;Chinese;FALSE;;;;;;;;
15/11/2024;15:00 UTC;[Age of Empires II];Wandering Warriors Cup 2: Round of 128 & Round of 64 [Wandering Warriors Cup/2/Ro128 & Ro64];Stranded (2020) [Stranded (2020)];1v1;GuKi [GUKI] [Mexico] [Mexico] [Magyars] [Magyars];<;saymyname [Koreans] [Koreans] [Vietnam] [Vietnam] [Saymyname];(G4) [Watch VOD] [Watch VOD];Magyars;Koreans;Koreans;FALSE;;;;;;;;
14/11/2024;21:30 UTC;[Age of Empires II];Wandering Warriors Cup 2: Round of 128 & Round of 64 [Wandering Warriors Cup/2/Ro128 & Ro64];Stranded (2020) [Stranded (2020)];1v1;ilovebaskets [Ilovebaskets (page does not exist)] [United States] [United States] [Japanese] [Japanese];<;Liereyy [Lithuanians] [Lithuanians] [Austria] [Austria] [Liereyy];(G2) [Watch VOD] [Watch VOD];Japanese;Lithuanians;Lithuanians;FALSE;;;;;;;;
14/11/2024;20:00 UTC;[Age of Empires II];Wandering Warriors Cup 2: Round of 128 & Round of 64 [Wandering Warriors Cup/2/Ro128 & Ro64];Stranded (2020) [Stranded (2020)];1v1;Lamo [Lamo] [Latvia] [Latvia] [Romans] [Romans];<;Ozone [Japanese] [Japanese] [Colombia] [Colombia] [Ozone];(G3) [Watch VOD] [Watch VOD];Romans;Japanese;Japanese;FALSE;;;;;;;;
14/11/2024;19:00 UTC;[Age of Empires II];Wandering Warriors Cup 2: Round of 128 & Round of 64 [Wandering Warriors Cup/2/Ro128 & Ro64];Stranded (2020) [Stranded (2020)];1v1;eskabe [Eskabe] [Argentina] [Argentina] [Dravidians] [Dravidians];<;Mihai06 [Khmer] [Khmer] [Romania] [Romania] [Mihai06];(G2) [Watch VOD] [Watch VOD];Dravidians;Khmer;Khmer;FALSE;;;;;;;;
14/11/2024;19:00 UTC;[Age of Empires II];Wandering Warriors Cup 2: Round of 128 & Round of 64 [Wandering Warriors Cup/2/Ro128 & Ro64];Stranded (2020) [Stranded (2020)];1v1;themariach1 [Themariach1] [Mexico] [Mexico] [Japanese] [Japanese];<;Nicov [Dravidians] [Dravidians] [Argentina] [Argentina] [Nicov];(G2) [Watch VOD] [Watch VOD];Japanese;Dravidians;Dravidians;FALSE;;;;;;;;
14/11/2024;16:00 UTC;[Age of Empires II];Wandering Warriors Cup 2: Round of 128 & Round of 64 [Wandering Warriors Cup/2/Ro128 & Ro64];Stranded (2020) [Stranded (2020)];1v1;Dziamdziak [Dziamdziak] [Poland] [Poland] [Japanese] [Japanese];<;JBT [Dravidians] [Dravidians] [China] [China] [Jibatong];(G1) [Watch VOD] [Watch VOD];Japanese;Dravidians;Dravidians;FALSE;;;;;;;;
14/11/2024;16:00 UTC;[Age of Empires II];Wandering Warriors Cup 2: Round of 128 & Round of 64 [Wandering Warriors Cup/2/Ro128 & Ro64];Stranded (2020) [Stranded (2020)];1v1;Good_Game [Good Game] [Russia] [Russia] [Cumans] [Cumans];<;Overtaken [Vietnamese] [Vietnamese] [Estonia] [Estonia] [Overtaken];(G1) [Watch VOD] [Watch VOD];Cumans;Vietnamese;Vietnamese;FALSE;;;;;;;;
13/11/2024;17:00 UTC;[Age of Empires II];Wandering Warriors Cup 2: Round of 128 & Round of 64 [Wandering Warriors Cup/2/Ro128 & Ro64];Stranded (2020) [Stranded (2020)];1v1;emalius2 [Emalius2] [Finland] [Finland] [Persians] [Persians];<;AntagonisT [Persians] [Persians] [Russia] [Russia] [IAnTaGoNiStI];(G1) [Watch VOD] [Watch VOD];Persians;Persians;Persians;TRUE;;;;;;;;
12/11/2024;18:30 UTC;[Age of Empires II];Wandering Warriors Cup 2: Round of 128 & Round of 64 [Wandering Warriors Cup/2/Ro128 & Ro64];Stranded (2020) [Stranded (2020)];1v1;Godsprisoner [Godsprisoner (page does not exist)] [United States] [United States] [Saracens] [Saracens];<;Barles [Japanese] [Japanese] [Poland] [Poland] [Barles];(G1) [Watch VOD] [Watch VOD];Saracens;Japanese;Japanese;FALSE;;;;;;;;
04/11/2024;18:00 UTC;[Age of Empires II];Wandering Warriors Cup 2: Showmatch [Wandering Warriors Cup/2/Showmatch];Stranded (2020) [Stranded (2020)];1v1;TheViper [TheViper] [Norway] [Norway] [Bengalis] [Bengalis];<;DauT [Dravidians] [Dravidians] [Serbia] [Serbia] [DauT];(G5) [Watch VOD] [Watch VOD];Bengalis;Dravidians;Dravidians;FALSE;;;;;;;;
;;;;;;;;;;;;;;;;;;;;;
;;;;;;;;;;;;;;;;;;;;;
;;;;;;;;;;;;;;;;;;;;;
;;;;;;;;;;;;;;;;;;;;;
;;;;;;;;;;;;;;;;;;;;;
;;;;;;;;;;;;;;;;;;;;;
;;;;;;;;;;;;;;;;;;;;;
;;;;;;;;;;;;;;;;;;;;;
;;;;;;;;;;;;;;;;;;;;;
;;;;;;;;;;;;;;;;;;;;;
;;;;;;;;;;;;;;;;;;;;;
;;;;;;;;;;;;;;;;;;;;;
;;;;;;;;;;;;;;;;;;;;;
;;;;;;;;;;;;;;;;;;;;;
;;;;;;;;;;;;;;;;;;;;;
;;;;;;;;;;;;;;;;;;;;;
;;;;;;;;;;;;;;;;;;;;;
;;;;;;;;;;;;;;;;;;;;;
;;;;;;;;;;;;;;;;;;;;;
;;;;;;;;;;;;;;;;;;;;;
;;;;;;;;;;;;;;;;;;;;;
;;;;;;;;;;;;;;;;;;;;;
;;;;;;;;;;;;;;;;;;;;;
;;;;;;;;;;;;;;;;;;;;;
;;;;;;;;;;;;;;;;;;;;;
;;;;;;;;;;;;;;;;;;;;;
;;;;;;;;;;;;;;;;;;;;;
;;;;;;;;;;;;;;;;;;;;;
;;;;;;;;;;;;;;;;;;;;;
;;;;;;;;;;;;;;;;;;;;;
;;;;;;;;;;;;;;;;;;;;;
;;;;;;;;;;;;;;;;;;;;;
;;;;;;;;;;;;;;;;;;;;;
;;;;;;;;;;;;;;;;;;;;;
;;;;;;;;;;;;;;;;;;;;;
;;;;;;;;;;;;;;;;;;;;;
;;;;;;;;;;;;;;;;;;;;;
;;;;;;;;;;;;;;;;;;;;;
;;;;;;;;;;;;;;;;;;;;;
;;;;;;;;;;;;;;;;;;;;;
;;;;;;;;;;;;;;;;;;;;;
;;;;;;;;;;;;;;;;;;;;;
;;;;;;;;;;;;;;;;;;;;;
;;;;;;;;;;;;;;;;;;;;;
;;;;;;;;;;;;;;;;;;;;;
;;;;;;;;;;;;;;;;;;;;;
;;;;;;;;;;;;;;;;;;;;;
;;;;;;;;;;;;;;;;;;;;;
;;;;;;;;;;;;;;;;;;;;;
;;;;;;;;;;;;;;;;;;;;;
;;;;;;;;;;;;;;;;;;;;;
;;;;;;;;;;;;;;;;;;;;;
;;;;;;;;;;;;;;;;;;;;;
;;;;;;;;;;;;;;;;;;;;;
;;;;;;;;;;;;;;;;;;;;;
;;;;;;;;;;;;;;;;;;;;;
;;;;;;;;;;;;;;;;;;;;;
;;;;;;;;;;;;;;;;;;;;;
;;;;;;;;;;;;;;;;;;;;;
;;;;;;;;;;;;;;;;;;;;;
;;;;;;;;;;;;;;;;;;;;;
;;;;;;;;;;;;;;;;;;;;;
;;;;;;;;;;;;;;;;;;;;;
;;;;;;;;;;;;;;;;;;;;;
;;;;;;;;;;;;;;;;;;;;;
;;;;;;;;;;;;;;;;;;;;;
;;;;;;;;;;;;;;;;;;;;;
;;;;;;;;;;;;;;;;;;;;;
;;;;;;;;;;;;;;;;;;;;;
;;;;;;;;;;;;;;;;;;;;;
;;;;;;;;;;;;;;;;;;;;;
;;;;;;;;;;;;;;;;;;;;;
;;;;;;;;;;;;;;;;;;;;;
;;;;;;;;;;;;;;;;;;;;;
;;;;;;;;;;;;;;;;;;;;;
;;;;;;;;;;;;;;;;;;;;;
;;;;;;;;;;;;;;;;;;;;;
;;;;;;;;;;;;;;;;;;;;;
;;;;;;;;;;;;;;;;;;;;;
;;;;;;;;;;;;;;;;;;;;;
;;;;;;;;;;;;;;;;;;;;;
;;;;;;;;;;;;;;;;;;;;;
;;;;;;;;;;;;;;;;;;;;;
;;;;;;;;;;;;;;;;;;;;;
;;;;;;;;;;;;;;;;;;;;;
;;;;;;;;;;;;;;;;;;;;;
;;;;;;;;;;;;;;;;;;;;;
;;;;;;;;;;;;;;;;;;;;;
;;;;;;;;;;;;;;;;;;;;;
;;;;;;;;;;;;;;;;;;;;;
;;;;;;;;;;;;;;;;;;;;;
;;;;;;;;;;;;;;;;;;;;;
;;;;;;;;;;;;;;;;;;;;;
;;;;;;;;;;;;;;;;;;;;;
;;;;;;;;;;;;;;;;;;;;;
;;;;;;;;;;;;;;;;;;;;;
;;;;;;;;;;;;;;;;;;;;;
;;;;;;;;;;;;;;;;;;;;;
;;;;;;;;;;;;;;;;;;;;;
;;;;;;;;;;;;;;;;;;;;;
;;;;;;;;;;;;;;;;;;;;;
;;;;;;;;;;;;;;;;;;;;;
;;;;;;;;;;;;;;;;;;;;;
;;;;;;;;;;;;;;;;;;;;;
;;;;;;;;;;;;;;;;;;;;;
;;;;;;;;;;;;;;;;;;;;;
;;;;;;;;;;;;;;;;;;;;;
;;;;;;;;;;;;;;;;;;;;;
;;;;;;;;;;;;;;;;;;;;;
;;;;;;;;;;;;;;;;;;;;;
;;;;;;;;;;;;;;;;;;;;;
;;;;;;;;;;;;;;;;;;;;;
;;;;;;;;;;;;;;;;;;;;;
;;;;;;;;;;;;;;;;;;;;;
;;;;;;;;;;;;;;;;;;;;;
;;;;;;;;;;;;;;;;;;;;;
;;;;;;;;;;;;;;;;;;;;;
;;;;;;;;;;;;;;;;;;;;;
;;;;;;;;;;;;;;;;;;;;;
;;;;;;;;;;;;;;;;;;;;;
;;;;;;;;;;;;;;;;;;;;;
;;;;;;;;;;;;;;;;;;;;;
;;;;;;;;;;;;;;;;;;;;;
;;;;;;;;;;;;;;;;;;;;;
;;;;;;;;;;;;;;;;;;;;;
;;;;;;;;;;;;;;;;;;;;;
;;;;;;;;;;;;;;;;;;;;;
;;;;;;;;;;;;;;;;;;;;;
;;;;;;;;;;;;;;;;;;;;;
;;;;;;;;;;;;;;;;;;;;;
;;;;;;;;;;;;;;;;;;;;;
;;;;;;;;;;;;;;;;;;;;;
;;;;;;;;;;;;;;;;;;;;;
;;;;;;;;;;;;;;;;;;;;;
;;;;;;;;;;;;;;;;;;;;;
;;;;;;;;;;;;;;;;;;;;;
;;;;;;;;;;;;;;;;;;;;;
;;;;;;;;;;;;;;;;;;;;;
;;;;;;;;;;;;;;;;;;;;;
;;;;;;;;;;;;;;;;;;;;;
;;;;;;;;;;;;;;;;;;;;;
;;;;;;;;;;;;;;;;;;;;;
;;;;;;;;;;;;;;;;;;;;;
;;;;;;;;;;;;;;;;;;;;;
;;;;;;;;;;;;;;;;;;;;;
;;;;;;;;;;;;;;;;;;;;;
;;;;;;;;;;;;;;;;;;;;;
;;;;;;;;;;;;;;;;;;;;;
;;;;;;;;;;;;;;;;;;;;;
;;;;;;;;;;;;;;;;;;;;;
;;;;;;;;;;;;;;;;;;;;;
;;;;;;;;;;;;;;;;;;;;;
;;;;;;;;;;;;;;;;;;;;;
;;;;;;;;;;;;;;;;;;;;;
;;;;;;;;;;;;;;;;;;;;;
;;;;;;;;;;;;;;;;;;;;;
;;;;;;;;;;;;;;;;;;;;;
;;;;;;;;;;;;;;;;;;;;;
;;;;;;;;;;;;;;;;;;;;;
;;;;;;;;;;;;;;;;;;;;;
;;;;;;;;;;;;;;;;;;;;;
;;;;;;;;;;;;;;;;;;;;;
;;;;;;;;;;;;;;;;;;;;;
;;;;;;;;;;;;;;;;;;;;;
;;;;;;;;;;;;;;;;;;;;;
;;;;;;;;;;;;;;;;;;;;;
;;;;;;;;;;;;;;;;;;;;;
;;;;;;;;;;;;;;;;;;;;;
;;;;;;;;;;;;;;;;;;;;;
;;;;;;;;;;;;;;;;;;;;;
;;;;;;;;;;;;;;;;;;;;;
;;;;;;;;;;;;;;;;;;;;;
;;;;;;;;;;;;;;;;;;;;;
;;;;;;;;;;;;;;;;;;;;;
;;;;;;;;;;;;;;;;;;;;;
;;;;;;;;;;;;;;;;;;;;;
;;;;;;;;;;;;;;;;;;;;;
;;;;;;;;;;;;;;;;;;;;;
;;;;;;;;;;;;;;;;;;;;;
;;;;;;;;;;;;;;;;;;;;;
;;;;;;;;;;;;;;;;;;;;;
;;;;;;;;;;;;;;;;;;;;;
;;;;;;;;;;;;;;;;;;;;;
;;;;;;;;;;;;;;;;;;;;;
;;;;;;;;;;;;;;;;;;;;;
;;;;;;;;;;;;;;;;;;;;;
;;;;;;;;;;;;;;;;;;;;;
;;;;;;;;;;;;;;;;;;;;;
;;;;;;;;;;;;;;;;;;;;;
;;;;;;;;;;;;;;;;;;;;;
;;;;;;;;;;;;;;;;;;;;;
;;;;;;;;;;;;;;;;;;;;;
;;;;;;;;;;;;;;;;;;;;;
;;;;;;;;;;;;;;;;;;;;;
;;;;;;;;;;;;;;;;;;;;;
;;;;;;;;;;;;;;;;;;;;;
;;;;;;;;;;;;;;;;;;;;;
;;;;;;;;;;;;;;;;;;;;;
;;;;;;;;;;;;;;;;;;;;;
;;;;;;;;;;;;;;;;;;;;;
;;;;;;;;;;;;;;;;;;;;;
;;;;;;;;;;;;;;;;;;;;;
;;;;;;;;;;;;;;;;;;;;;
;;;;;;;;;;;;;;;;;;;;;
;;;;;;;;;;;;;;;;;;;;;
;;;;;;;;;;;;;;;;;;;;;
;;;;;;;;;;;;;;;;;;;;;
;;;;;;;;;;;;;;;;;;;;;
;;;;;;;;;;;;;;;;;;;;;
;;;;;;;;;;;;;;;;;;;;;
;;;;;;;;;;;;;;;;;;;;;
;;;;;;;;;;;;;;;;;;;;;
;;;;;;;;;;;;;;;;;;;;;
;;;;;;;;;;;;;;;;;;;;;
;;;;;;;;;;;;;;;;;;;;;
;;;;;;;;;;;;;;;;;;;;;
;;;;;;;;;;;;;;;;;;;;;
;;;;;;;;;;;;;;;;;;;;;
;;;;;;;;;;;;;;;;;;;;;
;;;;;;;;;;;;;;;;;;;;;
;;;;;;;;;;;;;;;;;;;;;
;;;;;;;;;;;;;;;;;;;;;
;;;;;;;;;;;;;;;;;;;;;
;;;;;;;;;;;;;;;;;;;;;
;;;;;;;;;;;;;;;;;;;;;
;;;;;;;;;;;;;;;;;;;;;
;;;;;;;;;;;;;;;;;;;;;
;;;;;;;;;;;;;;;;;;;;;
;;;;;;;;;;;;;;;;;;;;;
;;;;;;;;;;;;;;;;;;;;;
;;;;;;;;;;;;;;;;;;;;;
;;;;;;;;;;;;;;;;;;;;;
;;;;;;;;;;;;;;;;;;;;;
;;;;;;;;;;;;;;;;;;;;;
;;;;;;;;;;;;;;;;;;;;;
;;;;;;;;;;;;;;;;;;;;;
;;;;;;;;;;;;;;;;;;;;;
;;;;;;;;;;;;;;;;;;;;;
;;;;;;;;;;;;;;;;;;;;;
;;;;;;;;;;;;;;;;;;;;;
;;;;;;;;;;;;;;;;;;;;;
;;;;;;;;;;;;;;;;;;;;;
;;;;;;;;;;;;;;;;;;;;;
;;;;;;;;;;;;;;;;;;;;;
;;;;;;;;;;;;;;;;;;;;;
;;;;;;;;;;;;;;;;;;;;;
;;;;;;;;;;;;;;;;;;;;;
;;;;;;;;;;;;;;;;;;;;;
;;;;;;;;;;;;;;;;;;;;;
;;;;;;;;;;;;;;;;;;;;;
;;;;;;;;;;;;;;;;;;;;;
;;;;;;;;;;;;;;;;;;;;;
;;;;;;;;;;;;;;;;;;;;;
;;;;;;;;;;;;;;;;;;;;;
;;;;;;;;;;;;;;;;;;;;;
;;;;;;;;;;;;;;;;;;;;;
;;;;;;;;;;;;;;;;;;;;;
;;;;;;;;;;;;;;;;;;;;;
;;;;;;;;;;;;;;;;;;;;;
;;;;;;;;;;;;;;;;;;;;;
;;;;;;;;;;;;;;;;;;;;;
;;;;;;;;;;;;;;;;;;;;;
;;;;;;;;;;;;;;;;;;;;;
;;;;;;;;;;;;;;;;;;;;;
;;;;;;;;;;;;;;;;;;;;;
;;;;;;;;;;;;;;;;;;;;;
;;;;;;;;;;;;;;;;;;;;;
;;;;;;;;;;;;;;;;;;;;;
;;;;;;;;;;;;;;;;;;;;;
;;;;;;;;;;;;;;;;;;;;;
;;;;;;;;;;;;;;;;;;;;;
;;;;;;;;;;;;;;;;;;;;;
;;;;;;;;;;;;;;;;;;;;;
;;;;;;;;;;;;;;;;;;;;;
;;;;;;;;;;;;;;;;;;;;;
;;;;;;;;;;;;;;;;;;;;;
;;;;;;;;;;;;;;;;;;;;;
;;;;;;;;;;;;;;;;;;;;;
;;;;;;;;;;;;;;;;;;;;;
;;;;;;;;;;;;;;;;;;;;;
;;;;;;;;;;;;;;;;;;;;;
;;;;;;;;;;;;;;;;;;;;;
;;;;;;;;;;;;;;;;;;;;;
;;;;;;;;;;;;;;;;;;;;;
;;;;;;;;;;;;;;;;;;;;;
;;;;;;;;;;;;;;;;;;;;;
;;;;;;;;;;;;;;;;;;;;;
;;;;;;;;;;;;;;;;;;;;;
;;;;;;;;;;;;;;;;;;;;;
;;;;;;;;;;;;;;;;;;;;;
;;;;;;;;;;;;;;;;;;;;;
;;;;;;;;;;;;;;;;;;;;;
;;;;;;;;;;;;;;;;;;;;;
;;;;;;;;;;;;;;;;;;;;;
;;;;;;;;;;;;;;;;;;;;;
;;;;;;;;;;;;;;;;;;;;;
;;;;;;;;;;;;;;;;;;;;;
;;;;;;;;;;;;;;;;;;;;;
;;;;;;;;;;;;;;;;;;;;;
;;;;;;;;;;;;;;;;;;;;;
;;;;;;;;;;;;;;;;;;;;;
;;;;;;;;;;;;;;;;;;;;;
;;;;;;;;;;;;;;;;;;;;;
;;;;;;;;;;;;;;;;;;;;;
;;;;;;;;;;;;;;;;;;;;;
;;;;;;;;;;;;;;;;;;;;;
;;;;;;;;;;;;;;;;;;;;;
;;;;;;;;;;;;;;;;;;;;;
;;;;;;;;;;;;;;;;;;;;;
;;;;;;;;;;;;;;;;;;;;;
;;;;;;;;;;;;;;;;;;;;;
;;;;;;;;;;;;;;;;;;;;;
;;;;;;;;;;;;;;;;;;;;;
;;;;;;;;;;;;;;;;;;;;;
;;;;;;;;;;;;;;;;;;;;;
;;;;;;;;;;;;;;;;;;;;;
;;;;;;;;;;;;;;;;;;;;;
;;;;;;;;;;;;;;;;;;;;;
;;;;;;;;;;;;;;;;;;;;;
;;;;;;;;;;;;;;;;;;;;;
;;;;;;;;;;;;;;;;;;;;;
;;;;;;;;;;;;;;;;;;;;;
;;;;;;;;;;;;;;;;;;;;;
;;;;;;;;;;;;;;;;;;;;;
;;;;;;;;;;;;;;;;;;;;;
;;;;;;;;;;;;;;;;;;;;;
;;;;;;;;;;;;;;;;;;;;;
;;;;;;;;;;;;;;;;;;;;;
;;;;;;;;;;;;;;;;;;;;;
;;;;;;;;;;;;;;;;;;;;;
;;;;;;;;;;;;;;;;;;;;;
;;;;;;;;;;;;;;;;;;;;;
;;;;;;;;;;;;;;;;;;;;;
;;;;;;;;;;;;;;;;;;;;;
;;;;;;;;;;;;;;;;;;;;;
;;;;;;;;;;;;;;;;;;;;;
;;;;;;;;;;;;;;;;;;;;;
;;;;;;;;;;;;;;;;;;;;;
;;;;;;;;;;;;;;;;;;;;;
;;;;;;;;;;;;;;;;;;;;;
;;;;;;;;;;;;;;;;;;;;;
;;;;;;;;;;;;;;;;;;;;;
;;;;;;;;;;;;;;;;;;;;;
;;;;;;;;;;;;;;;;;;;;;
;;;;;;;;;;;;;;;;;;;;;
;;;;;;;;;;;;;;;;;;;;;
;;;;;;;;;;;;;;;;;;;;;
;;;;;;;;;;;;;;;;;;;;;
;;;;;;;;;;;;;;;;;;;;;
;;;;;;;;;;;;;;;;;;;;;
;;;;;;;;;;;;;;;;;;;;;
;;;;;;;;;;;;;;;;;;;;;
;;;;;;;;;;;;;;;;;;;;;
;;;;;;;;;;;;;;;;;;;;;
;;;;;;;;;;;;;;;;;;;;;
;;;;;;;;;;;;;;;;;;;;;
;;;;;;;;;;;;;;;;;;;;;
;;;;;;;;;;;;;;;;;;;;;
;;;;;;;;;;;;;;;;;;;;;
;;;;;;;;;;;;;;;;;;;;;
;;;;;;;;;;;;;;;;;;;;;
;;;;;;;;;;;;;;;;;;;;;
;;;;;;;;;;;;;;;;;;;;;
;;;;;;;;;;;;;;;;;;;;;
;;;;;;;;;;;;;;;;;;;;;
;;;;;;;;;;;;;;;;;;;;;
;;;;;;;;;;;;;;;;;;;;;
;;;;;;;;;;;;;;;;;;;;;
;;;;;;;;;;;;;;;;;;;;;
;;;;;;;;;;;;;;;;;;;;;
;;;;;;;;;;;;;;;;;;;;;
;;;;;;;;;;;;;;;;;;;;;
;;;;;;;;;;;;;;;;;;;;;
;;;;;;;;;;;;;;;;;;;;;
;;;;;;;;;;;;;;;;;;;;;
;;;;;;;;;;;;;;;;;;;;;
;;;;;;;;;;;;;;;;;;;;;
;;;;;;;;;;;;;;;;;;;;;
;;;;;;;;;;;;;;;;;;;;;
;;;;;;;;;;;;;;;;;;;;;
;;;;;;;;;;;;;;;;;;;;;
;;;;;;;;;;;;;;;;;;;;;
;;;;;;;;;;;;;;;;;;;;;
;;;;;;;;;;;;;;;;;;;;;
;;;;;;;;;;;;;;;;;;;;;
;;;;;;;;;;;;;;;;;;;;;
;;;;;;;;;;;;;;;;;;;;;
;;;;;;;;;;;;;;;;;;;;;
;;;;;;;;;;;;;;;;;;;;;
;;;;;;;;;;;;;;;;;;;;;
;;;;;;;;;;;;;;;;;;;;;
;;;;;;;;;;;;;;;;;;;;;
;;;;;;;;;;;;;;;;;;;;;
;;;;;;;;;;;;;;;;;;;;;
;;;;;;;;;;;;;;;;;;;;;
;;;;;;;;;;;;;;;;;;;;;
;;;;;;;;;;;;;;;;;;;;;
;;;;;;;;;;;;;;;;;;;;;
;;;;;;;;;;;;;;;;;;;;;
;;;;;;;;;;;;;;;;;;;;;
;;;;;;;;;;;;;;;;;;;;;
;;;;;;;;;;;;;;;;;;;;;
;;;;;;;;;;;;;;;;;;;;;
;;;;;;;;;;;;;;;;;;;;;
;;;;;;;;;;;;;;;;;;;;;
;;;;;;;;;;;;;;;;;;;;;
;;;;;;;;;;;;;;;;;;;;;
;;;;;;;;;;;;;;;;;;;;;
;;;;;;;;;;;;;;;;;;;;;
;;;;;;;;;;;;;;;;;;;;;
;;;;;;;;;;;;;;;;;;;;;
;;;;;;;;;;;;;;;;;;;;;
;;;;;;;;;;;;;;;;;;;;;
;;;;;;;;;;;;;;;;;;;;;
;;;;;;;;;;;;;;;;;;;;;
;;;;;;;;;;;;;;;;;;;;;
;;;;;;;;;;;;;;;;;;;;;
;;;;;;;;;;;;;;;;;;;;;
;;;;;;;;;;;;;;;;;;;;;
;;;;;;;;;;;;;;;;;;;;;
;;;;;;;;;;;;;;;;;;;;;
;;;;;;;;;;;;;;;;;;;;;
;;;;;;;;;;;;;;;;;;;;;
;;;;;;;;;;;;;;;;;;;;;
;;;;;;;;;;;;;;;;;;;;;
;;;;;;;;;;;;;;;;;;;;;
;;;;;;;;;;;;;;;;;;;;;
;;;;;;;;;;;;;;;;;;;;;
;;;;;;;;;;;;;;;;;;;;;
;;;;;;;;;;;;;;;;;;;;;
;;;;;;;;;;;;;;;;;;;;;
;;;;;;;;;;;;;;;;;;;;;
;;;;;;;;;;;;;;;;;;;;;
;;;;;;;;;;;;;;;;;;;;;
;;;;;;;;;;;;;;;;;;;;;
;;;;;;;;;;;;;;;;;;;;;
;;;;;;;;;;;;;;;;;;;;;
;;;;;;;;;;;;;;;;;;;;;
;;;;;;;;;;;;;;;;;;;;;
;;;;;;;;;;;;;;;;;;;;;
;;;;;;;;;;;;;;;;;;;;;
;;;;;;;;;;;;;;;;;;;;;
;;;;;;;;;;;;;;;;;;;;;
;;;;;;;;;;;;;;;;;;;;;
;;;;;;;;;;;;;;;;;;;;;
;;;;;;;;;;;;;;;;;;;;;
;;;;;;;;;;;;;;;;;;;;;
;;;;;;;;;;;;;;;;;;;;;
;;;;;;;;;;;;;;;;;;;;;
;;;;;;;;;;;;;;;;;;;;;
;;;;;;;;;;;;;;;;;;;;;
;;;;;;;;;;;;;;;;;;;;;
;;;;;;;;;;;;;;;;;;;;;
;;;;;;;;;;;;;;;;;;;;;
;;;;;;;;;;;;;;;;;;;;;
;;;;;;;;;;;;;;;;;;;;;
;;;;;;;;;;;;;;;;;;;;;
;;;;;;;;;;;;;;;;;;;;;
;;;;;;;;;;;;;;;;;;;;;
;;;;;;;;;;;;;;;;;;;;;
;;;;;;;;;;;;;;;;;;;;;
;;;;;;;;;;;;;;;;;;;;;
;;;;;;;;;;;;;;;;;;;;;
;;;;;;;;;;;;;;;;;;;;;
;;;;;;;;;;;;;;;;;;;;;
;;;;;;;;;;;;;;;;;;;;;
;;;;;;;;;;;;;;;;;;;;;
;;;;;;;;;;;;;;;;;;;;;
;;;;;;;;;;;;;;;;;;;;;
;;;;;;;;;;;;;;;;;;;;;
;;;;;;;;;;;;;;;;;;;;;
;;;;;;;;;;;;;;;;;;;;;
;;;;;;;;;;;;;;;;;;;;;
;;;;;;;;;;;;;;;;;;;;;
;;;;;;;;;;;;;;;;;;;;;
;;;;;;;;;;;;;;;;;;;;;
;;;;;;;;;;;;;;;;;;;;;
;;;;;;;;;;;;;;;;;;;;;
;;;;;;;;;;;;;;;;;;;;;
;;;;;;;;;;;;;;;;;;;;;
;;;;;;;;;;;;;;;;;;;;;
;;;;;;;;;;;;;;;;;;;;;
;;;;;;;;;;;;;;;;;;;;;
;;;;;;;;;;;;;;;;;;;;;
;;;;;;;;;;;;;;;;;;;;;
;;;;;;;;;;;;;;;;;;;;;
;;;;;;;;;;;;;;;;;;;;;
;;;;;;;;;;;;;;;;;;;;;
;;;;;;;;;;;;;;;;;;;;;
;;;;;;;;;;;;;;;;;;;;;
;;;;;;;;;;;;;;;;;;;;;
;;;;;;;;;;;;;;;;;;;;;
;;;;;;;;;;;;;;;;;;;;;
;;;;;;;;;;;;;;;;;;;;;
;;;;;;;;;;;;;;;;;;;;;
;;;;;;;;;;;;;;;;;;;;;
;;;;;;;;;;;;;;;;;;;;;
;;;;;;;;;;;;;;;;;;;;;
;;;;;;;;;;;;;;;;;;;;;
;;;;;;;;;;;;;;;;;;;;;
;;;;;;;;;;;;;;;;;;;;;
;;;;;;;;;;;;;;;;;;;;;
;;;;;;;;;;;;;;;;;;;;;
;;;;;;;;;;;;;;;;;;;;;
;;;;;;;;;;;;;;;;;;;;;
;;;;;;;;;;;;;;;;;;;;;
;;;;;;;;;;;;;;;;;;;;;
;;;;;;;;;;;;;;;;;;;;;
;;;;;;;;;;;;;;;;;;;;;
;;;;;;;;;;;;;;;;;;;;;
;;;;;;;;;;;;;;;;;;;;;
;;;;;;;;;;;;;;;;;;;;;
;;;;;;;;;;;;;;;;;;;;;
;;;;;;;;;;;;;;;;;;;;;
;;;;;;;;;;;;;;;;;;;;;
;;;;;;;;;;;;;;;;;;;;;
;;;;;;;;;;;;;;;;;;;;;
;;;;;;;;;;;;;;;;;;;;;
;;;;;;;;;;;;;;;;;;;;;
;;;;;;;;;;;;;;;;;;;;;
;;;;;;;;;;;;;;;;;;;;;
;;;;;;;;;;;;;;;;;;;;;
;;;;;;;;;;;;;;;;;;;;;
;;;;;;;;;;;;;;;;;;;;;
;;;;;;;;;;;;;;;;;;;;;
;;;;;;;;;;;;;;;;;;;;;
;;;;;;;;;;;;;;;;;;;;;
;;;;;;;;;;;;;;;;;;;;;
;;;;;;;;;;;;;;;;;;;;;
;;;;;;;;;;;;;;;;;;;;;
;;;;;;;;;;;;;;;;;;;;;
;;;;;;;;;;;;;;;;;;;;;
;;;;;;;;;;;;;;;;;;;;;
;;;;;;;;;;;;;;;;;;;;;
;;;;;;;;;;;;;;;;;;;;;
;;;;;;;;;;;;;;;;;;;;;
;;;;;;;;;;;;;;;;;;;;;
;;;;;;;;;;;;;;;;;;;;;
;;;;;;;;;;;;;;;;;;;;;
;;;;;;;;;;;;;;;;;;;;;
;;;;;;;;;;;;;;;;;;;;;
;;;;;;;;;;;;;;;;;;;;;
;;;;;;;;;;;;;;;;;;;;;
;;;;;;;;;;;;;;;;;;;;;
;;;;;;;;;;;;;;;;;;;;;
;;;;;;;;;;;;;;;;;;;;;
;;;;;;;;;;;;;;;;;;;;;
;;;;;;;;;;;;;;;;;;;;;
;;;;;;;;;;;;;;;;;;;;;
;;;;;;;;;;;;;;;;;;;;;
;;;;;;;;;;;;;;;;;;;;;
;;;;;;;;;;;;;;;;;;;;;
;;;;;;;;;;;;;;;;;;;;;
;;;;;;;;;;;;;;;;;;;;;
;;;;;;;;;;;;;;;;;;;;;
;;;;;;;;;;;;;;;;;;;;;
;;;;;;;;;;;;;;;;;;;;;
;;;;;;;;;;;;;;;;;;;;;
;;;;;;;;;;;;;;;;;;;;;
;;;;;;;;;;;;;;;;;;;;;
;;;;;;;;;;;;;;;;;;;;;
;;;;;;;;;;;;;;;;;;;;;
;;;;;;;;;;;;;;;;;;;;;
;;;;;;;;;;;;;;;;;;;;;
;;;;;;;;;;;;;;;;;;;;;
;;;;;;;;;;;;;;;;;;;;;
;;;;;;;;;;;;;;;;;;;;;
;;;;;;;;;;;;;;;;;;;;;
;;;;;;;;;;;;;;;;;;;;;
;;;;;;;;;;;;;;;;;;;;;
;;;;;;;;;;;;;;;;;;;;;
;;;;;;;;;;;;;;;;;;;;;
;;;;;;;;;;;;;;;;;;;;;
;;;;;;;;;;;;;;;;;;;;;
;;;;;;;;;;;;;;;;;;;;;
;;;;;;;;;;;;;;;;;;;;;
;;;;;;;;;;;;;;;;;;;;;
;;;;;;;;;;;;;;;;;;;;;
;;;;;;;;;;;;;;;;;;;;;
;;;;;;;;;;;;;;;;;;;;;
;;;;;;;;;;;;;;;;;;;;;
;;;;;;;;;;;;;;;;;;;;;
;;;;;;;;;;;;;;;;;;;;;
;;;;;;;;;;;;;;;;;;;;;
;;;;;;;;;;;;;;;;;;;;;
;;;;;;;;;;;;;;;;;;;;;
;;;;;;;;;;;;;;;;;;;;;
;;;;;;;;;;;;;;;;;;;;;
;;;;;;;;;;;;;;;;;;;;;
;;;;;;;;;;;;;;;;;;;;;
;;;;;;;;;;;;;;;;;;;;;
;;;;;;;;;;;;;;;;;;;;;
;;;;;;;;;;;;;;;;;;;;;
;;;;;;;;;;;;;;;;;;;;;
;;;;;;;;;;;;;;;;;;;;;
;;;;;;;;;;;;;;;;;;;;;
;;;;;;;;;;;;;;;;;;;;;
;;;;;;;;;;;;;;;;;;;;;
;;;;;;;;;;;;;;;;;;;;;
;;;;;;;;;;;;;;;;;;;;;
;;;;;;;;;;;;;;;;;;;;;
;;;;;;;;;;;;;;;;;;;;;
;;;;;;;;;;;;;;;;;;;;;
;;;;;;;;;;;;;;;;;;;;;
;;;;;;;;;;;;;;;;;;;;;
;;;;;;;;;;;;;;;;;;;;;
;;;;;;;;;;;;;;;;;;;;;
;;;;;;;;;;;;;;;;;;;;;
;;;;;;;;;;;;;;;;;;;;;
;;;;;;;;;;;;;;;;;;;;;
;;;;;;;;;;;;;;;;;;;;;
;;;;;;;;;;;;;;;;;;;;;
;;;;;;;;;;;;;;;;;;;;;
;;;;;;;;;;;;;;;;;;;;;
;;;;;;;;;;;;;;;;;;;;;
;;;;;;;;;;;;;;;;;;;;;
;;;;;;;;;;;;;;;;;;;;;
;;;;;;;;;;;;;;;;;;;;;
;;;;;;;;;;;;;;;;;;;;;
;;;;;;;;;;;;;;;;;;;;;
;;;;;;;;;;;;;;;;;;;;;
;;;;;;;;;;;;;;;;;;;;;
;;;;;;;;;;;;;;;;;;;;;
;;;;;;;;;;;;;;;;;;;;;
;;;;;;;;;;;;;;;;;;;;;
;;;;;;;;;;;;;;;;;;;;;
;;;;;;;;;;;;;;;;;;;;;
;;;;;;;;;;;;;;;;;;;;;
;;;;;;;;;;;;;;;;;;;;;
;;;;;;;;;;;;;;;;;;;;;
;;;;;;;;;;;;;;;;;;;;;
;;;;;;;;;;;;;;;;;;;;;
;;;;;;;;;;;;;;;;;;;;;
;;;;;;;;;;;;;;;;;;;;;
;;;;;;;;;;;;;;;;;;;;;
;;;;;;;;;;;;;;;;;;;;;
;;;;;;;;;;;;;;;;;;;;;
;;;;;;;;;;;;;;;;;;;;;
;;;;;;;;;;;;;;;;;;;;;
;;;;;;;;;;;;;;;;;;;;;
;;;;;;;;;;;;;;;;;;;;;
;;;;;;;;;;;;;;;;;;;;;
;;;;;;;;;;;;;;;;;;;;;
;;;;;;;;;;;;;;;;;;;;;
;;;;;;;;;;;;;;;;;;;;;
;;;;;;;;;;;;;;;;;;;;;
;;;;;;;;;;;;;;;;;;;;;
;;;;;;;;;;;;;;;;;;;;;
;;;;;;;;;;;;;;;;;;;;;
;;;;;;;;;;;;;;;;;;;;;
;;;;;;;;;;;;;;;;;;;;;
;;;;;;;;;;;;;;;;;;;;;
;;;;;;;;;;;;;;;;;;;;;
;;;;;;;;;;;;;;;;;;;;;
;;;;;;;;;;;;;;;;;;;;;
;;;;;;;;;;;;;;;;;;;;;
;;;;;;;;;;;;;;;;;;;;;
;;;;;;;;;;;;;;;;;;;;;
;;;;;;;;;;;;;;;;;;;;;
;;;;;;;;;;;;;;;;;;;;;
;;;;;;;;;;;;;;;;;;;;;
;;;;;;;;;;;;;;;;;;;;;
;;;;;;;;;;;;;;;;;;;;;
;;;;;;;;;;;;;;;;;;;;;
;;;;;;;;;;;;;;;;;;;;;
;;;;;;;;;;;;;;;;;;;;;
;;;;;;;;;;;;;;;;;;;;;
;;;;;;;;;;;;;;;;;;;;;
;;;;;;;;;;;;;;;;;;;;;
;;;;;;;;;;;;;;;;;;;;;
;;;;;;;;;;;;;;;;;;;;;
;;;;;;;;;;;;;;;;;;;;;
;;;;;;;;;;;;;;;;;;;;;
;;;;;;;;;;;;;;;;;;;;;
;;;;;;;;;;;;;;;;;;;;;
;;;;;;;;;;;;;;;;;;;;;
;;;;;;;;;;;;;;;;;;;;;
;;;;;;;;;;;;;;;;;;;;;
;;;;;;;;;;;;;;;;;;;;;
;;;;;;;;;;;;;;;;;;;;;
;;;;;;;;;;;;;;;;;;;;;
;;;;;;;;;;;;;;;;;;;;;
;;;;;;;;;;;;;;;;;;;;;
;;;;;;;;;;;;;;;;;;;;;
;;;;;;;;;;;;;;;;;;;;;
;;;;;;;;;;;;;;;;;;;;;
;;;;;;;;;;;;;;;;;;;;;
;;;;;;;;;;;;;;;;;;;;;
;;;;;;;;;;;;;;;;;;;;;
;;;;;;;;;;;;;;;;;;;;;
;;;;;;;;;;;;;;;;;;;;;
;;;;;;;;;;;;;;;;;;;;;
;;;;;;;;;;;;;;;;;;;;;
;;;;;;;;;;;;;;;;;;;;;
;;;;;;;;;;;;;;;;;;;;;
;;;;;;;;;;;;;;;;;;;;;
;;;;;;;;;;;;;;;;;;;;;
;;;;;;;;;;;;;;;;;;;;;
;;;;;;;;;;;;;;;;;;;;;
;;;;;;;;;;;;;;;;;;;;;
;;;;;;;;;;;;;;;;;;;;;
;;;;;;;;;;;;;;;;;;;;;
;;;;;;;;;;;;;;;;;;;;;
;;;;;;;;;;;;;;;;;;;;;
;;;;;;;;;;;;;;;;;;;;;
;;;;;;;;;;;;;;;;;;;;;
;;;;;;;;;;;;;;;;;;;;;
;;;;;;;;;;;;;;;;;;;;;
;;;;;;;;;;;;;;;;;;;;;
;;;;;;;;;;;;;;;;;;;;;
;;;;;;;;;;;;;;;;;;;;;
;;;;;;;;;;;;;;;;;;;;;
;;;;;;;;;;;;;;;;;;;;;
;;;;;;;;;;;;;;;;;;;;;
;;;;;;;;;;;;;;;;;;;;;
;;;;;;;;;;;;;;;;;;;;;
;;;;;;;;;;;;;;;;;;;;;
;;;;;;;;;;;;;;;;;;;;;
;;;;;;;;;;;;;;;;;;;;;
;;;;;;;;;;;;;;;;;;;;;
;;;;;;;;;;;;;;;;;;;;;
;;;;;;;;;;;;;;;;;;;;;
;;;;;;;;;;;;;;;;;;;;;
;;;;;;;;;;;;;;;;;;;;;
;;;;;;;;;;;;;;;;;;;;;
;;;;;;;;;;;;;;;;;;;;;
;;;;;;;;;;;;;;;;;;;;;
;;;;;;;;;;;;;;;;;;;;;
;;;;;;;;;;;;;;;;;;;;;
;;;;;;;;;;;;;;;;;;;;;
;;;;;;;;;;;;;;;;;;;;;
;;;;;;;;;;;;;;;;;;;;;
;;;;;;;;;;;;;;;;;;;;;
;;;;;;;;;;;;;;;;;;;;;
;;;;;;;;;;;;;;;;;;;;;
;;;;;;;;;;;;;;;;;;;;;
;;;;;;;;;;;;;;;;;;;;;
;;;;;;;;;;;;;;;;;;;;;
;;;;;;;;;;;;;;;;;;;;;
;;;;;;;;;;;;;;;;;;;;;
;;;;;;;;;;;;;;;;;;;;;
;;;;;;;;;;;;;;;;;;;;;
;;;;;;;;;;;;;;;;;;;;;
;;;;;;;;;;;;;;;;;;;;;
;;;;;;;;;;;;;;;;;;;;;
;;;;;;;;;;;;;;;;;;;;;
;;;;;;;;;;;;;;;;;;;;;
;;;;;;;;;;;;;;;;;;;;;
;;;;;;;;;;;;;;;;;;;;;
;;;;;;;;;;;;;;;;;;;;;
;;;;;;;;;;;;;;;;;;;;;
;;;;;;;;;;;;;;;;;;;;;
;;;;;;;;;;;;;;;;;;;;;
;;;;;;;;;;;;;;;;;;;;;
;;;;;;;;;;;;;;;;;;;;;
;;;;;;;;;;;;;;;;;;;;;
;;;;;;;;;;;;;;;;;;;;;
;;;;;;;;;;;;;;;;;;;;;
;;;;;;;;;;;;;;;;;;;;;
;;;;;;;;;;;;;;;;;;;;;
;;;;;;;;;;;;;;;;;;;;;
;;;;;;;;;;;;;;;;;;;;;
;;;;;;;;;;;;;;;;;;;;;
;;;;;;;;;;;;;;;;;;;;;
;;;;;;;;;;;;;;;;;;;;;
;;;;;;;;;;;;;;;;;;;;;
;;;;;;;;;;;;;;;;;;;;;
;;;;;;;;;;;;;;;;;;;;;
;;;;;;;;;;;;;;;;;;;;;
;;;;;;;;;;;;;;;;;;;;;
;;;;;;;;;;;;;;;;;;;;;
;;;;;;;;;;;;;;;;;;;;;
;;;;;;;;;;;;;;;;;;;;;
;;;;;;;;;;;;;;;;;;;;;
;;;;;;;;;;;;;;;;;;;;;
;;;;;;;;;;;;;;;;;;;;;
;;;;;;;;;;;;;;;;;;;;;
;;;;;;;;;;;;;;;;;;;;;
;;;;;;;;;;;;;;;;;;;;;
;;;;;;;;;;;;;;;;;;;;;
;;;;;;;;;;;;;;;;;;;;;
;;;;;;;;;;;;;;;;;;;;;
;;;;;;;;;;;;;;;;;;;;;
;;;;;;;;;;;;;;;;;;;;;
;;;;;;;;;;;;;;;;;;;;;
;;;;;;;;;;;;;;;;;;;;;
;;;;;;;;;;;;;;;;;;;;;
;;;;;;;;;;;;;;;;;;;;;
;;;;;;;;;;;;;;;;;;;;;
;;;;;;;;;;;;;;;;;;;;;
;;;;;;;;;;;;;;;;;;;;;
;;;;;;;;;;;;;;;;;;;;;
;;;;;;;;;;;;;;;;;;;;;
;;;;;;;;;;;;;;;;;;;;;
;;;;;;;;;;;;;;;;;;;;;
;;;;;;;;;;;;;;;;;;;;;
;;;;;;;;;;;;;;;;;;;;;
;;;;;;;;;;;;;;;;;;;;;
;;;;;;;;;;;;;;;;;;;;;
;;;;;;;;;;;;;;;;;;;;;
;;;;;;;;;;;;;;;;;;;;;
