Date;Time;G;Tournament;Map;Mode;Opponent;;Vs. Opponent;VOD;Civ1;Civ2;Win;Mirror;Civ List;Picks;Wins;Win Rate;CDPS Score;Thames;Total matches;33
26/01/2026;17:00 UTC;[Age of Empires II];Red Bull Wololo: Londinium Age of Empires II: Last-Chance Qualifier [Red Bull Wololo/Londinium/AoE2/Qualifier];Thames [Thames];1v1;Sebastian [Sebastian] [Uruguay] [Uruguay] [Vietnamese] [Vietnamese];>;TheViper [Mayans] [Mayans] [Norway] [Norway] [TheViper];(G2) [Watch VOD] [Watch VOD];Vietnamese;Mayans;Vietnamese;FALSE;Armenians;0;0;0%;0,00;Thames;;
26/01/2026;15:00 UTC;[Age of Empires II];Red Bull Wololo: Londinium Age of Empires II: Last-Chance Qualifier [Red Bull Wololo/Londinium/AoE2/Qualifier];Thames [Thames];1v1;Sebastian [Sebastian] [Uruguay] [Uruguay] [Vietnamese] [Vietnamese];>;Sitaux [Vikings] [Vikings] [France] [France] [Sitaux];(G3) [Watch VOD] [Watch VOD];Vietnamese;Vikings;Vietnamese;FALSE;Aztecs;0;0;0%;0,00;Thames;;
25/01/2026;18:10 UTC;[Age of Empires II];Red Bull Wololo: Londinium Age of Empires II: Last-Chance Qualifier [Red Bull Wololo/Londinium/AoE2/Qualifier];Thames [Thames];1v1;Lewis [Lewis] [United Kingdom] [United Kingdom] [Italians] [Italians];>;MbL [Saracens] [Saracens] [Norway] [Norway] [MbL];(G3) [Watch VOD] [Watch VOD];Italians;Saracens;Italians;FALSE;Bengalis;0;0;0%;0,00;Thames;;
25/01/2026;15:50 UTC;[Age of Empires II];Red Bull Wololo: Londinium Age of Empires II: Last-Chance Qualifier [Red Bull Wololo/Londinium/AoE2/Qualifier];Thames [Thames];1v1;Yo [Yo] [China] [China] [Wei] [Wei];>;Barles [Dravidians] [Dravidians] [Poland] [Poland] [Barles];(G2) [Watch VOD] [Watch VOD];Wei;Dravidians;Wei;FALSE;Berbers;0;0;0%;0,00;Thames;;
25/01/2026;14:00 UTC;[Age of Empires II];Red Bull Wololo: Londinium Age of Empires II: Last-Chance Qualifier [Red Bull Wololo/Londinium/AoE2/Qualifier];Thames [Thames];1v1;Yo [Yo] [China] [China] [Vietnamese] [Vietnamese];>;TaToH [Hindustanis] [Hindustanis] [Spain] [Spain] [TaToH];(G1) [Watch VOD] [Watch VOD];Vietnamese;Hindustanis;Vietnamese;FALSE;Bohemians;0;0;0%;0,00;Thames;;
25/01/2026;13:10 UTC;[Age of Empires II];Red Bull Wololo: Londinium Age of Empires II: Last-Chance Qualifier [Red Bull Wololo/Londinium/AoE2/Qualifier];Thames [Thames];1v1;Vivi [Vivi] [China] [China] [Khitans] [Khitans];<;Vinchester [Wei] [Wei] [Russia] [Russia] [Vinchester];(G4) [Watch VOD] [Watch VOD];Khitans;Wei;Wei;FALSE;Britons;0;0;0%;0,00;Thames;;
24/01/2026;20:00 UTC;[Age of Empires II];Red Bull Wololo: Londinium Age of Empires II: Last-Chance Qualifier [Red Bull Wololo/Londinium/AoE2/Qualifier];Thames [Thames];1v1;Vivi [Vivi] [China] [China] [Byzantines] [Byzantines];>;sora kuma [Jurchens] [Jurchens] [Taiwan] [Taiwan] [Sora Kuma];(G5) [Watch VOD] [Watch VOD];Byzantines;Jurchens;Byzantines;FALSE;Bulgarians;0;0;0%;0,00;Thames;;
24/01/2026;20:00 UTC;[Age of Empires II];Red Bull Wololo: Londinium Age of Empires II: Last-Chance Qualifier [Red Bull Wololo/Londinium/AoE2/Qualifier];Thames [Thames];1v1;Capoch [Capoch] [Argentina] [Argentina] [Shu] [Shu];<;Yo [Magyars] [Magyars] [China] [China] [Yo];(G2) [Watch VOD] [Watch VOD];Shu;Magyars;Magyars;FALSE;Burgundians;1;0;0%;0,00;Thames;;
24/01/2026;17:00 UTC;[Age of Empires II];Red Bull Wololo: Londinium Age of Empires II: Last-Chance Qualifier [Red Bull Wololo/Londinium/AoE2/Qualifier];Thames [Thames];1v1;Ciskhan [Ciskhan] [France] [France] [Vietnamese] [Vietnamese];>;Mihai06 [Portuguese] [Portuguese] [Romania] [Romania] [Mihai06];;Vietnamese;Portuguese;Vietnamese;FALSE;Burmese;0;0;0%;0,00;Thames;;
24/01/2026;16:55 UTC;[Age of Empires II];Red Bull Wololo: Londinium Age of Empires II: Last-Chance Qualifier [Red Bull Wololo/Londinium/AoE2/Qualifier];Thames [Thames];1v1;KingstoNe [KingstoNe] [Mexico] [Mexico] [Wei] [Wei];<;Capoch [Khitans] [Khitans] [Argentina] [Argentina] [Capoch];(G5) [Watch VOD] [Watch VOD];Wei;Khitans;Khitans;FALSE;Byzantines;5;1;20%;8,52;Thames;;
24/01/2026;16:45 UTC;[Age of Empires II];Red Bull Wololo: Londinium Age of Empires II: Last-Chance Qualifier [Red Bull Wololo/Londinium/AoE2/Qualifier];Thames [Thames];1v1;sora kuma [Sora Kuma] [Taiwan] [Taiwan] [Portuguese] [Portuguese];>;Dark [Jurchens] [Jurchens] [Russia] [Russia] [Dark];(G4) [Watch VOD] [Watch VOD];Portuguese;Jurchens;Portuguese;FALSE;Celts;0;0;0%;0,00;Thames;;
24/01/2026;16:20 UTC;[Age of Empires II];Red Bull Wololo: Londinium Age of Empires II: Last-Chance Qualifier [Red Bull Wololo/Londinium/AoE2/Qualifier];Thames [Thames];1v1;JorDan_AoE [JorDan AoE] [Germany] [Germany] [Portuguese] [Portuguese];<;Vivi [Poles] [Poles] [China] [China] [Vivi];(G5) [Watch VOD] [Watch VOD];Portuguese;Poles;Poles;FALSE;Chinese;0;0;0%;0,00;Thames;;
24/01/2026;15:35 UTC;[Age of Empires II];Red Bull Wololo: Londinium Age of Empires II: Last-Chance Qualifier [Red Bull Wololo/Londinium/AoE2/Qualifier];Thames [Thames];1v1;Running [Running] [Germany] [Germany] [Khitans] [Khitans];<;Sebastian [Shu] [Shu] [Uruguay] [Uruguay] [Sebastian];(G4) [Watch VOD] [Watch VOD];Khitans;Shu;Shu;FALSE;Cumans;0;0;0%;0,00;Thames;;
24/01/2026;15:25 UTC;[Age of Empires II];Red Bull Wololo: Londinium Age of Empires II: Last-Chance Qualifier [Red Bull Wololo/Londinium/AoE2/Qualifier];Thames [Thames];1v1;Prisma09 [Prisma09] [Argentina] [Argentina] [Wei] [Wei];>;Villese [Saracens] [Saracens] [Finland] [Finland] [Villese];[Watch VOD] [Watch VOD];Wei;Saracens;Wei;FALSE;Dravidians;1;0;0%;0,00;Thames;;
24/01/2026;15:20 UTC;[Age of Empires II];Red Bull Wololo: Londinium Age of Empires II: Last-Chance Qualifier [Red Bull Wololo/Londinium/AoE2/Qualifier];Thames [Thames];1v1;eightspy [Eightspy (page does not exist)] [Netherlands] [Netherlands] [Incas] [Incas];<;Mihai06 [Vietnamese] [Vietnamese] [Romania] [Romania] [Mihai06];;Incas;Vietnamese;Vietnamese;FALSE;Ethiopians;0;0;0%;0,00;Thames;;
24/01/2026;14:45 UTC;[Age of Empires II];Red Bull Wololo: Londinium Age of Empires II: Last-Chance Qualifier [Red Bull Wololo/Londinium/AoE2/Qualifier];Thames [Thames];1v1;Aveee [Avee (page does not exist)] [Argentina] [Argentina] [Hindustanis] [Hindustanis];<;Vivi [Italians] [Italians] [China] [China] [Vivi];;Hindustanis;Italians;Italians;FALSE;Franks;0;0;0%;0,00;Thames;;
24/01/2026;14:30 UTC;[Age of Empires II];Red Bull Wololo: Londinium Age of Empires II: Last-Chance Qualifier [Red Bull Wololo/Londinium/AoE2/Qualifier];Thames [Thames];1v1;kiritastrich [Kiritastrich] [Russia] [Russia] [Gurjaras] [Gurjaras];<;Nicov [Khitans] [Khitans] [Argentina] [Argentina] [Nicov];;Gurjaras;Khitans;Khitans;FALSE;Georgians;1;0;0%;0,00;Thames;;
24/01/2026;14:30 UTC;[Age of Empires II];Red Bull Wololo: Londinium Age of Empires II: Last-Chance Qualifier [Red Bull Wololo/Londinium/AoE2/Qualifier];Thames [Thames];1v1;shiXo.# [ShiXo.] [Germany] [Germany] [Khitans] [Khitans];<;Lucho [Wei] [Wei] [Argentina] [Argentina] [Lucho];(G1) [Watch VOD] [Watch VOD];Khitans;Wei;Wei;FALSE;Goths;0;0;0%;0,00;Thames;;
24/01/2026;14:15 UTC;[Age of Empires II];Red Bull Wololo: Londinium Age of Empires II: Last-Chance Qualifier [Red Bull Wololo/Londinium/AoE2/Qualifier];Thames [Thames];1v1;Theos [Theos (page does not exist)] [Turkey] [Turkey] [Khitans] [Khitans];<;Yo [Saracens] [Saracens] [China] [China] [Yo];;Khitans;Saracens;Saracens;FALSE;Gurjaras;1;0;0%;0,00;Thames;;
24/01/2026;14:15 UTC;[Age of Empires II];Red Bull Wololo: Londinium Age of Empires II: Last-Chance Qualifier [Red Bull Wololo/Londinium/AoE2/Qualifier];Thames [Thames];1v1;Rodrixs [Rodrixs] [Argentina] [Argentina] [Khitans] [Khitans];<;Youpudding [Wei] [Wei] [Taiwan] [Taiwan] [Youpudding];;Khitans;Wei;Wei;FALSE;Hindustanis;4;2;50%;61,18;Thames;;
24/01/2026;14:00 UTC;[Age of Empires II];Red Bull Wololo: Londinium Age of Empires II: Last-Chance Qualifier [Red Bull Wololo/Londinium/AoE2/Qualifier];Thames [Thames];1v1;Lamo [Lamo] [Latvia] [Latvia] [Jurchens] [Jurchens];<;Z40 [Italians] [Italians] [Taiwan] [Taiwan] [Z40];(G1) [Watch VOD] [Watch VOD];Jurchens;Italians;Italians;FALSE;Huns;1;1;100%;77,21;Thames;;
24/01/2026;13:30 UTC;[Age of Empires II];Red Bull Wololo: Londinium Age of Empires II: Last-Chance Qualifier [Red Bull Wololo/Londinium/AoE2/Qualifier];Thames [Thames];1v1;Pl0tterGhost [Pl0tterGhost (page does not exist)] [Netherlands] [Netherlands] [Romans] [Romans];<;shiXo.# [Saracens] [Saracens] [Germany] [Germany] [ShiXo.];;Romans;Saracens;Saracens;FALSE;Incas;2;0;0%;0,00;Thames;;
24/01/2026;13:30 UTC;[Age of Empires II];Red Bull Wololo: Londinium Age of Empires II: Last-Chance Qualifier [Red Bull Wololo/Londinium/AoE2/Qualifier];Thames [Thames];1v1;sguu [Sguu (page does not exist)] [Estonia] [Estonia] [Byzantines] [Byzantines];<;aubin2000 [Khitans] [Khitans] [France] [France] [Aubin2000 (page does not exist)];;Byzantines;Khitans;Khitans;FALSE;Italians;5;5;100%;108,76;Thames;;
24/01/2026;13:30 UTC;[Age of Empires II];Red Bull Wololo: Londinium Age of Empires II: Last-Chance Qualifier [Red Bull Wololo/Londinium/AoE2/Qualifier];Thames [Thames];1v1;St4rk [St4rk] [Brazil] [Brazil] [Wei] [Wei];>;Overtaken [Georgians] [Georgians] [Estonia] [Estonia] [Overtaken];(G1) [Watch VOD] [Watch VOD];Wei;Georgians;Wei;FALSE;Japanese;0;0;0%;0,00;Thames;;
24/01/2026;13:30 UTC;[Age of Empires II];Red Bull Wololo: Londinium Age of Empires II: Last-Chance Qualifier [Red Bull Wololo/Londinium/AoE2/Qualifier];Thames [Thames];1v1;applet [Applet (page does not exist)] [Denmark] [Denmark] [Persians] [Persians];<;emalius2 [Hindustanis] [Hindustanis] [Finland] [Finland] [Emalius2];;Persians;Hindustanis;Hindustanis;FALSE;Jurchens;4;0;0%;0,00;Thames;;
24/01/2026;13:30 UTC;[Age of Empires II];Red Bull Wololo: Londinium Age of Empires II: Last-Chance Qualifier [Red Bull Wololo/Londinium/AoE2/Qualifier];Thames [Thames];1v1;EmperorNoob97 [EmperorNoob97 (page does not exist)] [United Kingdom] [United Kingdom] [Byzantines] [Byzantines];<;WaRRioR [Wei] [Wei] [Russia] [Russia] [WaRRioR];;Byzantines;Wei;Wei;FALSE;Khitans;9;4;44%;58,46;Thames;;
24/01/2026;13:30 UTC;[Age of Empires II];Red Bull Wololo: Londinium Age of Empires II: Last-Chance Qualifier [Red Bull Wololo/Londinium/AoE2/Qualifier];Thames [Thames];1v1;Nojo [Nojo (page does not exist)] [United States] [United States] [Byzantines] [Byzantines];<;OLADUSHEK [Italians] [Italians] [Belarus] [Belarus] [OLADUSHEK];;Byzantines;Italians;Italians;FALSE;Khmer;0;0;0%;0,00;Thames;;
24/01/2026;13:30 UTC;[Age of Empires II];Red Bull Wololo: Londinium Age of Empires II: Last-Chance Qualifier [Red Bull Wololo/Londinium/AoE2/Qualifier];Thames [Thames];1v1;MyrtleTurtle22 [MyrtleTurtle22 (page does not exist)] [United States] [United States] [Incas] [Incas];<;Eren_AoE [Hindustanis] [Hindustanis] [Mexico] [Mexico] [Eren AoE (page does not exist)];;Incas;Hindustanis;Hindustanis;FALSE;Koreans;0;0;0%;0,00;Thames;;
21/01/2026;15:00 UTC;[Age of Empires II];Red Bull Wololo: Londinium Age of Empires II: Ranked Ladder Qualifier [Red Bull Wololo/Londinium/AoE2/Ranked Ladder Qualifier];Thames [Thames];1v1;Vinchester [Vinchester] [Russia] [Russia] [Jurchens] [Jurchens];<;Hearttt [Italians] [Italians] [Peru] [Peru] [Hearttt];(G3) [Watch VOD] [Watch VOD];Jurchens;Italians;Italians;FALSE;Lithuanians;1;0;0%;0,00;Thames;;
03/01/2026;13:10 UTC;[Age of Empires II];Rusaoc Cup 175: Final of the Year 2025 [Rusaoc Cup/175];Thames [Thames];1v1;Vragorez [Vragorez] [Russia] [Russia] [Burgundians] [Burgundians];<;Vinchester [Persians] [Persians] [Russia] [Russia] [Vinchester];;Burgundians;Persians;Persians;FALSE;Magyars;2;1;50%;58,49;Thames;;
03/01/2026;13:10 UTC;[Age of Empires II];Rusaoc Cup 175: Final of the Year 2025 [Rusaoc Cup/175];Thames [Thames];1v1;LORDTOP99999 [LORDTOP99999 (page does not exist)] [Russia] [Russia] [Magyars] [Magyars];<;AntagonisT [Khitans] [Khitans] [Russia] [Russia] [IAnTaGoNiStI];;Magyars;Khitans;Khitans;FALSE;Malay;0;0;0%;0,00;Thames;;
03/01/2026;13:10 UTC;[Age of Empires II];Rusaoc Cup 175: Final of the Year 2025 [Rusaoc Cup/175];Thames [Thames];1v1;Dench [Dench] [Russia] [Russia] [Huns] [Huns];>;OLADUSHEK [Lithuanians] [Lithuanians] [Belarus] [Belarus] [OLADUSHEK];;Huns;Lithuanians;Huns;FALSE;Malians;0;0;0%;0,00;Thames;;
24/01/2025;15:15 UTC;[Age of Empires II];Red Bull Wololo: Londinium Age of Empires II: Last-Chance Qualifier [Red Bull Wololo/Londinium/AoE2/Qualifier];Thames [Thames];1v1;Valas [Valas] [Finland] [Finland] [Byzantines] [Byzantines];<;dogao [Saracens] [Saracens] [Brazil] [Brazil] [Dogao];;Byzantines;Saracens;Saracens;FALSE;Mapuche;0;0;0%;0,00;Thames;;
;;;;;;;;;;;;;;Mayans;1;0;0%;0,00;Thames;;
;;;;;;;;;;;;;;Mongols;0;0;0%;0,00;Thames;;
;;;;;;;;;;;;;;Muisca;0;0;0%;0,00;Thames;;
;;;;;;;;;;;;;;Persians;2;1;50%;58,49;Thames;;
;;;;;;;;;;;;;;Poles;1;1;100%;77,21;Thames;;
;;;;;;;;;;;;;;Portuguese;3;1;33%;32,73;Thames;;
;;;;;;;;;;;;;;Puru;0;0;0%;0,00;Thames;;
;;;;;;;;;;;;;;Romans;1;0;0%;0,00;Thames;;
;;;;;;;;;;;;;;Saracens;5;3;60%;71,42;Thames;;
;;;;;;;;;;;;;;Shu;2;1;50%;58,49;Thames;;
;;;;;;;;;;;;;;Sicilians;0;0;0%;0,00;Thames;;
;;;;;;;;;;;;;;Slavs;0;0;0%;0,00;Thames;;
;;;;;;;;;;;;;;Spanish;0;0;0%;0,00;Thames;;
;;;;;;;;;;;;;;Tatars;0;0;0%;0,00;Thames;;
;;;;;;;;;;;;;;Teutons;0;0;0%;0,00;Thames;;
;;;;;;;;;;;;;;Tupi;0;0;0%;0,00;Thames;;
;;;;;;;;;;;;;;Turks;0;0;0%;0,00;Thames;;
;;;;;;;;;;;;;;Vietnamese;5;5;100%;108,76;Thames;;
;;;;;;;;;;;;;;Vikings;1;0;0%;0,00;Thames;;
;;;;;;;;;;;;;;Wei;8;7;88%;103,83;Thames;;
;;;;;;;;;;;;;;Wu;0;0;0%;0,00;Thames;;
;;;;;;;;;;;;;;;;;;;;;
;;;;;;;;;;;;;;;;;;;;;
;;;;;;;;;;;;;;;;;;;;;
;;;;;;;;;;;;;;;;;;;;;
;;;;;;;;;;;;;;;;;;;;;
;;;;;;;;;;;;;;;;;;;;;
;;;;;;;;;;;;;;;;;;;;;
;;;;;;;;;;;;;;;;;;;;;
;;;;;;;;;;;;;;;;;;;;;
;;;;;;;;;;;;;;;;;;;;;
;;;;;;;;;;;;;;;;;;;;;
;;;;;;;;;;;;;;;;;;;;;
;;;;;;;;;;;;;;;;;;;;;
;;;;;;;;;;;;;;;;;;;;;
;;;;;;;;;;;;;;;;;;;;;
;;;;;;;;;;;;;;;;;;;;;
;;;;;;;;;;;;;;;;;;;;;
;;;;;;;;;;;;;;;;;;;;;
;;;;;;;;;;;;;;;;;;;;;
;;;;;;;;;;;;;;;;;;;;;
;;;;;;;;;;;;;;;;;;;;;
;;;;;;;;;;;;;;;;;;;;;
;;;;;;;;;;;;;;;;;;;;;
;;;;;;;;;;;;;;;;;;;;;
;;;;;;;;;;;;;;;;;;;;;
;;;;;;;;;;;;;;;;;;;;;
;;;;;;;;;;;;;;;;;;;;;
;;;;;;;;;;;;;;;;;;;;;
;;;;;;;;;;;;;;;;;;;;;
;;;;;;;;;;;;;;;;;;;;;
;;;;;;;;;;;;;;;;;;;;;
;;;;;;;;;;;;;;;;;;;;;
;;;;;;;;;;;;;;;;;;;;;
;;;;;;;;;;;;;;;;;;;;;
;;;;;;;;;;;;;;;;;;;;;
;;;;;;;;;;;;;;;;;;;;;
;;;;;;;;;;;;;;;;;;;;;
;;;;;;;;;;;;;;;;;;;;;
;;;;;;;;;;;;;;;;;;;;;
;;;;;;;;;;;;;;;;;;;;;
;;;;;;;;;;;;;;;;;;;;;
;;;;;;;;;;;;;;;;;;;;;
;;;;;;;;;;;;;;;;;;;;;
;;;;;;;;;;;;;;;;;;;;;
;;;;;;;;;;;;;;;;;;;;;
;;;;;;;;;;;;;;;;;;;;;
;;;;;;;;;;;;;;;;;;;;;
;;;;;;;;;;;;;;;;;;;;;
;;;;;;;;;;;;;;;;;;;;;
;;;;;;;;;;;;;;;;;;;;;
;;;;;;;;;;;;;;;;;;;;;
;;;;;;;;;;;;;;;;;;;;;
;;;;;;;;;;;;;;;;;;;;;
;;;;;;;;;;;;;;;;;;;;;
;;;;;;;;;;;;;;;;;;;;;
;;;;;;;;;;;;;;;;;;;;;
;;;;;;;;;;;;;;;;;;;;;
;;;;;;;;;;;;;;;;;;;;;
;;;;;;;;;;;;;;;;;;;;;
;;;;;;;;;;;;;;;;;;;;;
;;;;;;;;;;;;;;;;;;;;;
;;;;;;;;;;;;;;;;;;;;;
;;;;;;;;;;;;;;;;;;;;;
;;;;;;;;;;;;;;;;;;;;;
;;;;;;;;;;;;;;;;;;;;;
;;;;;;;;;;;;;;;;;;;;;
;;;;;;;;;;;;;;;;;;;;;
;;;;;;;;;;;;;;;;;;;;;
;;;;;;;;;;;;;;;;;;;;;
;;;;;;;;;;;;;;;;;;;;;
;;;;;;;;;;;;;;;;;;;;;
;;;;;;;;;;;;;;;;;;;;;
;;;;;;;;;;;;;;;;;;;;;
;;;;;;;;;;;;;;;;;;;;;
;;;;;;;;;;;;;;;;;;;;;
;;;;;;;;;;;;;;;;;;;;;
;;;;;;;;;;;;;;;;;;;;;
;;;;;;;;;;;;;;;;;;;;;
;;;;;;;;;;;;;;;;;;;;;
;;;;;;;;;;;;;;;;;;;;;
;;;;;;;;;;;;;;;;;;;;;
;;;;;;;;;;;;;;;;;;;;;
;;;;;;;;;;;;;;;;;;;;;
;;;;;;;;;;;;;;;;;;;;;
;;;;;;;;;;;;;;;;;;;;;
;;;;;;;;;;;;;;;;;;;;;
;;;;;;;;;;;;;;;;;;;;;
;;;;;;;;;;;;;;;;;;;;;
;;;;;;;;;;;;;;;;;;;;;
;;;;;;;;;;;;;;;;;;;;;
;;;;;;;;;;;;;;;;;;;;;
;;;;;;;;;;;;;;;;;;;;;
;;;;;;;;;;;;;;;;;;;;;
;;;;;;;;;;;;;;;;;;;;;
;;;;;;;;;;;;;;;;;;;;;
;;;;;;;;;;;;;;;;;;;;;
;;;;;;;;;;;;;;;;;;;;;
;;;;;;;;;;;;;;;;;;;;;
;;;;;;;;;;;;;;;;;;;;;
;;;;;;;;;;;;;;;;;;;;;
;;;;;;;;;;;;;;;;;;;;;
;;;;;;;;;;;;;;;;;;;;;
;;;;;;;;;;;;;;;;;;;;;
;;;;;;;;;;;;;;;;;;;;;
;;;;;;;;;;;;;;;;;;;;;
;;;;;;;;;;;;;;;;;;;;;
;;;;;;;;;;;;;;;;;;;;;
;;;;;;;;;;;;;;;;;;;;;
;;;;;;;;;;;;;;;;;;;;;
;;;;;;;;;;;;;;;;;;;;;
;;;;;;;;;;;;;;;;;;;;;
;;;;;;;;;;;;;;;;;;;;;
;;;;;;;;;;;;;;;;;;;;;
;;;;;;;;;;;;;;;;;;;;;
;;;;;;;;;;;;;;;;;;;;;
;;;;;;;;;;;;;;;;;;;;;
;;;;;;;;;;;;;;;;;;;;;
;;;;;;;;;;;;;;;;;;;;;
;;;;;;;;;;;;;;;;;;;;;
;;;;;;;;;;;;;;;;;;;;;
;;;;;;;;;;;;;;;;;;;;;
;;;;;;;;;;;;;;;;;;;;;
;;;;;;;;;;;;;;;;;;;;;
;;;;;;;;;;;;;;;;;;;;;
;;;;;;;;;;;;;;;;;;;;;
;;;;;;;;;;;;;;;;;;;;;
;;;;;;;;;;;;;;;;;;;;;
;;;;;;;;;;;;;;;;;;;;;
;;;;;;;;;;;;;;;;;;;;;
;;;;;;;;;;;;;;;;;;;;;
;;;;;;;;;;;;;;;;;;;;;
;;;;;;;;;;;;;;;;;;;;;
;;;;;;;;;;;;;;;;;;;;;
;;;;;;;;;;;;;;;;;;;;;
;;;;;;;;;;;;;;;;;;;;;
;;;;;;;;;;;;;;;;;;;;;
;;;;;;;;;;;;;;;;;;;;;
;;;;;;;;;;;;;;;;;;;;;
;;;;;;;;;;;;;;;;;;;;;
;;;;;;;;;;;;;;;;;;;;;
;;;;;;;;;;;;;;;;;;;;;
;;;;;;;;;;;;;;;;;;;;;
;;;;;;;;;;;;;;;;;;;;;
;;;;;;;;;;;;;;;;;;;;;
;;;;;;;;;;;;;;;;;;;;;
;;;;;;;;;;;;;;;;;;;;;
;;;;;;;;;;;;;;;;;;;;;
;;;;;;;;;;;;;;;;;;;;;
;;;;;;;;;;;;;;;;;;;;;
;;;;;;;;;;;;;;;;;;;;;
;;;;;;;;;;;;;;;;;;;;;
;;;;;;;;;;;;;;;;;;;;;
;;;;;;;;;;;;;;;;;;;;;
;;;;;;;;;;;;;;;;;;;;;
;;;;;;;;;;;;;;;;;;;;;
;;;;;;;;;;;;;;;;;;;;;
;;;;;;;;;;;;;;;;;;;;;
;;;;;;;;;;;;;;;;;;;;;
;;;;;;;;;;;;;;;;;;;;;
;;;;;;;;;;;;;;;;;;;;;
;;;;;;;;;;;;;;;;;;;;;
;;;;;;;;;;;;;;;;;;;;;
;;;;;;;;;;;;;;;;;;;;;
;;;;;;;;;;;;;;;;;;;;;
;;;;;;;;;;;;;;;;;;;;;
;;;;;;;;;;;;;;;;;;;;;
;;;;;;;;;;;;;;;;;;;;;
;;;;;;;;;;;;;;;;;;;;;
;;;;;;;;;;;;;;;;;;;;;
;;;;;;;;;;;;;;;;;;;;;
;;;;;;;;;;;;;;;;;;;;;
;;;;;;;;;;;;;;;;;;;;;
;;;;;;;;;;;;;;;;;;;;;
;;;;;;;;;;;;;;;;;;;;;
;;;;;;;;;;;;;;;;;;;;;
;;;;;;;;;;;;;;;;;;;;;
;;;;;;;;;;;;;;;;;;;;;
;;;;;;;;;;;;;;;;;;;;;
;;;;;;;;;;;;;;;;;;;;;
;;;;;;;;;;;;;;;;;;;;;
;;;;;;;;;;;;;;;;;;;;;
;;;;;;;;;;;;;;;;;;;;;
;;;;;;;;;;;;;;;;;;;;;
;;;;;;;;;;;;;;;;;;;;;
;;;;;;;;;;;;;;;;;;;;;
;;;;;;;;;;;;;;;;;;;;;
;;;;;;;;;;;;;;;;;;;;;
;;;;;;;;;;;;;;;;;;;;;
;;;;;;;;;;;;;;;;;;;;;
;;;;;;;;;;;;;;;;;;;;;
;;;;;;;;;;;;;;;;;;;;;
;;;;;;;;;;;;;;;;;;;;;
;;;;;;;;;;;;;;;;;;;;;
;;;;;;;;;;;;;;;;;;;;;
;;;;;;;;;;;;;;;;;;;;;
;;;;;;;;;;;;;;;;;;;;;
;;;;;;;;;;;;;;;;;;;;;
;;;;;;;;;;;;;;;;;;;;;
;;;;;;;;;;;;;;;;;;;;;
;;;;;;;;;;;;;;;;;;;;;
;;;;;;;;;;;;;;;;;;;;;
;;;;;;;;;;;;;;;;;;;;;
;;;;;;;;;;;;;;;;;;;;;
;;;;;;;;;;;;;;;;;;;;;
;;;;;;;;;;;;;;;;;;;;;
;;;;;;;;;;;;;;;;;;;;;
;;;;;;;;;;;;;;;;;;;;;
;;;;;;;;;;;;;;;;;;;;;
;;;;;;;;;;;;;;;;;;;;;
;;;;;;;;;;;;;;;;;;;;;
;;;;;;;;;;;;;;;;;;;;;
;;;;;;;;;;;;;;;;;;;;;
;;;;;;;;;;;;;;;;;;;;;
;;;;;;;;;;;;;;;;;;;;;
;;;;;;;;;;;;;;;;;;;;;
;;;;;;;;;;;;;;;;;;;;;
;;;;;;;;;;;;;;;;;;;;;
;;;;;;;;;;;;;;;;;;;;;
;;;;;;;;;;;;;;;;;;;;;
;;;;;;;;;;;;;;;;;;;;;
;;;;;;;;;;;;;;;;;;;;;
;;;;;;;;;;;;;;;;;;;;;
;;;;;;;;;;;;;;;;;;;;;
;;;;;;;;;;;;;;;;;;;;;
;;;;;;;;;;;;;;;;;;;;;
;;;;;;;;;;;;;;;;;;;;;
;;;;;;;;;;;;;;;;;;;;;
;;;;;;;;;;;;;;;;;;;;;
;;;;;;;;;;;;;;;;;;;;;
;;;;;;;;;;;;;;;;;;;;;
;;;;;;;;;;;;;;;;;;;;;
;;;;;;;;;;;;;;;;;;;;;
;;;;;;;;;;;;;;;;;;;;;
;;;;;;;;;;;;;;;;;;;;;
;;;;;;;;;;;;;;;;;;;;;
;;;;;;;;;;;;;;;;;;;;;
;;;;;;;;;;;;;;;;;;;;;
;;;;;;;;;;;;;;;;;;;;;
;;;;;;;;;;;;;;;;;;;;;
;;;;;;;;;;;;;;;;;;;;;
;;;;;;;;;;;;;;;;;;;;;
;;;;;;;;;;;;;;;;;;;;;
;;;;;;;;;;;;;;;;;;;;;
;;;;;;;;;;;;;;;;;;;;;
;;;;;;;;;;;;;;;;;;;;;
;;;;;;;;;;;;;;;;;;;;;
;;;;;;;;;;;;;;;;;;;;;
;;;;;;;;;;;;;;;;;;;;;
;;;;;;;;;;;;;;;;;;;;;
;;;;;;;;;;;;;;;;;;;;;
;;;;;;;;;;;;;;;;;;;;;
;;;;;;;;;;;;;;;;;;;;;
;;;;;;;;;;;;;;;;;;;;;
;;;;;;;;;;;;;;;;;;;;;
;;;;;;;;;;;;;;;;;;;;;
;;;;;;;;;;;;;;;;;;;;;
;;;;;;;;;;;;;;;;;;;;;
;;;;;;;;;;;;;;;;;;;;;
;;;;;;;;;;;;;;;;;;;;;
;;;;;;;;;;;;;;;;;;;;;
;;;;;;;;;;;;;;;;;;;;;
;;;;;;;;;;;;;;;;;;;;;
;;;;;;;;;;;;;;;;;;;;;
;;;;;;;;;;;;;;;;;;;;;
;;;;;;;;;;;;;;;;;;;;;
;;;;;;;;;;;;;;;;;;;;;
;;;;;;;;;;;;;;;;;;;;;
;;;;;;;;;;;;;;;;;;;;;
;;;;;;;;;;;;;;;;;;;;;
;;;;;;;;;;;;;;;;;;;;;
;;;;;;;;;;;;;;;;;;;;;
;;;;;;;;;;;;;;;;;;;;;
;;;;;;;;;;;;;;;;;;;;;
;;;;;;;;;;;;;;;;;;;;;
;;;;;;;;;;;;;;;;;;;;;
;;;;;;;;;;;;;;;;;;;;;
;;;;;;;;;;;;;;;;;;;;;
;;;;;;;;;;;;;;;;;;;;;
;;;;;;;;;;;;;;;;;;;;;
;;;;;;;;;;;;;;;;;;;;;
;;;;;;;;;;;;;;;;;;;;;
;;;;;;;;;;;;;;;;;;;;;
;;;;;;;;;;;;;;;;;;;;;
;;;;;;;;;;;;;;;;;;;;;
;;;;;;;;;;;;;;;;;;;;;
;;;;;;;;;;;;;;;;;;;;;
;;;;;;;;;;;;;;;;;;;;;
;;;;;;;;;;;;;;;;;;;;;
;;;;;;;;;;;;;;;;;;;;;
;;;;;;;;;;;;;;;;;;;;;
;;;;;;;;;;;;;;;;;;;;;
;;;;;;;;;;;;;;;;;;;;;
;;;;;;;;;;;;;;;;;;;;;
;;;;;;;;;;;;;;;;;;;;;
;;;;;;;;;;;;;;;;;;;;;
;;;;;;;;;;;;;;;;;;;;;
;;;;;;;;;;;;;;;;;;;;;
;;;;;;;;;;;;;;;;;;;;;
;;;;;;;;;;;;;;;;;;;;;
;;;;;;;;;;;;;;;;;;;;;
;;;;;;;;;;;;;;;;;;;;;
;;;;;;;;;;;;;;;;;;;;;
;;;;;;;;;;;;;;;;;;;;;
;;;;;;;;;;;;;;;;;;;;;
;;;;;;;;;;;;;;;;;;;;;
;;;;;;;;;;;;;;;;;;;;;
;;;;;;;;;;;;;;;;;;;;;
;;;;;;;;;;;;;;;;;;;;;
;;;;;;;;;;;;;;;;;;;;;
;;;;;;;;;;;;;;;;;;;;;
;;;;;;;;;;;;;;;;;;;;;
;;;;;;;;;;;;;;;;;;;;;
;;;;;;;;;;;;;;;;;;;;;
;;;;;;;;;;;;;;;;;;;;;
;;;;;;;;;;;;;;;;;;;;;
;;;;;;;;;;;;;;;;;;;;;
;;;;;;;;;;;;;;;;;;;;;
;;;;;;;;;;;;;;;;;;;;;
;;;;;;;;;;;;;;;;;;;;;
;;;;;;;;;;;;;;;;;;;;;
;;;;;;;;;;;;;;;;;;;;;
;;;;;;;;;;;;;;;;;;;;;
;;;;;;;;;;;;;;;;;;;;;
;;;;;;;;;;;;;;;;;;;;;
;;;;;;;;;;;;;;;;;;;;;
;;;;;;;;;;;;;;;;;;;;;
;;;;;;;;;;;;;;;;;;;;;
;;;;;;;;;;;;;;;;;;;;;
;;;;;;;;;;;;;;;;;;;;;
;;;;;;;;;;;;;;;;;;;;;
;;;;;;;;;;;;;;;;;;;;;
;;;;;;;;;;;;;;;;;;;;;
;;;;;;;;;;;;;;;;;;;;;
;;;;;;;;;;;;;;;;;;;;;
;;;;;;;;;;;;;;;;;;;;;
;;;;;;;;;;;;;;;;;;;;;
;;;;;;;;;;;;;;;;;;;;;
;;;;;;;;;;;;;;;;;;;;;
;;;;;;;;;;;;;;;;;;;;;
;;;;;;;;;;;;;;;;;;;;;
;;;;;;;;;;;;;;;;;;;;;
;;;;;;;;;;;;;;;;;;;;;
;;;;;;;;;;;;;;;;;;;;;
;;;;;;;;;;;;;;;;;;;;;
;;;;;;;;;;;;;;;;;;;;;
;;;;;;;;;;;;;;;;;;;;;
;;;;;;;;;;;;;;;;;;;;;
;;;;;;;;;;;;;;;;;;;;;
;;;;;;;;;;;;;;;;;;;;;
;;;;;;;;;;;;;;;;;;;;;
;;;;;;;;;;;;;;;;;;;;;
;;;;;;;;;;;;;;;;;;;;;
;;;;;;;;;;;;;;;;;;;;;
;;;;;;;;;;;;;;;;;;;;;
;;;;;;;;;;;;;;;;;;;;;
;;;;;;;;;;;;;;;;;;;;;
;;;;;;;;;;;;;;;;;;;;;
;;;;;;;;;;;;;;;;;;;;;
;;;;;;;;;;;;;;;;;;;;;
;;;;;;;;;;;;;;;;;;;;;
;;;;;;;;;;;;;;;;;;;;;
;;;;;;;;;;;;;;;;;;;;;
;;;;;;;;;;;;;;;;;;;;;
;;;;;;;;;;;;;;;;;;;;;
;;;;;;;;;;;;;;;;;;;;;
;;;;;;;;;;;;;;;;;;;;;
;;;;;;;;;;;;;;;;;;;;;
;;;;;;;;;;;;;;;;;;;;;
;;;;;;;;;;;;;;;;;;;;;
;;;;;;;;;;;;;;;;;;;;;
;;;;;;;;;;;;;;;;;;;;;
;;;;;;;;;;;;;;;;;;;;;
;;;;;;;;;;;;;;;;;;;;;
;;;;;;;;;;;;;;;;;;;;;
;;;;;;;;;;;;;;;;;;;;;
;;;;;;;;;;;;;;;;;;;;;
;;;;;;;;;;;;;;;;;;;;;
;;;;;;;;;;;;;;;;;;;;;
;;;;;;;;;;;;;;;;;;;;;
;;;;;;;;;;;;;;;;;;;;;
;;;;;;;;;;;;;;;;;;;;;
;;;;;;;;;;;;;;;;;;;;;
;;;;;;;;;;;;;;;;;;;;;
;;;;;;;;;;;;;;;;;;;;;
;;;;;;;;;;;;;;;;;;;;;
;;;;;;;;;;;;;;;;;;;;;
;;;;;;;;;;;;;;;;;;;;;
;;;;;;;;;;;;;;;;;;;;;
;;;;;;;;;;;;;;;;;;;;;
;;;;;;;;;;;;;;;;;;;;;
;;;;;;;;;;;;;;;;;;;;;
;;;;;;;;;;;;;;;;;;;;;
;;;;;;;;;;;;;;;;;;;;;
;;;;;;;;;;;;;;;;;;;;;
;;;;;;;;;;;;;;;;;;;;;
;;;;;;;;;;;;;;;;;;;;;
;;;;;;;;;;;;;;;;;;;;;
;;;;;;;;;;;;;;;;;;;;;
;;;;;;;;;;;;;;;;;;;;;
;;;;;;;;;;;;;;;;;;;;;
;;;;;;;;;;;;;;;;;;;;;
;;;;;;;;;;;;;;;;;;;;;
;;;;;;;;;;;;;;;;;;;;;
;;;;;;;;;;;;;;;;;;;;;
;;;;;;;;;;;;;;;;;;;;;
;;;;;;;;;;;;;;;;;;;;;
;;;;;;;;;;;;;;;;;;;;;
;;;;;;;;;;;;;;;;;;;;;
;;;;;;;;;;;;;;;;;;;;;
;;;;;;;;;;;;;;;;;;;;;
;;;;;;;;;;;;;;;;;;;;;
;;;;;;;;;;;;;;;;;;;;;
;;;;;;;;;;;;;;;;;;;;;
;;;;;;;;;;;;;;;;;;;;;
;;;;;;;;;;;;;;;;;;;;;
;;;;;;;;;;;;;;;;;;;;;
;;;;;;;;;;;;;;;;;;;;;
;;;;;;;;;;;;;;;;;;;;;
;;;;;;;;;;;;;;;;;;;;;
;;;;;;;;;;;;;;;;;;;;;
;;;;;;;;;;;;;;;;;;;;;
;;;;;;;;;;;;;;;;;;;;;
;;;;;;;;;;;;;;;;;;;;;
;;;;;;;;;;;;;;;;;;;;;
;;;;;;;;;;;;;;;;;;;;;
;;;;;;;;;;;;;;;;;;;;;
;;;;;;;;;;;;;;;;;;;;;
;;;;;;;;;;;;;;;;;;;;;
;;;;;;;;;;;;;;;;;;;;;
;;;;;;;;;;;;;;;;;;;;;
;;;;;;;;;;;;;;;;;;;;;
;;;;;;;;;;;;;;;;;;;;;
;;;;;;;;;;;;;;;;;;;;;
;;;;;;;;;;;;;;;;;;;;;
;;;;;;;;;;;;;;;;;;;;;
;;;;;;;;;;;;;;;;;;;;;
;;;;;;;;;;;;;;;;;;;;;
;;;;;;;;;;;;;;;;;;;;;
;;;;;;;;;;;;;;;;;;;;;
;;;;;;;;;;;;;;;;;;;;;
;;;;;;;;;;;;;;;;;;;;;
;;;;;;;;;;;;;;;;;;;;;
;;;;;;;;;;;;;;;;;;;;;
;;;;;;;;;;;;;;;;;;;;;
;;;;;;;;;;;;;;;;;;;;;
;;;;;;;;;;;;;;;;;;;;;
;;;;;;;;;;;;;;;;;;;;;
;;;;;;;;;;;;;;;;;;;;;
;;;;;;;;;;;;;;;;;;;;;
;;;;;;;;;;;;;;;;;;;;;
;;;;;;;;;;;;;;;;;;;;;
;;;;;;;;;;;;;;;;;;;;;
;;;;;;;;;;;;;;;;;;;;;
;;;;;;;;;;;;;;;;;;;;;
;;;;;;;;;;;;;;;;;;;;;
;;;;;;;;;;;;;;;;;;;;;
;;;;;;;;;;;;;;;;;;;;;
;;;;;;;;;;;;;;;;;;;;;
;;;;;;;;;;;;;;;;;;;;;
;;;;;;;;;;;;;;;;;;;;;
;;;;;;;;;;;;;;;;;;;;;
;;;;;;;;;;;;;;;;;;;;;
;;;;;;;;;;;;;;;;;;;;;
;;;;;;;;;;;;;;;;;;;;;
;;;;;;;;;;;;;;;;;;;;;
;;;;;;;;;;;;;;;;;;;;;
;;;;;;;;;;;;;;;;;;;;;
;;;;;;;;;;;;;;;;;;;;;
;;;;;;;;;;;;;;;;;;;;;
;;;;;;;;;;;;;;;;;;;;;
;;;;;;;;;;;;;;;;;;;;;
;;;;;;;;;;;;;;;;;;;;;
;;;;;;;;;;;;;;;;;;;;;
;;;;;;;;;;;;;;;;;;;;;
;;;;;;;;;;;;;;;;;;;;;
;;;;;;;;;;;;;;;;;;;;;
;;;;;;;;;;;;;;;;;;;;;
;;;;;;;;;;;;;;;;;;;;;
;;;;;;;;;;;;;;;;;;;;;
;;;;;;;;;;;;;;;;;;;;;
;;;;;;;;;;;;;;;;;;;;;
;;;;;;;;;;;;;;;;;;;;;
;;;;;;;;;;;;;;;;;;;;;
;;;;;;;;;;;;;;;;;;;;;
;;;;;;;;;;;;;;;;;;;;;
;;;;;;;;;;;;;;;;;;;;;
;;;;;;;;;;;;;;;;;;;;;
;;;;;;;;;;;;;;;;;;;;;
;;;;;;;;;;;;;;;;;;;;;
;;;;;;;;;;;;;;;;;;;;;
;;;;;;;;;;;;;;;;;;;;;
;;;;;;;;;;;;;;;;;;;;;
;;;;;;;;;;;;;;;;;;;;;
;;;;;;;;;;;;;;;;;;;;;
;;;;;;;;;;;;;;;;;;;;;
;;;;;;;;;;;;;;;;;;;;;
;;;;;;;;;;;;;;;;;;;;;
;;;;;;;;;;;;;;;;;;;;;
;;;;;;;;;;;;;;;;;;;;;
;;;;;;;;;;;;;;;;;;;;;
;;;;;;;;;;;;;;;;;;;;;
;;;;;;;;;;;;;;;;;;;;;
;;;;;;;;;;;;;;;;;;;;;
;;;;;;;;;;;;;;;;;;;;;
;;;;;;;;;;;;;;;;;;;;;
;;;;;;;;;;;;;;;;;;;;;
;;;;;;;;;;;;;;;;;;;;;
;;;;;;;;;;;;;;;;;;;;;
;;;;;;;;;;;;;;;;;;;;;
;;;;;;;;;;;;;;;;;;;;;
;;;;;;;;;;;;;;;;;;;;;
;;;;;;;;;;;;;;;;;;;;;
;;;;;;;;;;;;;;;;;;;;;
;;;;;;;;;;;;;;;;;;;;;
;;;;;;;;;;;;;;;;;;;;;
;;;;;;;;;;;;;;;;;;;;;
;;;;;;;;;;;;;;;;;;;;;
;;;;;;;;;;;;;;;;;;;;;
;;;;;;;;;;;;;;;;;;;;;
;;;;;;;;;;;;;;;;;;;;;
;;;;;;;;;;;;;;;;;;;;;
;;;;;;;;;;;;;;;;;;;;;
;;;;;;;;;;;;;;;;;;;;;
;;;;;;;;;;;;;;;;;;;;;
;;;;;;;;;;;;;;;;;;;;;
;;;;;;;;;;;;;;;;;;;;;
;;;;;;;;;;;;;;;;;;;;;
;;;;;;;;;;;;;;;;;;;;;
;;;;;;;;;;;;;;;;;;;;;
;;;;;;;;;;;;;;;;;;;;;
;;;;;;;;;;;;;;;;;;;;;
;;;;;;;;;;;;;;;;;;;;;
;;;;;;;;;;;;;;;;;;;;;
;;;;;;;;;;;;;;;;;;;;;
;;;;;;;;;;;;;;;;;;;;;
;;;;;;;;;;;;;;;;;;;;;
;;;;;;;;;;;;;;;;;;;;;
;;;;;;;;;;;;;;;;;;;;;
;;;;;;;;;;;;;;;;;;;;;
;;;;;;;;;;;;;;;;;;;;;
;;;;;;;;;;;;;;;;;;;;;
;;;;;;;;;;;;;;;;;;;;;
;;;;;;;;;;;;;;;;;;;;;
;;;;;;;;;;;;;;;;;;;;;
;;;;;;;;;;;;;;;;;;;;;
;;;;;;;;;;;;;;;;;;;;;
;;;;;;;;;;;;;;;;;;;;;
;;;;;;;;;;;;;;;;;;;;;
;;;;;;;;;;;;;;;;;;;;;
;;;;;;;;;;;;;;;;;;;;;
;;;;;;;;;;;;;;;;;;;;;
;;;;;;;;;;;;;;;;;;;;;
;;;;;;;;;;;;;;;;;;;;;
;;;;;;;;;;;;;;;;;;;;;
;;;;;;;;;;;;;;;;;;;;;
;;;;;;;;;;;;;;;;;;;;;
;;;;;;;;;;;;;;;;;;;;;
;;;;;;;;;;;;;;;;;;;;;
;;;;;;;;;;;;;;;;;;;;;
;;;;;;;;;;;;;;;;;;;;;
;;;;;;;;;;;;;;;;;;;;;
;;;;;;;;;;;;;;;;;;;;;
;;;;;;;;;;;;;;;;;;;;;
;;;;;;;;;;;;;;;;;;;;;
;;;;;;;;;;;;;;;;;;;;;
;;;;;;;;;;;;;;;;;;;;;
;;;;;;;;;;;;;;;;;;;;;
;;;;;;;;;;;;;;;;;;;;;
;;;;;;;;;;;;;;;;;;;;;
;;;;;;;;;;;;;;;;;;;;;
;;;;;;;;;;;;;;;;;;;;;
;;;;;;;;;;;;;;;;;;;;;
;;;;;;;;;;;;;;;;;;;;;
;;;;;;;;;;;;;;;;;;;;;
;;;;;;;;;;;;;;;;;;;;;
;;;;;;;;;;;;;;;;;;;;;
;;;;;;;;;;;;;;;;;;;;;
;;;;;;;;;;;;;;;;;;;;;
;;;;;;;;;;;;;;;;;;;;;
;;;;;;;;;;;;;;;;;;;;;
;;;;;;;;;;;;;;;;;;;;;
;;;;;;;;;;;;;;;;;;;;;
;;;;;;;;;;;;;;;;;;;;;
;;;;;;;;;;;;;;;;;;;;;
;;;;;;;;;;;;;;;;;;;;;
;;;;;;;;;;;;;;;;;;;;;
;;;;;;;;;;;;;;;;;;;;;
;;;;;;;;;;;;;;;;;;;;;
;;;;;;;;;;;;;;;;;;;;;
;;;;;;;;;;;;;;;;;;;;;
;;;;;;;;;;;;;;;;;;;;;
;;;;;;;;;;;;;;;;;;;;;
;;;;;;;;;;;;;;;;;;;;;
;;;;;;;;;;;;;;;;;;;;;
;;;;;;;;;;;;;;;;;;;;;
;;;;;;;;;;;;;;;;;;;;;
;;;;;;;;;;;;;;;;;;;;;
;;;;;;;;;;;;;;;;;;;;;
;;;;;;;;;;;;;;;;;;;;;
;;;;;;;;;;;;;;;;;;;;;
;;;;;;;;;;;;;;;;;;;;;
;;;;;;;;;;;;;;;;;;;;;
;;;;;;;;;;;;;;;;;;;;;
;;;;;;;;;;;;;;;;;;;;;
;;;;;;;;;;;;;;;;;;;;;
;;;;;;;;;;;;;;;;;;;;;
;;;;;;;;;;;;;;;;;;;;;
;;;;;;;;;;;;;;;;;;;;;
;;;;;;;;;;;;;;;;;;;;;
;;;;;;;;;;;;;;;;;;;;;
;;;;;;;;;;;;;;;;;;;;;
;;;;;;;;;;;;;;;;;;;;;
;;;;;;;;;;;;;;;;;;;;;
;;;;;;;;;;;;;;;;;;;;;
;;;;;;;;;;;;;;;;;;;;;
;;;;;;;;;;;;;;;;;;;;;
;;;;;;;;;;;;;;;;;;;;;
;;;;;;;;;;;;;;;;;;;;;
;;;;;;;;;;;;;;;;;;;;;
;;;;;;;;;;;;;;;;;;;;;
;;;;;;;;;;;;;;;;;;;;;
;;;;;;;;;;;;;;;;;;;;;
;;;;;;;;;;;;;;;;;;;;;
;;;;;;;;;;;;;;;;;;;;;
;;;;;;;;;;;;;;;;;;;;;
;;;;;;;;;;;;;;;;;;;;;
;;;;;;;;;;;;;;;;;;;;;
;;;;;;;;;;;;;;;;;;;;;
;;;;;;;;;;;;;;;;;;;;;
;;;;;;;;;;;;;;;;;;;;;
;;;;;;;;;;;;;;;;;;;;;
;;;;;;;;;;;;;;;;;;;;;
;;;;;;;;;;;;;;;;;;;;;
;;;;;;;;;;;;;;;;;;;;;
;;;;;;;;;;;;;;;;;;;;;
;;;;;;;;;;;;;;;;;;;;;
;;;;;;;;;;;;;;;;;;;;;
;;;;;;;;;;;;;;;;;;;;;
;;;;;;;;;;;;;;;;;;;;;
;;;;;;;;;;;;;;;;;;;;;
;;;;;;;;;;;;;;;;;;;;;
;;;;;;;;;;;;;;;;;;;;;
;;;;;;;;;;;;;;;;;;;;;
;;;;;;;;;;;;;;;;;;;;;
;;;;;;;;;;;;;;;;;;;;;
;;;;;;;;;;;;;;;;;;;;;
;;;;;;;;;;;;;;;;;;;;;
;;;;;;;;;;;;;;;;;;;;;
;;;;;;;;;;;;;;;;;;;;;
;;;;;;;;;;;;;;;;;;;;;
;;;;;;;;;;;;;;;;;;;;;
;;;;;;;;;;;;;;;;;;;;;
;;;;;;;;;;;;;;;;;;;;;
;;;;;;;;;;;;;;;;;;;;;
;;;;;;;;;;;;;;;;;;;;;
;;;;;;;;;;;;;;;;;;;;;
;;;;;;;;;;;;;;;;;;;;;
;;;;;;;;;;;;;;;;;;;;;
;;;;;;;;;;;;;;;;;;;;;
;;;;;;;;;;;;;;;;;;;;;
;;;;;;;;;;;;;;;;;;;;;
;;;;;;;;;;;;;;;;;;;;;
;;;;;;;;;;;;;;;;;;;;;
;;;;;;;;;;;;;;;;;;;;;
;;;;;;;;;;;;;;;;;;;;;
;;;;;;;;;;;;;;;;;;;;;
;;;;;;;;;;;;;;;;;;;;;
;;;;;;;;;;;;;;;;;;;;;
;;;;;;;;;;;;;;;;;;;;;
;;;;;;;;;;;;;;;;;;;;;
;;;;;;;;;;;;;;;;;;;;;
;;;;;;;;;;;;;;;;;;;;;
;;;;;;;;;;;;;;;;;;;;;
;;;;;;;;;;;;;;;;;;;;;
;;;;;;;;;;;;;;;;;;;;;
;;;;;;;;;;;;;;;;;;;;;
;;;;;;;;;;;;;;;;;;;;;
;;;;;;;;;;;;;;;;;;;;;
;;;;;;;;;;;;;;;;;;;;;
;;;;;;;;;;;;;;;;;;;;;
;;;;;;;;;;;;;;;;;;;;;
;;;;;;;;;;;;;;;;;;;;;
;;;;;;;;;;;;;;;;;;;;;
;;;;;;;;;;;;;;;;;;;;;
;;;;;;;;;;;;;;;;;;;;;
;;;;;;;;;;;;;;;;;;;;;
;;;;;;;;;;;;;;;;;;;;;
;;;;;;;;;;;;;;;;;;;;;
;;;;;;;;;;;;;;;;;;;;;
;;;;;;;;;;;;;;;;;;;;;
;;;;;;;;;;;;;;;;;;;;;
;;;;;;;;;;;;;;;;;;;;;
;;;;;;;;;;;;;;;;;;;;;
;;;;;;;;;;;;;;;;;;;;;
;;;;;;;;;;;;;;;;;;;;;
;;;;;;;;;;;;;;;;;;;;;
;;;;;;;;;;;;;;;;;;;;;
;;;;;;;;;;;;;;;;;;;;;
;;;;;;;;;;;;;;;;;;;;;
;;;;;;;;;;;;;;;;;;;;;
;;;;;;;;;;;;;;;;;;;;;
;;;;;;;;;;;;;;;;;;;;;
;;;;;;;;;;;;;;;;;;;;;
;;;;;;;;;;;;;;;;;;;;;
;;;;;;;;;;;;;;;;;;;;;
;;;;;;;;;;;;;;;;;;;;;
;;;;;;;;;;;;;;;;;;;;;
;;;;;;;;;;;;;;;;;;;;;
;;;;;;;;;;;;;;;;;;;;;
;;;;;;;;;;;;;;;;;;;;;
;;;;;;;;;;;;;;;;;;;;;
;;;;;;;;;;;;;;;;;;;;;
;;;;;;;;;;;;;;;;;;;;;
;;;;;;;;;;;;;;;;;;;;;
;;;;;;;;;;;;;;;;;;;;;
;;;;;;;;;;;;;;;;;;;;;
;;;;;;;;;;;;;;;;;;;;;
;;;;;;;;;;;;;;;;;;;;;
;;;;;;;;;;;;;;;;;;;;;
;;;;;;;;;;;;;;;;;;;;;
;;;;;;;;;;;;;;;;;;;;;
;;;;;;;;;;;;;;;;;;;;;
;;;;;;;;;;;;;;;;;;;;;
;;;;;;;;;;;;;;;;;;;;;
;;;;;;;;;;;;;;;;;;;;;
;;;;;;;;;;;;;;;;;;;;;
;;;;;;;;;;;;;;;;;;;;;
;;;;;;;;;;;;;;;;;;;;;
;;;;;;;;;;;;;;;;;;;;;
;;;;;;;;;;;;;;;;;;;;;
;;;;;;;;;;;;;;;;;;;;;
;;;;;;;;;;;;;;;;;;;;;
;;;;;;;;;;;;;;;;;;;;;
;;;;;;;;;;;;;;;;;;;;;
;;;;;;;;;;;;;;;;;;;;;
;;;;;;;;;;;;;;;;;;;;;
;;;;;;;;;;;;;;;;;;;;;
;;;;;;;;;;;;;;;;;;;;;
;;;;;;;;;;;;;;;;;;;;;
;;;;;;;;;;;;;;;;;;;;;
;;;;;;;;;;;;;;;;;;;;;
;;;;;;;;;;;;;;;;;;;;;
;;;;;;;;;;;;;;;;;;;;;
;;;;;;;;;;;;;;;;;;;;;
;;;;;;;;;;;;;;;;;;;;;
;;;;;;;;;;;;;;;;;;;;;
;;;;;;;;;;;;;;;;;;;;;
;;;;;;;;;;;;;;;;;;;;;
;;;;;;;;;;;;;;;;;;;;;
;;;;;;;;;;;;;;;;;;;;;
;;;;;;;;;;;;;;;;;;;;;
;;;;;;;;;;;;;;;;;;;;;
;;;;;;;;;;;;;;;;;;;;;
;;;;;;;;;;;;;;;;;;;;;
;;;;;;;;;;;;;;;;;;;;;
;;;;;;;;;;;;;;;;;;;;;
;;;;;;;;;;;;;;;;;;;;;
;;;;;;;;;;;;;;;;;;;;;
;;;;;;;;;;;;;;;;;;;;;
;;;;;;;;;;;;;;;;;;;;;
;;;;;;;;;;;;;;;;;;;;;
;;;;;;;;;;;;;;;;;;;;;
;;;;;;;;;;;;;;;;;;;;;
;;;;;;;;;;;;;;;;;;;;;
;;;;;;;;;;;;;;;;;;;;;
;;;;;;;;;;;;;;;;;;;;;
;;;;;;;;;;;;;;;;;;;;;
;;;;;;;;;;;;;;;;;;;;;
;;;;;;;;;;;;;;;;;;;;;
;;;;;;;;;;;;;;;;;;;;;
;;;;;;;;;;;;;;;;;;;;;
;;;;;;;;;;;;;;;;;;;;;
;;;;;;;;;;;;;;;;;;;;;
;;;;;;;;;;;;;;;;;;;;;
;;;;;;;;;;;;;;;;;;;;;
;;;;;;;;;;;;;;;;;;;;;
;;;;;;;;;;;;;;;;;;;;;
;;;;;;;;;;;;;;;;;;;;;
;;;;;;;;;;;;;;;;;;;;;
;;;;;;;;;;;;;;;;;;;;;
;;;;;;;;;;;;;;;;;;;;;
;;;;;;;;;;;;;;;;;;;;;
;;;;;;;;;;;;;;;;;;;;;
;;;;;;;;;;;;;;;;;;;;;
;;;;;;;;;;;;;;;;;;;;;
;;;;;;;;;;;;;;;;;;;;;
;;;;;;;;;;;;;;;;;;;;;
;;;;;;;;;;;;;;;;;;;;;
;;;;;;;;;;;;;;;;;;;;;
;;;;;;;;;;;;;;;;;;;;;
;;;;;;;;;;;;;;;;;;;;;
;;;;;;;;;;;;;;;;;;;;;
;;;;;;;;;;;;;;;;;;;;;
;;;;;;;;;;;;;;;;;;;;;
;;;;;;;;;;;;;;;;;;;;;
;;;;;;;;;;;;;;;;;;;;;
;;;;;;;;;;;;;;;;;;;;;
;;;;;;;;;;;;;;;;;;;;;
;;;;;;;;;;;;;;;;;;;;;
;;;;;;;;;;;;;;;;;;;;;
;;;;;;;;;;;;;;;;;;;;;
;;;;;;;;;;;;;;;;;;;;;
;;;;;;;;;;;;;;;;;;;;;
;;;;;;;;;;;;;;;;;;;;;
;;;;;;;;;;;;;;;;;;;;;
;;;;;;;;;;;;;;;;;;;;;
;;;;;;;;;;;;;;;;;;;;;
;;;;;;;;;;;;;;;;;;;;;
;;;;;;;;;;;;;;;;;;;;;
;;;;;;;;;;;;;;;;;;;;;
;;;;;;;;;;;;;;;;;;;;;
;;;;;;;;;;;;;;;;;;;;;
;;;;;;;;;;;;;;;;;;;;;
;;;;;;;;;;;;;;;;;;;;;
;;;;;;;;;;;;;;;;;;;;;
;;;;;;;;;;;;;;;;;;;;;
;;;;;;;;;;;;;;;;;;;;;
;;;;;;;;;;;;;;;;;;;;;
;;;;;;;;;;;;;;;;;;;;;
;;;;;;;;;;;;;;;;;;;;;
;;;;;;;;;;;;;;;;;;;;;
;;;;;;;;;;;;;;;;;;;;;
;;;;;;;;;;;;;;;;;;;;;
;;;;;;;;;;;;;;;;;;;;;
;;;;;;;;;;;;;;;;;;;;;
;;;;;;;;;;;;;;;;;;;;;
;;;;;;;;;;;;;;;;;;;;;
;;;;;;;;;;;;;;;;;;;;;
;;;;;;;;;;;;;;;;;;;;;
;;;;;;;;;;;;;;;;;;;;;
;;;;;;;;;;;;;;;;;;;;;
;;;;;;;;;;;;;;;;;;;;;
;;;;;;;;;;;;;;;;;;;;;
;;;;;;;;;;;;;;;;;;;;;
;;;;;;;;;;;;;;;;;;;;;
;;;;;;;;;;;;;;;;;;;;;
;;;;;;;;;;;;;;;;;;;;;
;;;;;;;;;;;;;;;;;;;;;
;;;;;;;;;;;;;;;;;;;;;
;;;;;;;;;;;;;;;;;;;;;
;;;;;;;;;;;;;;;;;;;;;
;;;;;;;;;;;;;;;;;;;;;
;;;;;;;;;;;;;;;;;;;;;
;;;;;;;;;;;;;;;;;;;;;
;;;;;;;;;;;;;;;;;;;;;
;;;;;;;;;;;;;;;;;;;;;
;;;;;;;;;;;;;;;;;;;;;
;;;;;;;;;;;;;;;;;;;;;
;;;;;;;;;;;;;;;;;;;;;
;;;;;;;;;;;;;;;;;;;;;
;;;;;;;;;;;;;;;;;;;;;
;;;;;;;;;;;;;;;;;;;;;
;;;;;;;;;;;;;;;;;;;;;
;;;;;;;;;;;;;;;;;;;;;
;;;;;;;;;;;;;;;;;;;;;
;;;;;;;;;;;;;;;;;;;;;
;;;;;;;;;;;;;;;;;;;;;
;;;;;;;;;;;;;;;;;;;;;
;;;;;;;;;;;;;;;;;;;;;
;;;;;;;;;;;;;;;;;;;;;
;;;;;;;;;;;;;;;;;;;;;
;;;;;;;;;;;;;;;;;;;;;
